[1m[92m    Updating[0m crates.io index
[1m[92m    Updating[0m git repository `https://github.com/BE-Community-Dev/mc-motd.git`
[1m[92m    Updating[0m git repository `https://github.com/EasyTier/http_req.git`
[1m[92m    Updating[0m git repository `https://github.com/smoltcp-rs/smoltcp.git`
[1m[92m    Updating[0m git repository `https://github.com/EasyTier/tokio-websockets`
[1m[92m Downloading[0m crates ...
[1m[92m  Downloaded[0m bit-vec v0.9.1
[1m[92m  Downloaded[0m dpi v0.1.2
[1m[92m  Downloaded[0m equivalent v1.0.2
[1m[92m  Downloaded[0m foldhash v0.2.0
[1m[92m  Downloaded[0m futures-io v0.3.32
[1m[92m  Downloaded[0m futures-macro v0.3.32
[1m[92m  Downloaded[0m hash32 v0.3.1
[1m[92m  Downloaded[0m kv-log-macro v1.0.7
[1m[92m  Downloaded[0m nonempty v0.7.0
[1m[92m  Downloaded[0m paste v1.0.15
[1m[92m  Downloaded[0m pnet_packet v0.35.0
[1m[92m  Downloaded[0m prost-derive v0.14.3
[1m[92m  Downloaded[0m rand_chacha v0.9.0
[1m[92m  Downloaded[0m rust-embed-utils v8.9.0
[1m[92m  Downloaded[0m serde_derive v1.0.228
[1m[92m  Downloaded[0m sha2 v0.10.9
[1m[92m  Downloaded[0m smol_str v0.2.2
[1m[92m  Downloaded[0m sval_fmt v2.16.0
[1m[92m  Downloaded[0m tinyvec_macros v0.1.1
[1m[92m  Downloaded[0m unicode-bidi-mirroring v0.4.0
[1m[92m  Downloaded[0m windows-registry v0.4.0
[1m[92m  Downloaded[0m windows-result v0.4.1
[1m[92m  Downloaded[0m xmlwriter v0.1.0
[1m[92m  Downloaded[0m xmltree v0.12.0
[1m[92m  Downloaded[0m zune-core v0.5.0
[1m[92m  Downloaded[0m zeroize v1.8.2
[1m[92m  Downloaded[0m zeroize_derive v1.4.2
[1m[92m  Downloaded[0m zerovec-derive v0.11.2
[1m[92m  Downloaded[0m zmij v1.0.21
[1m[92m  Downloaded[0m zstd-safe v7.2.4
[1m[92m  Downloaded[0m webpki-root-certs v1.0.6
[1m[92m  Downloaded[0m zeno v0.3.3
[1m[92m  Downloaded[0m zed-async-tar v0.5.0-zed
[1m[92m  Downloaded[0m winnow v1.0.3
[1m[92m  Downloaded[0m winapi v0.3.9
[1m[92m  Downloaded[0m zerotrie v0.2.3
[1m[92m  Downloaded[0m yansi v1.0.1
[1m[92m  Downloaded[0m wasmparser v0.254.0
[1m[92m  Downloaded[0m zerovec v0.11.5
[1m[92m  Downloaded[0m zip v9.0.0-pre2
[1m[92m  Downloaded[0m zerocopy v0.7.35
[1m[92m  Downloaded[0m tinywasm-parser v0.10.0
[1m[92m  Downloaded[0m zed-reqwest v0.12.15-zed
[1m[92m  Downloaded[0m zlib-rs v0.6.3
[1m[92m  Downloaded[0m zerocopy-derive v0.8.39
[1m[92m  Downloaded[0m zerocopy v0.8.39
[1m[92m  Downloaded[0m webrtc-data v0.17.2
[1m[92m  Downloaded[0m snow v0.10.0
[1m[92m  Downloaded[0m winnow v0.7.14
[1m[92m  Downloaded[0m webpki-roots v1.0.6
[1m[92m  Downloaded[0m pxfm v0.1.26
[1m[92m  Downloaded[0m aws-lc-rs v1.16.1
[1m[92m  Downloaded[0m winit v0.30.13
[1m[92m  Downloaded[0m x509-parser v0.16.0
[1m[92m  Downloaded[0m widestring v1.2.1
[1m[92m  Downloaded[0m webrtc-sctp v0.17.2
[1m[92m  Downloaded[0m webrtc-util v0.17.2
[1m[92m  Downloaded[0m tokio v1.52.3
[1m[92m  Downloaded[0m x25519-dalek v2.0.1
[1m[92m  Downloaded[0m profiling v1.0.17
[1m[92m  Downloaded[0m zerocopy-derive v0.7.35
[1m[92m  Downloaded[0m winsafe v0.0.19
[1m[92m  Downloaded[0m yazi v0.2.1
[1m[92m  Downloaded[0m yasna v0.5.2
[1m[92m  Downloaded[0m zerofrom-derive v0.1.6
[1m[92m  Downloaded[0m windows_x86_64_msvc v0.48.5
[1m[92m  Downloaded[0m windows_x86_64_msvc v0.53.1
[1m[92m  Downloaded[0m windows_x86_64_msvc v0.52.6
[1m[92m  Downloaded[0m zerofrom v0.1.6
[1m[92m  Downloaded[0m yoke-derive v0.8.1
[1m[92m  Downloaded[0m yoke v0.8.1
[1m[92m  Downloaded[0m vcpkg v0.2.15
[1m[92m  Downloaded[0m sysinfo v0.39.5
[1m[92m  Downloaded[0m syn v3.0.3
[1m[92m  Downloaded[0m syn v2.0.111
[1m[92m  Downloaded[0m swash v0.2.6
[1m[92m  Downloaded[0m petgraph v0.8.3
[1m[92m  Downloaded[0m xxhash-rust v0.8.16
[1m[92m  Downloaded[0m webrtc-srtp v0.17.2
[1m[92m  Downloaded[0m webrtc-mdns v0.17.2
[1m[92m  Downloaded[0m usvg v0.45.1
[1m[92m  Downloaded[0m url v2.5.8
[1m[92m  Downloaded[0m ureq v3.3.0
[1m[92m  Downloaded[0m zstd v0.13.3
[1m[92m  Downloaded[0m webrtc-media v0.17.2
[1m[92m  Downloaded[0m unicode-width v0.2.2
[1m[92m  Downloaded[0m unicode-segmentation v1.13.3
[1m[92m  Downloaded[0m ttf-parser v0.25.1
[1m[92m  Downloaded[0m zstd-sys v2.0.16+zstd.1.5.7
[1m[92m  Downloaded[0m tower v0.5.2
[1m[92m  Downloaded[0m toml_edit v0.22.27
[1m[92m  Downloaded[0m taffy v0.11.0
[1m[92m  Downloaded[0m syn v1.0.109
[1m[92m  Downloaded[0m xmltree v0.10.3
[1m[92m  Downloaded[0m xml v1.2.0
[1m[92m  Downloaded[0m winreg v0.52.0
[1m[92m  Downloaded[0m winreg v0.50.0
[1m[92m  Downloaded[0m windows-threading v0.2.1
[1m[92m  Downloaded[0m sentry-log v0.49.0
[1m[92m  Downloaded[0m windows-targets v0.53.5
[1m[92m  Downloaded[0m windows-targets v0.52.6
[1m[92m  Downloaded[0m windows-targets v0.48.5
[1m[92m  Downloaded[0m windows-strings v0.5.1
[1m[92m  Downloaded[0m windows-strings v0.3.1
[1m[92m  Downloaded[0m windows-service v0.7.0
[1m[92m  Downloaded[0m turn v0.17.2
[1m[92m  Downloaded[0m tracing-subscriber v0.3.23
[1m[92m  Downloaded[0m tracing v0.1.44
[1m[92m  Downloaded[0m protoc-bin-vendored-macos-aarch_64 v3.2.0
[1m[92m  Downloaded[0m tower-http v0.6.8
[1m[92m  Downloaded[0m libwebp-sys2 v0.1.11
[1m[92m  Downloaded[0m toml_edit v0.25.12+spec-1.1.0
[1m[92m  Downloaded[0m tokio-util v0.7.17
[1m[92m  Downloaded[0m protoc-bin-vendored-macos-x86_64 v3.2.0
[1m[92m  Downloaded[0m sysinfo v0.38.0
[1m[92m  Downloaded[0m smol v2.0.2
[1m[92m  Downloaded[0m rustls v0.23.35
[1m[92m  Downloaded[0m rustix v1.1.4
[1m[92m  Downloaded[0m xml-rs v0.8.28
[1m[92m  Downloaded[0m writeable v0.6.2
[1m[92m  Downloaded[0m winres v0.1.12
[1m[92m  Downloaded[0m winreg v0.56.0
[1m[92m  Downloaded[0m webpki v0.22.4
[1m[92m  Downloaded[0m web_atoms v0.2.3
[1m[92m  Downloaded[0m walkdir v2.5.0
[1m[92m  Downloaded[0m unsafe-libyaml v0.2.11
[1m[92m  Downloaded[0m typenum v1.19.0
[1m[92m  Downloaded[0m typed-path v0.12.3
[1m[92m  Downloaded[0m tinywasm v0.10.0
[1m[92m  Downloaded[0m time v0.3.47
[1m[92m  Downloaded[0m windows-result v0.3.4
[1m[92m  Downloaded[0m zune-jpeg v0.5.5
[1m[92m  Downloaded[0m sentry-types v0.49.0
[1m[92m  Downloaded[0m windows v0.62.2
[1m[92m  Downloaded[0m windows-registry v0.6.1
[1m[92m  Downloaded[0m windows-interface v0.59.3
[1m[92m  Downloaded[0m windows-implement v0.60.2
[1m[92m  Downloaded[0m windows-core v0.62.2
[1m[92m  Downloaded[0m windows-collections v0.3.2
[1m[92m  Downloaded[0m winapi-util v0.1.11
[1m[92m  Downloaded[0m which v6.0.3
[1m[92m  Downloaded[0m weezl v0.1.12
[1m[92m  Downloaded[0m webpki-roots v0.26.11
[1m[92m  Downloaded[0m want v0.3.1
[1m[92m  Downloaded[0m ureq-proto v0.6.0
[1m[92m  Downloaded[0m tiny-skia v0.11.4
[1m[92m  Downloaded[0m windows-sys v0.59.0
[1m[92m  Downloaded[0m rustybuzz v0.20.1
[1m[92m  Downloaded[0m windows-numerics v0.3.1
[1m[92m  Downloaded[0m windows-link v0.2.1
[1m[92m  Downloaded[0m windows-link v0.1.3
[1m[92m  Downloaded[0m windows-future v0.3.2
[1m[92m  Downloaded[0m wildmatch v2.6.1
[1m[92m  Downloaded[0m waker-fn v1.2.0
[1m[92m  Downloaded[0m waitgroup v0.1.2
[1m[92m  Downloaded[0m version_check v0.9.5
[1m[92m  Downloaded[0m windows-sys v0.61.2
[1m[92m  Downloaded[0m windows-sys v0.60.2
[1m[92m  Downloaded[0m version-compare v0.2.1
[1m[92m  Downloaded[0m windows-sys v0.52.0
[1m[92m  Downloaded[0m protoc-bin-vendored-linux-aarch_64 v3.2.0
[1m[92m  Downloaded[0m value-bag-sval2 v1.12.0
[1m[92m  Downloaded[0m protoc-bin-vendored-linux-x86_64 v3.2.0
[1m[92m  Downloaded[0m windows-sys v0.48.0
[1m[92m  Downloaded[0m value-bag-serde1 v1.12.0
[1m[92m  Downloaded[0m value-bag v1.12.0
[1m[92m  Downloaded[0m uuid v1.23.4
[1m[92m  Downloaded[0m protoc-bin-vendored-win32 v3.2.0
[1m[92m  Downloaded[0m utf8parse v0.2.2
[1m[92m  Downloaded[0m utf8_iter v1.0.4
[1m[92m  Downloaded[0m utf8-zero v0.8.1
[1m[92m  Downloaded[0m utf-8 v0.7.6
[1m[92m  Downloaded[0m untrusted v0.9.0
[1m[92m  Downloaded[0m universal-hash v0.5.1
[1m[92m  Downloaded[0m unicode-xid v0.2.6
[1m[92m  Downloaded[0m unicode-width v0.1.11
[1m[92m  Downloaded[0m unicode-vo v0.1.0
[1m[92m  Downloaded[0m unicode-script v0.5.8
[1m[92m  Downloaded[0m protoc-bin-vendored-linux-x86_32 v3.2.0
[1m[92m  Downloaded[0m unicode-properties v0.1.4
[1m[92m  Downloaded[0m unicode-linebreak v0.1.5
[1m[92m  Downloaded[0m protoc-bin-vendored-linux-ppcle_64 v3.2.0
[1m[92m  Downloaded[0m unicode-ident v1.0.22
[1m[92m  Downloaded[0m unicode-ccc v0.4.0
[1m[92m  Downloaded[0m unicode-bidi v0.3.18
[1m[92m  Downloaded[0m typetag v0.2.23
[1m[92m  Downloaded[0m triomphe v0.1.15
[1m[92m  Downloaded[0m tracing-log v0.2.0
[1m[92m  Downloaded[0m tracing-core v0.1.36
[1m[92m  Downloaded[0m tracing-attributes v0.1.31
[1m[92m  Downloaded[0m tower-service v0.3.3
[1m[92m  Downloaded[0m tower-layer v0.3.3
[1m[92m  Downloaded[0m toml_writer v1.1.1+spec-1.1.0
[1m[92m  Downloaded[0m toml v1.1.2+spec-1.1.0
[1m[92m  Downloaded[0m toml v0.8.23
[1m[92m  Downloaded[0m toml v0.5.11
[1m[92m  Downloaded[0m tokio-stream v0.1.18
[1m[92m  Downloaded[0m tokio-rustls v0.26.4
[1m[92m  Downloaded[0m thiserror-impl v1.0.69
[1m[92m  Downloaded[0m tendril v0.4.3
[1m[92m  Downloaded[0m sval v2.16.0
[1m[92m  Downloaded[0m stun v0.17.2
[1m[92m  Downloaded[0m skrifa v0.40.0
[1m[92m  Downloaded[0m skrifa v0.37.0
[1m[92m  Downloaded[0m serde_json_lenient v0.2.4
[1m[92m  Downloaded[0m sentry v0.49.0
[1m[92m  Downloaded[0m rust-i18n-macro v3.1.5
[1m[92m  Downloaded[0m gpui-router-macros v0.3.0
[1m[92m  Downloaded[0m unicase v2.8.1
[1m[92m  Downloaded[0m uncased v0.9.10
[1m[92m  Downloaded[0m typetag-impl v0.2.23
[1m[92m  Downloaded[0m typeid v1.0.3
[1m[92m  Downloaded[0m try-lock v0.2.5
[1m[92m  Downloaded[0m trackable_derive v1.0.0
[1m[92m  Downloaded[0m trackable v1.3.0
[1m[92m  Downloaded[0m trackable v0.2.24
[1m[92m  Downloaded[0m toml_write v0.1.2
[1m[92m  Downloaded[0m toml_parser v1.1.2+spec-1.1.0
[1m[92m  Downloaded[0m toml_datetime v1.1.1+spec-1.1.0
[1m[92m  Downloaded[0m protoc-bin-vendored-linux-s390_64 v3.2.0
[1m[92m  Downloaded[0m toml_datetime v0.6.11
[1m[92m  Downloaded[0m tokio-socks v0.5.2
[1m[92m  Downloaded[0m tokio-native-tls v0.3.1
[1m[92m  Downloaded[0m tokio-macros v2.7.0
[1m[92m  Downloaded[0m tinywasm-types v0.10.0
[1m[92m  Downloaded[0m tinystr v0.8.2
[1m[92m  Downloaded[0m tiny-skia-path v0.11.4
[1m[92m  Downloaded[0m timedmap v1.0.1
[1m[92m  Downloaded[0m time-macros v0.2.27
[1m[92m  Downloaded[0m time-core v0.1.8
[1m[92m  Downloaded[0m thiserror-impl v2.0.18
[1m[92m  Downloaded[0m tempfile v3.27.0
[1m[92m  Downloaded[0m synstructure v0.13.2
[1m[92m  Downloaded[0m sval_serde v2.16.0
[1m[92m  Downloaded[0m sval_ref v2.16.0
[1m[92m  Downloaded[0m stacksafe v1.0.1
[1m[92m  Downloaded[0m socket2 v0.6.3
[1m[92m  Downloaded[0m slotmap v1.0.7
[1m[92m  Downloaded[0m serde_json v1.0.150
[1m[92m  Downloaded[0m serde v1.0.228
[1m[92m  Downloaded[0m sentry-core v0.49.0
[1m[92m  Downloaded[0m selectors v0.38.0
[1m[92m  Downloaded[0m rust-embed v8.9.0
[1m[92m  Downloaded[0m ring v0.17.14
[1m[92m  Downloaded[0m postage v0.5.0
[1m[92m  Downloaded[0m pelite v0.10.0
[1m[92m  Downloaded[0m tinyvec v1.10.0
[1m[92m  Downloaded[0m thread_local v1.1.9
[1m[92m  Downloaded[0m thiserror v2.0.18
[1m[92m  Downloaded[0m thiserror v1.0.69
[1m[92m  Downloaded[0m tendril v0.5.0
[1m[92m  Downloaded[0m take-until v0.2.0
[1m[92m  Downloaded[0m tagptr v0.2.0
[1m[92m  Downloaded[0m sys-locale v0.3.2
[1m[92m  Downloaded[0m sync_wrapper v1.0.2
[1m[92m  Downloaded[0m svgtypes v0.15.3
[1m[92m  Downloaded[0m sval_nested v2.16.0
[1m[92m  Downloaded[0m sval_json v2.16.0
[1m[92m  Downloaded[0m sval_dynamic v2.16.0
[1m[92m  Downloaded[0m stable_deref_trait v1.2.1
[1m[92m  Downloaded[0m spin v0.9.8
[1m[92m  Downloaded[0m socket2 v0.5.10
[1m[92m  Downloaded[0m snap v1.1.1
[1m[92m  Downloaded[0m slab v0.4.11
[1m[92m  Downloaded[0m servo_arc v0.4.3
[1m[92m  Downloaded[0m sdp v0.17.2
[1m[92m  Downloaded[0m rustversion v1.0.22
[1m[92m  Downloaded[0m rustls-native-certs v0.8.2
[1m[92m  Downloaded[0m rtp v0.17.2
[1m[92m  Downloaded[0m rkyv v0.8.17
[1m[92m  Downloaded[0m reqwest v0.13.4
[1m[92m  Downloaded[0m regex-syntax v0.8.11
[1m[92m  Downloaded[0m regex v1.12.4
[1m[92m  Downloaded[0m read-fonts v0.37.0
[1m[92m  Downloaded[0m rayon v1.12.0
[1m[92m  Downloaded[0m rand v0.9.4
[1m[92m  Downloaded[0m sval_buffer v2.16.0
[1m[92m  Downloaded[0m subtle v2.6.1
[1m[92m  Downloaded[0m substring v1.4.5
[1m[92m  Downloaded[0m stun_codec v0.3.5
[1m[92m  Downloaded[0m strum_macros v0.28.0
[1m[92m  Downloaded[0m strum_macros v0.27.2
[1m[92m  Downloaded[0m strum v0.28.0
[1m[92m  Downloaded[0m strum v0.27.2
[1m[92m  Downloaded[0m strsim v0.11.1
[1m[92m  Downloaded[0m string_cache_codegen v0.6.1
[1m[92m  Downloaded[0m string_cache v0.9.0
[1m[92m  Downloaded[0m strict-num v0.1.1
[1m[92m  Downloaded[0m static_assertions v1.1.0
[1m[92m  Downloaded[0m stacksafe-macro v1.0.1
[1m[92m  Downloaded[0m stacker v0.1.22
[1m[92m  Downloaded[0m spki v0.7.3
[1m[92m  Downloaded[0m spirv v0.4.0+sdk-1.4.341.0
[1m[92m  Downloaded[0m smol_str v0.3.6
[1m[92m  Downloaded[0m smallvec v1.15.1
[1m[92m  Downloaded[0m sha1_smol v1.0.1
[1m[92m  Downloaded[0m schannel v0.1.28
[1m[92m  Downloaded[0m rustls-webpki v0.103.8
[1m[92m  Downloaded[0m rustc_version v0.4.1
[1m[92m  Downloaded[0m rtcp v0.17.2
[1m[92m  Downloaded[0m resvg v0.45.1
[1m[92m  Downloaded[0m regex-automata v0.4.13
[1m[92m  Downloaded[0m read-fonts v0.35.0
[1m[92m  Downloaded[0m rcgen v0.13.2
[1m[92m  Downloaded[0m raw-cpuid v11.6.0
[1m[92m  Downloaded[0m rand v0.10.2
[1m[92m  Downloaded[0m rand v0.8.5
[1m[92m  Downloaded[0m quinn-proto v0.11.13
[1m[92m  Downloaded[0m siphasher v1.0.1
[1m[92m  Downloaded[0m simplecss v0.2.2
[1m[92m  Downloaded[0m simdutf8 v0.1.5
[1m[92m  Downloaded[0m simd-adler32 v0.3.7
[1m[92m  Downloaded[0m signature v2.2.0
[1m[92m  Downloaded[0m shlex v1.3.0
[1m[92m  Downloaded[0m shellexpand v3.1.1
[1m[92m  Downloaded[0m sharded-slab v0.1.7
[1m[92m  Downloaded[0m sha2 v0.11.0
[1m[92m  Downloaded[0m sha1 v0.10.6
[1m[92m  Downloaded[0m serde_yaml v0.9.34+deprecated
[1m[92m  Downloaded[0m serde_spanned v0.6.9
[1m[92m  Downloaded[0m rustls-platform-verifier v0.6.2
[1m[92m  Downloaded[0m rust-i18n-support v3.1.5
[1m[92m  Downloaded[0m rayon-core v1.13.0
[1m[92m  Downloaded[0m quinn v0.11.9
[1m[92m  Downloaded[0m pulldown-cmark v0.13.4
[1m[92m  Downloaded[0m prost-reflect v0.16.5
[1m[92m  Downloaded[0m libwebp-sys2 v0.2.0
[1m[92m  Downloaded[0m serde_urlencoded v0.7.1
[1m[92m  Downloaded[0m serde_spanned v1.1.1
[1m[92m  Downloaded[0m serde_fmt v1.1.0
[1m[92m  Downloaded[0m serde_derive_internals v0.29.1
[1m[92m  Downloaded[0m serde_core v1.0.228
[1m[92m  Downloaded[0m serde-value v0.7.0
[1m[92m  Downloaded[0m sentry-tracing v0.49.0
[1m[92m  Downloaded[0m sentry-contexts v0.49.0
[1m[92m  Downloaded[0m sentry-backtrace v0.49.0
[1m[92m  Downloaded[0m semver v1.0.28
[1m[92m  Downloaded[0m self_cell v1.2.2
[1m[92m  Downloaded[0m secrecy v0.10.3
[1m[92m  Downloaded[0m sec1 v0.7.3
[1m[92m  Downloaded[0m schemars v1.1.0
[1m[92m  Downloaded[0m rustc-hash v1.1.0
[1m[92m  Downloaded[0m portable-atomic v1.13.1
[1m[92m  Downloaded[0m naga v29.0.1
[1m[92m  Downloaded[0m logos v0.15.1
[1m[92m  Downloaded[0m libc v0.2.186
[1m[92m  Downloaded[0m seahash v4.1.0
[1m[92m  Downloaded[0m scraper v0.27.0
[1m[92m  Downloaded[0m scopeguard v1.2.0
[1m[92m  Downloaded[0m schemars_derive v1.1.0
[1m[92m  Downloaded[0m same-file v1.0.6
[1m[92m  Downloaded[0m ryu v1.0.20
[1m[92m  Downloaded[0m rustls-pki-types v1.13.1
[1m[92m  Downloaded[0m rustls-pemfile v2.2.0
[1m[92m  Downloaded[0m rusticata-macros v4.1.0
[1m[92m  Downloaded[0m rustc-hash v2.1.1
[1m[92m  Downloaded[0m rustc-demangle v0.1.27
[1m[92m  Downloaded[0m rust-i18n v3.1.5
[1m[92m  Downloaded[0m roxmltree v0.20.0
[1m[92m  Downloaded[0m rkyv_derive v0.8.17
[1m[92m  Downloaded[0m ringbuf v0.4.8
[1m[92m  Downloaded[0m rgb v0.8.52
[1m[92m  Downloaded[0m resolv-conf v0.7.6
[1m[92m  Downloaded[0m ref-cast v1.0.25
[1m[92m  Downloaded[0m rcgen v0.12.1
[1m[92m  Downloaded[0m raw-window-handle v0.6.2
[1m[92m  Downloaded[0m rangemap v1.7.1
[1m[92m  Downloaded[0m rand_core v0.6.4
[1m[92m  Downloaded[0m rancor v0.1.2
[1m[92m  Downloaded[0m quote v1.0.47
[1m[92m  Downloaded[0m quinn-udp v0.5.14
[1m[92m  Downloaded[0m prost-types v0.14.3
[1m[92m  Downloaded[0m prettyplease v0.2.37
[1m[92m  Downloaded[0m powerfmt v0.2.0
[1m[92m  Downloaded[0m postcard v1.1.3
[1m[92m  Downloaded[0m portable-atomic-util v0.2.5
[1m[92m  Downloaded[0m poly1305 v0.8.0
[1m[92m  Downloaded[0m polling v3.11.0
[1m[92m  Downloaded[0m jpeg-decoder v0.3.2
[1m[92m  Downloaded[0m gif v0.14.0
[1m[92m  Downloaded[0m rust-embed-impl v8.9.0
[1m[92m  Downloaded[0m rfd v0.17.2
[1m[92m  Downloaded[0m rfc6979 v0.4.0
[1m[92m  Downloaded[0m rend v0.5.4
[1m[92m  Downloaded[0m ref-cast-impl v1.0.25
[1m[92m  Downloaded[0m rand_core v0.10.0
[1m[92m  Downloaded[0m rand_core v0.9.3
[1m[92m  Downloaded[0m rand_chacha v0.3.1
[1m[92m  Downloaded[0m quick-error v2.0.1
[1m[92m  Downloaded[0m quanta v0.12.6
[1m[92m  Downloaded[0m pulldown-cmark-escape v0.11.0
[1m[92m  Downloaded[0m ptr_meta_derive v0.3.1
[1m[92m  Downloaded[0m psm v0.1.28
[1m[92m  Downloaded[0m protox-parse v0.9.0
[1m[92m  Downloaded[0m protox v0.9.1
[1m[92m  Downloaded[0m protoc-bin-vendored v3.2.0
[1m[92m  Downloaded[0m prost-wkt-types v0.7.1
[1m[92m  Downloaded[0m prost-wkt-build v0.7.1
[1m[92m  Downloaded[0m prost-wkt v0.7.1
[1m[92m  Downloaded[0m presser v0.3.1
[1m[92m  Downloaded[0m prefix-trie v0.7.0
[1m[92m  Downloaded[0m precomputed-hash v0.1.1
[1m[92m  Downloaded[0m ppv-lite86 v0.2.21
[1m[92m  Downloaded[0m potential_utf v0.1.4
[1m[92m  Downloaded[0m polyval v0.6.2
[1m[92m  Downloaded[0m pin-project-internal v1.1.10
[1m[92m  Downloaded[0m phf_codegen v0.13.1
[1m[92m  Downloaded[0m phf v0.13.1
[1m[92m  Downloaded[0m percent-encoding v2.3.2
[1m[92m  Downloaded[0m pem v3.0.6
[1m[92m  Downloaded[0m pelite-macros v0.1.1
[1m[92m  Downloaded[0m libmimalloc-sys v0.1.49
[1m[92m  Downloaded[0m atomic-shim v0.2.0
[1m[92m  Downloaded[0m ptr_meta v0.3.1
[1m[92m  Downloaded[0m prost-reflect-derive v0.16.1
[1m[92m  Downloaded[0m prost-reflect-build v0.16.0
[1m[92m  Downloaded[0m profiling-procmacros v1.0.17
[1m[92m  Downloaded[0m proc-macro2 v1.0.106
[1m[92m  Downloaded[0m proc-macro-error2 v2.0.1
[1m[92m  Downloaded[0m proc-macro-crate v3.5.0
[1m[92m  Downloaded[0m primeorder v0.13.6
[1m[92m  Downloaded[0m pollster v0.4.0
[1m[92m  Downloaded[0m pollster v0.2.5
[1m[92m  Downloaded[0m aws-lc-sys v0.38.0
[1m[92m  Downloaded[0m png v0.18.1
[1m[92m  Downloaded[0m png v0.17.16
[1m[92m  Downloaded[0m pin-utils v0.1.0
[1m[92m  Downloaded[0m pin-project-lite v0.2.16
[1m[92m  Downloaded[0m pin-project v1.1.10
[1m[92m  Downloaded[0m pico-args v0.5.0
[1m[92m  Downloaded[0m phf_shared v0.13.1
[1m[92m  Downloaded[0m phf_macros v0.13.1
[1m[92m  Downloaded[0m pem-rfc7468 v1.0.0
[1m[92m  Downloaded[0m pem-rfc7468 v0.7.0
[1m[92m  Downloaded[0m p384 v0.13.1
[1m[92m  Downloaded[0m object v0.32.2
[1m[92m  Downloaded[0m objc2-metal v0.3.2
[1m[92m  Downloaded[0m objc2-foundation v0.3.2
[1m[92m  Downloaded[0m objc2 v0.6.3
[1m[92m  Downloaded[0m nu-ansi-term v0.50.3
[1m[92m  Downloaded[0m nix v0.29.0
[1m[92m  Downloaded[0m moka v0.12.13
[1m[92m  Downloaded[0m mio v1.2.0
[1m[92m  Downloaded[0m minimal-lexical v0.2.1
[1m[92m  Downloaded[0m libz-ng-sys v1.1.29
[1m[92m  Downloaded[0m image v0.25.9
[1m[92m  Downloaded[0m brotli v8.0.2
[1m[92m  Downloaded[0m prost-build v0.14.3
[1m[92m  Downloaded[0m prost v0.14.3
[1m[92m  Downloaded[0m proc-macro-error-attr2 v2.0.0
[1m[92m  Downloaded[0m objc2-core-foundation v0.3.2
[1m[92m  Downloaded[0m ntapi v0.4.1
[1m[92m  Downloaded[0m nom v7.1.3
[1m[92m  Downloaded[0m moxcms v0.7.10
[1m[92m  Downloaded[0m miniz_oxide v0.8.9
[1m[92m  Downloaded[0m miette v7.6.0
[1m[92m  Downloaded[0m memchr v2.7.6
[1m[92m  Downloaded[0m lyon_tessellation v1.0.16
[1m[92m  Downloaded[0m libm v0.2.16
[1m[92m  Downloaded[0m kurbo v0.11.3
[1m[92m  Downloaded[0m itertools v0.14.0
[1m[92m  Downloaded[0m itertools v0.11.0
[1m[92m  Downloaded[0m iri-string v0.7.9
[1m[92m  Downloaded[0m indexmap v2.14.0
[1m[92m  Downloaded[0m idna v1.1.0
[1m[92m  Downloaded[0m icu_properties_data v2.1.1
[1m[92m  Downloaded[0m hickory-proto v0.25.2
[1m[92m  Downloaded[0m hashbrown v0.16.1
[1m[92m  Downloaded[0m h2 v0.4.12
[1m[92m  Downloaded[0m pnet_macros_support v0.35.0
[1m[92m  Downloaded[0m pnet_macros v0.35.0
[1m[92m  Downloaded[0m pnet_base v0.35.0
[1m[92m  Downloaded[0m pkg-config v0.3.32
[1m[92m  Downloaded[0m pkcs8 v0.10.2
[1m[92m  Downloaded[0m piper v0.2.4
[1m[92m  Downloaded[0m phf_generator v0.13.1
[1m[92m  Downloaded[0m pbjson-build v0.9.0
[1m[92m  Downloaded[0m pbjson v0.9.0
[1m[92m  Downloaded[0m p256 v0.13.2
[1m[92m  Downloaded[0m ordered_hash_map v0.5.0
[1m[92m  Downloaded[0m oid-registry v0.7.1
[1m[92m  Downloaded[0m objc2-encode v4.1.0
[1m[92m  Downloaded[0m num_cpus v1.17.0
[1m[92m  Downloaded[0m num-traits v0.2.19
[1m[92m  Downloaded[0m num-integer v0.1.46
[1m[92m  Downloaded[0m num-bigint v0.4.6
[1m[92m  Downloaded[0m notify v8.2.0
[1m[92m  Downloaded[0m new_debug_unreachable v1.0.6
[1m[92m  Downloaded[0m network-interface v2.0.5
[1m[92m  Downloaded[0m logos-derive v0.15.1
[1m[92m  Downloaded[0m keyring v3.6.3
[1m[92m  Downloaded[0m itoa v1.0.15
[1m[92m  Downloaded[0m ipnet v2.11.0
[1m[92m  Downloaded[0m interceptor v0.17.2
[1m[92m  Downloaded[0m image-webp v0.2.4
[1m[92m  Downloaded[0m ignore v0.4.25
[1m[92m  Downloaded[0m icu_normalizer v2.1.1
[1m[92m  Downloaded[0m icu_locale_core v2.1.1
[1m[92m  Downloaded[0m icu_collections v2.1.1
[1m[92m  Downloaded[0m hyper-util v0.1.18
[1m[92m  Downloaded[0m hyper v1.8.1
[1m[92m  Downloaded[0m http v1.4.0
[1m[92m  Downloaded[0m html5ever v0.39.0
[1m[92m  Downloaded[0m hkdf v0.12.4
[1m[92m  Downloaded[0m hickory-resolver v0.25.2
[1m[92m  Downloaded[0m heapless v0.9.2
[1m[92m  Downloaded[0m hashbrown v0.17.1
[1m[92m  Downloaded[0m hashbrown v0.15.5
[1m[92m  Downloaded[0m harfrust v0.5.2
[1m[92m  Downloaded[0m parking_lot_core v0.9.12
[1m[92m  Downloaded[0m parking_lot v0.12.5
[1m[92m  Downloaded[0m parking v2.2.1
[1m[92m  Downloaded[0m os_info v3.15.0
[1m[92m  Downloaded[0m ordered-float v2.10.1
[1m[92m  Downloaded[0m option-ext v0.2.0
[1m[92m  Downloaded[0m opaque-debug v0.3.1
[1m[92m  Downloaded[0m once_cell_polyfill v1.70.2
[1m[92m  Downloaded[0m once_cell v1.21.4
[1m[92m  Downloaded[0m num-conv v0.2.0
[1m[92m  Downloaded[0m notify-types v2.1.0
[1m[92m  Downloaded[0m normpath v1.5.0
[1m[92m  Downloaded[0m no-std-net v0.6.0
[1m[92m  Downloaded[0m no-std-compat v0.4.1
[1m[92m  Downloaded[0m netdev v0.31.0
[1m[92m  Downloaded[0m natpmp v0.5.0
[1m[92m  Downloaded[0m native-tls v0.2.18
[1m[92m  Downloaded[0m munge_macro v0.4.7
[1m[92m  Downloaded[0m munge v0.4.7
[1m[92m  Downloaded[0m multimap v0.10.1
[1m[92m  Downloaded[0m mime v0.3.17
[1m[92m  Downloaded[0m mimalloc v0.1.52
[1m[92m  Downloaded[0m miette-derive v7.6.0
[1m[92m  Downloaded[0m memoffset v0.9.1
[1m[92m  Downloaded[0m memmap2 v0.9.9
[1m[92m  Downloaded[0m md5 v0.8.0
[1m[92m  Downloaded[0m md5 v0.7.0
[1m[92m  Downloaded[0m md-5 v0.10.6
[1m[92m  Downloaded[0m matchit v0.8.6
[1m[92m  Downloaded[0m matchers v0.2.0
[1m[92m  Downloaded[0m markup5ever v0.39.0
[1m[92m  Downloaded[0m managed v0.8.0
[1m[92m  Downloaded[0m machine-uid v0.5.4
[1m[92m  Downloaded[0m lyon_path v1.0.16
[1m[92m  Downloaded[0m lyon_geom v1.0.18
[1m[92m  Downloaded[0m lyon_algorithms v1.0.16
[1m[92m  Downloaded[0m lru-slab v0.1.2
[1m[92m  Downloaded[0m logos-derive v0.16.1
[1m[92m  Downloaded[0m logos-codegen v0.16.1
[1m[92m  Downloaded[0m logos-codegen v0.15.1
[1m[92m  Downloaded[0m logos v0.16.1
[1m[92m  Downloaded[0m log v0.4.29
[1m[92m  Downloaded[0m lock_api v0.4.14
[1m[92m  Downloaded[0m litemap v0.8.1
[1m[92m  Downloaded[0m linked-hash-map v0.5.6
[1m[92m  Downloaded[0m link-section v0.2.0
[1m[92m  Downloaded[0m linebender_resource_handle v0.1.1
[1m[92m  Downloaded[0m libloading v0.8.9
[1m[92m  Downloaded[0m lazy_static v1.5.0
[1m[92m  Downloaded[0m jobserver v0.1.34
[1m[92m  Downloaded[0m ipnetwork v0.20.0
[1m[92m  Downloaded[0m ipconfig v0.3.2
[1m[92m  Downloaded[0m inventory v0.3.21
[1m[92m  Downloaded[0m inout v0.1.4
[1m[92m  Downloaded[0m indoc v2.0.7
[1m[92m  Downloaded[0m imagesize v0.13.0
[1m[92m  Downloaded[0m igd-next v0.17.1
[1m[92m  Downloaded[0m idna_adapter v1.2.1
[1m[92m  Downloaded[0m ident_case v1.0.1
[1m[92m  Downloaded[0m icu_properties v2.1.1
[1m[92m  Downloaded[0m icu_normalizer_data v2.1.1
[1m[92m  Downloaded[0m hyper-tls v0.6.0
[1m[92m  Downloaded[0m hybrid-array v0.4.10
[1m[92m  Downloaded[0m httparse v1.10.1
[1m[92m  Downloaded[0m http-body-util v0.1.3
[1m[92m  Downloaded[0m hmac v0.12.1
[1m[92m  Downloaded[0m hexf-parse v0.2.1
[1m[92m  Downloaded[0m mime_guess v2.0.5
[1m[92m  Downloaded[0m mac v0.1.1
[1m[92m  Downloaded[0m lyon v1.0.16
[1m[92m  Downloaded[0m is_terminal_polyfill v1.70.2
[1m[92m  Downloaded[0m icu_provider v2.1.1
[1m[92m  Downloaded[0m hyper-rustls v0.27.7
[1m[92m  Downloaded[0m humantime-serde v1.1.1
[1m[92m  Downloaded[0m humantime v2.3.0
[1m[92m  Downloaded[0m httpdate v1.0.3
[1m[92m  Downloaded[0m http-body v1.0.1
[1m[92m  Downloaded[0m hostname v0.4.2
[1m[92m  Downloaded[0m home v0.5.12
[1m[92m  Downloaded[0m hex v0.4.3
[1m[92m  Downloaded[0m heck v0.5.0
[1m[92m  Downloaded[0m hashbrown v0.14.5
[1m[92m  Downloaded[0m half v2.7.1
[1m[92m  Downloaded[0m guarden v0.2.0
[1m[92m  Downloaded[0m futures-util v0.3.32
[1m[92m  Downloaded[0m cosmic-text v0.19.0
[1m[92m  Downloaded[0m clap_builder v4.5.60
[1m[92m  Downloaded[0m chrono v0.4.45
[1m[92m  Downloaded[0m ccm v0.5.0
[1m[92m  Downloaded[0m bstr v1.12.1
[1m[92m  Downloaded[0m brotli-decompressor v5.0.0
[1m[92m  Downloaded[0m async-std v1.13.2
[1m[92m  Downloaded[0m async-compression v0.4.34
[1m[92m  Downloaded[0m ash v0.38.0+1.3.281
[1m[92m  Downloaded[0m aes v0.8.4
[1m[92m  Downloaded[0m guarden-macros v0.2.0
[1m[92m  Downloaded[0m group v0.13.0
[1m[92m  Downloaded[0m grid v1.0.1
[1m[92m  Downloaded[0m gpui_util_macros v0.2.2
[1m[92m  Downloaded[0m gpui-macros v0.2.2
[1m[92m  Downloaded[0m getrandom v0.4.1
[1m[92m  Downloaded[0m getrandom v0.3.4
[1m[92m  Downloaded[0m getrandom v0.2.16
[1m[92m  Downloaded[0m getopts v0.2.24
[1m[92m  Downloaded[0m generic-array v0.14.7
[1m[92m  Downloaded[0m fontdb v0.23.0
[1m[92m  Downloaded[0m flate2 v1.1.9
[1m[92m  Downloaded[0m encoding_rs v0.8.35
[1m[92m  Downloaded[0m encoding-index-tradchinese v1.20141219.5
[1m[92m  Downloaded[0m encoding-index-korean v1.20141219.5
[1m[92m  Downloaded[0m encoding-index-japanese v1.20141219.5
[1m[92m  Downloaded[0m derive_more-impl v2.1.1
[1m[92m  Downloaded[0m der v0.7.10
[1m[92m  Downloaded[0m chacha20poly1305 v0.10.1
[1m[92m  Downloaded[0m cc v1.2.48
[1m[92m  Downloaded[0m bytes v1.12.0
[1m[92m  Downloaded[0m bon v3.9.3
[1m[92m  Downloaded[0m bitflags v2.13.1
[1m[92m  Downloaded[0m base64 v0.23.0
[1m[92m  Downloaded[0m base64 v0.22.1
[1m[92m  Downloaded[0m anyhow v1.0.103
[1m[92m  Downloaded[0m allocator-api2 v0.2.21
[1m[92m  Downloaded[0m gpui_util v0.2.2
[1m[92m  Downloaded[0m gpui_sum_tree v0.2.2
[1m[92m  Downloaded[0m gpui_semantic_version v0.2.2
[1m[92m  Downloaded[0m gpui_refineable v0.2.2
[1m[92m  Downloaded[0m gpui_perf v0.2.2
[1m[92m  Downloaded[0m gpui_http_client v0.2.2
[1m[92m  Downloaded[0m gpui_derive_refineable v0.2.2
[1m[92m  Downloaded[0m gpui_collections v0.2.2
[1m[92m  Downloaded[0m globwalk v0.8.1
[1m[92m  Downloaded[0m globset v0.4.18
[1m[92m  Downloaded[0m glob v0.3.3
[1m[92m  Downloaded[0m git-version-macro v0.3.9
[1m[92m  Downloaded[0m git-version v0.3.9
[1m[92m  Downloaded[0m ghash v0.5.1
[1m[92m  Downloaded[0m gethostname v0.5.0
[1m[92m  Downloaded[0m futures-task v0.3.32
[1m[92m  Downloaded[0m futures-sink v0.3.32
[1m[92m  Downloaded[0m ff v0.13.1
[1m[92m  Downloaded[0m encoding-index-simpchinese v1.20141219.5
[1m[92m  Downloaded[0m curve25519-dalek v4.1.3
[1m[92m  Downloaded[0m crypto-bigint v0.5.5
[1m[92m  Downloaded[0m crossbeam-channel v0.5.15
[1m[92m  Downloaded[0m codespan-reporting v0.13.1
[1m[92m  Downloaded[0m clap_derive v4.5.55
[1m[92m  Downloaded[0m cidr v0.3.2
[1m[92m  Downloaded[0m chacha20 v0.10.0
[1m[92m  Downloaded[0m bon-macros v3.9.3
[1m[92m  Downloaded[0m blocking v1.6.2
[1m[92m  Downloaded[0m block2 v0.6.2
[1m[92m  Downloaded[0m async-trait v0.1.89
[1m[92m  Downloaded[0m async-task v4.7.1
[1m[92m  Downloaded[0m async-process v2.5.0
[1m[92m  Downloaded[0m async-lock v3.4.2
[1m[92m  Downloaded[0m async-fs v2.2.0
[1m[92m  Downloaded[0m async-executor v1.13.3
[1m[92m  Downloaded[0m async-channel v2.5.0
[1m[92m  Downloaded[0m asn1-rs v0.6.2
[1m[92m  Downloaded[0m arrayref v0.3.9
[1m[92m  Downloaded[0m ariadne v0.5.1
[1m[92m  Downloaded[0m anstyle v1.0.13
[1m[92m  Downloaded[0m anstream v0.6.21
[1m[92m  Downloaded[0m futures-lite v2.6.1
[1m[92m  Downloaded[0m futures-lite v1.13.0
[1m[92m  Downloaded[0m futures-executor v0.3.32
[1m[92m  Downloaded[0m futures-core v0.3.32
[1m[92m  Downloaded[0m futures-channel v0.3.32
[1m[92m  Downloaded[0m futures v0.3.32
[1m[92m  Downloaded[0m futf v0.1.5
[1m[92m  Downloaded[0m fs_extra v1.3.0
[1m[92m  Downloaded[0m fs2 v0.4.3
[1m[92m  Downloaded[0m form_urlencoded v1.2.2
[1m[92m  Downloaded[0m font-types v0.11.3
[1m[92m  Downloaded[0m font-types v0.10.1
[1m[92m  Downloaded[0m fnv v1.0.7
[1m[92m  Downloaded[0m flume v0.12.0
[1m[92m  Downloaded[0m float_next_after v1.0.0
[1m[92m  Downloaded[0m float-cmp v0.9.0
[1m[92m  Downloaded[0m find-msvc-tools v0.1.5
[1m[92m  Downloaded[0m filetime v0.2.26
[1m[92m  Downloaded[0m fdeflate v0.3.7
[1m[92m  Downloaded[0m event-listener-strategy v0.5.4
[1m[92m  Downloaded[0m euclid v0.22.14
[1m[92m  Downloaded[0m etagere v0.3.0
[1m[92m  Downloaded[0m embedded-io v0.6.1
[1m[92m  Downloaded[0m elliptic-curve v0.13.8
[1m[92m  Downloaded[0m dtoa-short v0.3.5
[1m[92m  Downloaded[0m dtoa v1.0.11
[1m[92m  Downloaded[0m dirs-sys v0.3.7
[1m[92m  Downloaded[0m dirs v4.0.0
[1m[92m  Downloaded[0m digest v0.10.7
[1m[92m  Downloaded[0m derive_pod v0.1.2
[1m[92m  Downloaded[0m derive_more v2.1.1
[1m[92m  Downloaded[0m derive_builder v0.20.2
[1m[92m  Downloaded[0m deranged v0.5.5
[1m[92m  Downloaded[0m der-parser v9.0.0
[1m[92m  Downloaded[0m der v0.8.0
[1m[92m  Downloaded[0m delegate v0.13.5
[1m[92m  Downloaded[0m defmt v1.0.1
[1m[92m  Downloaded[0m darling_core v0.20.11
[1m[92m  Downloaded[0m darling v0.20.11
[1m[92m  Downloaded[0m curve25519-dalek-derive v0.1.1
[1m[92m  Downloaded[0m ctr v0.9.2
[1m[92m  Downloaded[0m ctor v0.10.0
[1m[92m  Downloaded[0m cssparser-macros v0.7.0
[1m[92m  Downloaded[0m crypto-common v0.1.7
[1m[92m  Downloaded[0m crossbeam-queue v0.3.12
[1m[92m  Downloaded[0m crossbeam-epoch v0.9.18
[1m[92m  Downloaded[0m crossbeam-deque v0.8.6
[1m[92m  Downloaded[0m critical-section v1.2.0
[1m[92m  Downloaded[0m core_maths v0.1.1
[1m[92m  Downloaded[0m color_quant v1.1.0
[1m[92m  Downloaded[0m cmake v0.1.57
[1m[92m  Downloaded[0m clap_lex v1.0.0
[1m[92m  Downloaded[0m cipher v0.4.4
[1m[92m  Downloaded[0m cfg_aliases v0.2.1
[1m[92m  Downloaded[0m cfg-if v1.0.4
[1m[92m  Downloaded[0m cbc v0.1.2
[1m[92m  Downloaded[0m byteorder-lite v0.1.0
[1m[92m  Downloaded[0m byteorder v1.5.0
[1m[92m  Downloaded[0m bytemuck_derive v1.10.2
[1m[92m  Downloaded[0m bytemuck v1.25.0
[1m[92m  Downloaded[0m bytecodec v0.4.15
[1m[92m  Downloaded[0m bytecheck_derive v0.8.2
[1m[92m  Downloaded[0m block-padding v0.3.3
[1m[92m  Downloaded[0m bitflags v1.3.2
[1m[92m  Downloaded[0m bit-set v0.9.1
[1m[92m  Downloaded[0m beef v0.5.2
[1m[92m  Downloaded[0m base64ct v1.8.3
[1m[92m  Downloaded[0m base62 v2.2.3
[1m[92m  Downloaded[0m base16ct v0.2.0
[1m[92m  Downloaded[0m autocfg v1.5.0
[1m[92m  Downloaded[0m auto_impl v1.3.0
[1m[92m  Downloaded[0m attohttpc v0.30.1
[1m[92m  Downloaded[0m atomic v0.5.3
[1m[92m  Downloaded[0m async-stream-impl v0.3.6
[1m[92m  Downloaded[0m async-ringbuf v0.3.5
[1m[92m  Downloaded[0m async-recursion v1.1.1
[1m[92m  Downloaded[0m async-net v2.0.0
[1m[92m  Downloaded[0m async-global-executor v2.4.1
[1m[92m  Downloaded[0m asn1-rs-impl v0.2.0
[1m[92m  Downloaded[0m asn1-rs-derive v0.5.1
[1m[92m  Downloaded[0m anstyle-wincon v3.0.11
[1m[92m  Downloaded[0m forwarded-header-value v0.1.1
[1m[92m  Downloaded[0m foldhash v0.1.5
[1m[92m  Downloaded[0m fixedbitset v0.5.7
[1m[92m  Downloaded[0m fastrand v2.3.0
[1m[92m  Downloaded[0m fastrand v1.9.0
[1m[92m  Downloaded[0m event-listener v5.4.1
[1m[92m  Downloaded[0m event-listener v2.5.3
[1m[92m  Downloaded[0m errno v0.3.14
[1m[92m  Downloaded[0m erased-serde v0.4.9
[1m[92m  Downloaded[0m enum-as-inner v0.6.1
[1m[92m  Downloaded[0m either v1.15.0
[1m[92m  Downloaded[0m ego-tree v0.11.0
[1m[92m  Downloaded[0m ecdsa v0.16.9
[1m[92m  Downloaded[0m dunce v1.0.5
[1m[92m  Downloaded[0m dispatch2 v0.3.0
[1m[92m  Downloaded[0m dirs v5.0.1
[1m[92m  Downloaded[0m derive_more v0.99.20
[1m[92m  Downloaded[0m derive_builder_core v0.20.2
[1m[92m  Downloaded[0m defmt-parser v1.0.0
[1m[92m  Downloaded[0m defmt v0.3.100
[1m[92m  Downloaded[0m debugid v0.8.0
[1m[92m  Downloaded[0m data-url v0.3.2
[1m[92m  Downloaded[0m dashmap v6.1.0
[1m[92m  Downloaded[0m darling_macro v0.20.11
[1m[92m  Downloaded[0m cty v0.2.2
[1m[92m  Downloaded[0m crypto-common v0.2.1
[1m[92m  Downloaded[0m crossbeam-utils v0.8.21
[1m[92m  Downloaded[0m crossbeam v0.8.4
[1m[92m  Downloaded[0m cpufeatures v0.2.17
[1m[92m  Downloaded[0m clap v4.5.60
[1m[92m  Downloaded[0m bytecheck v0.8.2
[1m[92m  Downloaded[0m block-buffer v0.12.0
[1m[92m  Downloaded[0m atomic_refcell v0.1.13
[1m[92m  Downloaded[0m atomic-waker v1.1.2
[1m[92m  Downloaded[0m ar_archive_writer v0.2.0
[1m[92m  Downloaded[0m aho-corasick v1.1.4
[1m[92m  Downloaded[0m encoding_index_tests v0.1.4
[1m[92m  Downloaded[0m encoding-index-singlebyte v1.20141219.5
[1m[92m  Downloaded[0m dyn-clone v1.0.20
[1m[92m  Downloaded[0m dtor-proc-macro v0.0.12
[1m[92m  Downloaded[0m dtor v0.7.0
[1m[92m  Downloaded[0m displaydoc v0.2.5
[1m[92m  Downloaded[0m derivative v2.2.0
[1m[92m  Downloaded[0m defmt-macros v1.0.1
[1m[92m  Downloaded[0m data-encoding v2.10.0
[1m[92m  Downloaded[0m cursor-icon v1.2.0
[1m[92m  Downloaded[0m convert_case v0.10.0
[1m[92m  Downloaded[0m const-oid v0.10.2
[1m[92m  Downloaded[0m concurrent-queue v2.5.0
[1m[92m  Downloaded[0m compression-core v0.4.31
[1m[92m  Downloaded[0m compression-codecs v0.4.33
[1m[92m  Downloaded[0m cobs v0.3.0
[1m[92m  Downloaded[0m block-buffer v0.10.4
[1m[92m  Downloaded[0m async-io v2.6.0
[1m[92m  Downloaded[0m async-channel v1.9.0
[1m[92m  Downloaded[0m arrayvec v0.7.6
[1m[92m  Downloaded[0m arc-swap v1.7.1
[1m[92m  Downloaded[0m anstyle-query v1.1.5
[1m[92m  Downloaded[0m anstyle-parse v0.2.7
[1m[92m  Downloaded[0m alloc-stdlib v0.2.2
[1m[92m  Downloaded[0m aes-gcm v0.10.3
[1m[92m  Downloaded[0m encoding v0.2.33
[1m[92m  Downloaded[0m embedded-io v0.4.0
[1m[92m  Downloaded[0m digest v0.11.2
[1m[92m  Downloaded[0m ctor-proc-macro v0.0.12
[1m[92m  Downloaded[0m cssparser v0.37.0
[1m[92m  Downloaded[0m convert_case v0.4.0
[1m[92m  Downloaded[0m const-oid v0.9.6
[1m[92m  Downloaded[0m colorchoice v1.0.4
[1m[92m  Downloaded[0m backtrace v0.3.76
[1m[92m  Downloaded[0m alloc-no-stdlib v2.0.4
[1m[92m  Downloaded[0m aead v0.5.2
[1m[92m  Downloaded[0m adler2 v2.0.1
[1m[92m  Downloaded[0m dirs-sys v0.4.1
[1m[92m  Downloaded[0m derive_builder_macro v0.20.2
[1m[92m  Downloaded[0m deflate64 v0.1.10
[1m[92m  Downloaded[0m dataview v1.0.2
[1m[92m  Downloaded[0m csscolorparser v0.8.3
[1m[92m  Downloaded[0m crc32fast v1.5.0
[1m[92m  Downloaded[0m crc32c v0.6.8
[1m[92m  Downloaded[0m crc-catalog v2.4.0
[1m[92m  Downloaded[0m crc v3.4.0
[1m[92m  Downloaded[0m cpufeatures v0.3.0
[1m[92m  Downloaded[0m chacha20 v0.9.1
[1m[92m  Downloaded[0m blake2 v0.10.6
[1m[92m  Downloaded[0m async_zip v0.0.17
[1m[92m  Downloaded[0m async-stream v0.3.6
[1m[92m  Downloaded[0m ash-window v0.13.0
[1m[92m   Compiling[0m proc-macro2 v1.0.106
[1m[92m   Compiling[0m unicode-ident v1.0.22
[1m[92m   Compiling[0m quote v1.0.47
[1m[92m   Compiling[0m serde_core v1.0.228
[1m[92m    Checking[0m cfg-if v1.0.4
[1m[92m    Checking[0m windows-link v0.2.1
[1m[92m   Compiling[0m getrandom v0.3.4
[1m[92m   Compiling[0m version_check v0.9.5
[1m[92m    Checking[0m windows-sys v0.61.2
[1m[92m   Compiling[0m find-msvc-tools v0.1.5
[1m[92m   Compiling[0m shlex v1.3.0
[1m[92m   Compiling[0m typeid v1.0.3
[1m[92m    Checking[0m smallvec v1.15.1
[1m[92m   Compiling[0m erased-serde v0.4.9
[1m[92m   Compiling[0m jobserver v0.1.34
[1m[92m    Checking[0m memchr v2.7.6
[1m[92m   Compiling[0m cc v1.2.48
[1m[92m    Checking[0m pin-project-lite v0.2.16
[1m[92m   Compiling[0m autocfg v1.5.0
[1m[92m   Compiling[0m syn v2.0.111
[1m[92m    Checking[0m getrandom v0.2.16
[1m[92m   Compiling[0m serde v1.0.228
[1m[92m    Checking[0m scopeguard v1.2.0
[1m[92m    Checking[0m lock_api v0.4.14
[1m[92m   Compiling[0m parking_lot_core v0.9.12
[1m[92m   Compiling[0m portable-atomic v1.13.1
[1m[92m   Compiling[0m libm v0.2.16
[1m[92m    Checking[0m bytes v1.12.0
[1m[92m    Checking[0m serde_fmt v1.1.0
[1m[92m   Compiling[0m typenum v1.19.0
[1m[92m    Checking[0m futures-core v0.3.32
[1m[92m    Checking[0m parking_lot v0.12.5
[1m[92m    Checking[0m subtle v2.6.1
[1m[92m    Checking[0m value-bag-serde1 v1.12.0
[1m[92m    Checking[0m value-bag v1.12.0
[1m[92m    Checking[0m rand_core v0.6.4
[1m[92m   Compiling[0m generic-array v0.14.7
[1m[92m    Checking[0m itoa v1.0.15
[1m[92m    Checking[0m mio v1.2.0
[1m[92m    Checking[0m socket2 v0.6.3
[1m[92m    Checking[0m log v0.4.29
[1m[92m    Checking[0m futures-io v0.3.32
[1m[92m   Compiling[0m crossbeam-utils v0.8.21
[1m[92m    Checking[0m equivalent v1.0.2
[1m[92m    Checking[0m critical-section v1.2.0
[1m[92m    Checking[0m once_cell v1.21.4
[1m[92m    Checking[0m bitflags v2.13.1
[1m[92m   Compiling[0m zerocopy v0.8.39
[1m[92m   Compiling[0m thiserror v2.0.18
[1m[92m   Compiling[0m cmake v0.1.57
[1m[92m    Checking[0m hashbrown v0.17.1
[1m[92m    Checking[0m stable_deref_trait v1.2.1
[1m[92m    Checking[0m slab v0.4.11
[1m[92m   Compiling[0m libc v0.2.186
[1m[92m   Compiling[0m synstructure v0.13.2
[1m[92m   Compiling[0m num-traits v0.2.19
[1m[92m    Checking[0m indexmap v2.14.0
[1m[92m   Compiling[0m regex-syntax v0.8.11
[1m[92m    Checking[0m futures-sink v0.3.32
[1m[92m   Compiling[0m zmij v1.0.21
[1m[92m   Compiling[0m winapi v0.3.9
[1m[92m    Checking[0m const-oid v0.9.6
[1m[92m    Checking[0m futures-channel v0.3.32
[1m[92m    Checking[0m futures-task v0.3.32
[1m[92m   Compiling[0m aho-corasick v1.1.4
[1m[92m   Compiling[0m thiserror v1.0.69
[1m[92m    Checking[0m ipnet v2.11.0
[1m[92m   Compiling[0m serde_derive v1.0.228
[1m[92m   Compiling[0m zeroize_derive v1.4.2
[1m[92m   Compiling[0m tokio-macros v2.7.0
[1m[92m   Compiling[0m zerocopy-derive v0.8.39
[1m[92m   Compiling[0m thiserror-impl v2.0.18
[1m[92m   Compiling[0m displaydoc v0.2.5
[1m[92m   Compiling[0m zerofrom-derive v0.1.6
[1m[92m    Checking[0m tokio v1.52.3
[1m[92m    Checking[0m zeroize v1.8.2
[1m[92m   Compiling[0m yoke-derive v0.8.1
[1m[92m   Compiling[0m futures-macro v0.3.32
[1m[92m    Checking[0m crypto-common v0.1.7
[1m[92m   Compiling[0m zerovec-derive v0.11.2
[1m[92m    Checking[0m futures-util v0.3.32
[1m[92m   Compiling[0m regex-automata v0.4.13
[1m[92m    Checking[0m zerofrom v0.1.6
[1m[92m    Checking[0m yoke v0.8.1
[1m[92m   Compiling[0m thiserror-impl v1.0.69
[1m[92m    Checking[0m zerovec v0.11.5
[1m[92m    Checking[0m block-buffer v0.10.4
[1m[92m   Compiling[0m anyhow v1.0.103
[1m[92m    Checking[0m digest v0.10.7
[1m[92m   Compiling[0m semver v1.0.28
[1m[92m    Checking[0m tinystr v0.8.2
[1m[92m   Compiling[0m rustc_version v0.4.1
[1m[92m   Compiling[0m ring v0.17.14
[1m[92m    Checking[0m litemap v0.8.1
[1m[92m   Compiling[0m pkg-config v0.3.32
[1m[92m    Checking[0m writeable v0.6.2
[1m[92m    Checking[0m potential_utf v0.1.4
[1m[92m    Checking[0m icu_locale_core v2.1.1
[1m[92m    Checking[0m zerotrie v0.2.3
[1m[92m   Compiling[0m icu_normalizer_data v2.1.1
[1m[92m    Checking[0m atomic-waker v1.1.2
[1m[92m    Checking[0m percent-encoding v2.3.2
[1m[92m   Compiling[0m icu_properties_data v2.1.1
[1m[92m    Checking[0m icu_provider v2.1.1
[1m[92m    Checking[0m icu_collections v2.1.1
[1m[92m    Checking[0m ppv-lite86 v0.2.21
[1m[92m    Checking[0m cpufeatures v0.2.17
[1m[92m    Checking[0m base64 v0.22.1
[1m[92m    Checking[0m untrusted v0.9.0
[1m[92m    Checking[0m icu_normalizer v2.1.1
[1m[92m    Checking[0m windows-result v0.4.1
[1m[92m    Checking[0m windows-strings v0.5.1
[1m[92m    Checking[0m icu_properties v2.1.1
[1m[92m    Checking[0m parking v2.2.1
[1m[92m    Checking[0m bitflags v1.3.2
[1m[92m   Compiling[0m getrandom v0.4.1
[1m[92m    Checking[0m rand_core v0.10.0
[1m[92m    Checking[0m rand_core v0.9.3
[1m[92m    Checking[0m form_urlencoded v1.2.2
[1m[92m    Checking[0m concurrent-queue v2.5.0
[1m[92m   Compiling[0m serde_json v1.0.150
[1m[92m    Checking[0m utf8_iter v1.0.4
[1m[92m    Checking[0m rand_chacha v0.9.0
[1m[92m   Compiling[0m libz-ng-sys v1.1.29
[1m[92m    Checking[0m tracing-core v0.1.36
[1m[92m   Compiling[0m heck v0.5.0
[1m[92m   Compiling[0m cfg_aliases v0.2.1
[1m[92m   Compiling[0m fs_extra v1.3.0
[1m[92m    Checking[0m idna_adapter v1.2.1
[1m[92m   Compiling[0m dunce v1.0.5
[1m[92m    Checking[0m idna v1.1.0
[1m[92m   Compiling[0m fastrand v2.3.0
[1m[92m    Checking[0m simd-adler32 v0.3.7
[1m[92m   Compiling[0m windows_x86_64_msvc v0.52.6
[1m[92m   Compiling[0m crc32fast v1.5.0
[1m[92m   Compiling[0m aws-lc-sys v0.38.0
[1m[92m    Checking[0m url v2.5.8
[1m[92m    Checking[0m rand v0.9.4
[1m[92m   Compiling[0m zstd-sys v2.0.16+zstd.1.5.7
[1m[92m    Checking[0m rustls-pki-types v1.13.1
[1m[92m   Compiling[0m tracing-attributes v0.1.31
[1m[92m   Compiling[0m either v1.15.0
[1m[92m    Checking[0m adler2 v2.0.1
[1m[92m    Checking[0m cpufeatures v0.3.0
[1m[92m    Checking[0m miniz_oxide v0.8.9
[1m[92m   Compiling[0m fnv v1.0.7
[1m[92m    Checking[0m windows-targets v0.52.6
[1m[92m    Checking[0m chacha20 v0.10.0
[1m[92m    Checking[0m tokio-util v0.7.17
[1m[92m    Checking[0m tracing v0.1.44
[1m[92m   Compiling[0m bytemuck_derive v1.10.2
[1m[92m   Compiling[0m aws-lc-rs v1.16.1
[1m[92m    Checking[0m rand v0.10.2
[1m[92m    Checking[0m event-listener v5.4.1
[1m[92m   Compiling[0m winapi-util v0.1.11
[1m[92m    Checking[0m crossbeam-epoch v0.9.18
[1m[92m    Checking[0m lazy_static v1.5.0
[1m[92m   Compiling[0m same-file v1.0.6
[1m[92m    Checking[0m event-listener-strategy v0.5.4
[1m[92m   Compiling[0m bstr v1.12.1
[1m[92m    Checking[0m http v1.4.0
[1m[92m    Checking[0m bytemuck v1.25.0
[1m[92m    Checking[0m siphasher v1.0.1
[1m[92m   Compiling[0m zstd-safe v7.2.4
[1m[92m   Compiling[0m globset v0.4.18
[1m[92m   Compiling[0m walkdir v2.5.0
[1m[92m   Compiling[0m itertools v0.14.0
[1m[92m   Compiling[0m async-trait v0.1.89
[1m[92m   Compiling[0m rustls v0.23.35
[1m[92m   Compiling[0m prost-derive v0.14.3
[1m[92m    Checking[0m powerfmt v0.2.0
[1m[92m    Checking[0m sha1_smol v1.0.1
[1m[92m   Compiling[0m num-conv v0.2.0
[1m[92m   Compiling[0m time-core v0.1.8
[1m[92m    Checking[0m deranged v0.5.5
[1m[92m    Checking[0m uuid v1.23.4
[1m[92m   Compiling[0m time-macros v0.2.27
[1m[92m    Checking[0m crossbeam-deque v0.8.6
[1m[92m    Checking[0m windows-sys v0.52.0
[1m[92m   Compiling[0m windows-implement v0.60.2
[1m[92m   Compiling[0m windows-interface v0.59.3
[1m[92m   Compiling[0m uncased v0.9.10
[1m[92m    Checking[0m arrayvec v0.7.6
[1m[92m   Compiling[0m httparse v1.10.1
[1m[92m    Checking[0m windows-core v0.62.2
[1m[92m    Checking[0m time v0.3.47
[1m[92m    Checking[0m http-body v1.0.1
[1m[92m    Checking[0m futures-lite v2.6.1
[1m[92m    Checking[0m pin-utils v0.1.0
[1m[92m    Checking[0m async-lock v3.4.2
[1m[92m    Checking[0m sha2 v0.10.9
[1m[92m   Compiling[0m regex v1.12.4
[1m[92m    Checking[0m futures-executor v0.3.32
[1m[92m    Checking[0m block-padding v0.3.3
[1m[92m    Checking[0m ryu v1.0.20
[1m[92m    Checking[0m try-lock v0.2.5
[1m[92m    Checking[0m tower-service v0.3.3
[1m[92m    Checking[0m want v0.3.1
[1m[92m    Checking[0m inout v0.1.4
[1m[92m    Checking[0m h2 v0.4.12
[1m[92m    Checking[0m futures v0.3.32
[1m[92m   Compiling[0m phf_shared v0.13.1
[1m[92m    Checking[0m windows-registry v0.6.1
[1m[92m    Checking[0m windows-threading v0.2.1
[1m[92m   Compiling[0m rustix v1.1.4
[1m[92m    Checking[0m alloc-no-stdlib v2.0.4
[1m[92m    Checking[0m new_debug_unreachable v1.0.6
[1m[92m    Checking[0m async-task v4.7.1
[1m[92m   Compiling[0m windows_x86_64_msvc v0.53.1
[1m[92m   Compiling[0m prost v0.14.3
[1m[92m    Checking[0m alloc-stdlib v0.2.2
[1m[92m    Checking[0m windows-future v0.3.2
[1m[92m   Compiling[0m phf_generator v0.13.1
[1m[92m    Checking[0m hyper v1.8.1
[1m[92m    Checking[0m cipher v0.4.4
[1m[92m    Checking[0m windows-collections v0.3.2
[1m[92m    Checking[0m windows-numerics v0.3.1
[1m[92m    Checking[0m async-channel v2.5.0
[1m[92m    Checking[0m piper v0.2.4
[1m[92m    Checking[0m hmac v0.12.1
[1m[92m   Compiling[0m async-io v2.6.0
[1m[92m    Checking[0m errno v0.3.14
[1m[92m    Checking[0m unicase v2.8.1
[1m[92m    Checking[0m byteorder v1.5.0
[1m[92m    Checking[0m tinyvec_macros v0.1.1
[1m[92m    Checking[0m tinyvec v1.10.0
[1m[92m    Checking[0m blocking v1.6.2
[1m[92m    Checking[0m windows v0.62.2
[1m[92m    Checking[0m hyper-util v0.1.18
[1m[92m    Checking[0m brotli-decompressor v5.0.0
[1m[92m   Compiling[0m prost-types v0.14.3
[1m[92m    Checking[0m http-body-util v0.1.3
[1m[92m    Checking[0m webrtc-util v0.17.2
[1m[92m    Checking[0m polling v3.11.0
[1m[92m    Checking[0m core_maths v0.1.1
[1m[92m    Checking[0m schannel v0.1.28
[1m[92m   Compiling[0m prettyplease v0.2.37
[1m[92m   Compiling[0m windows_x86_64_msvc v0.48.5
[1m[92m    Checking[0m brotli v8.0.2
[1m[92m    Checking[0m windows-targets v0.53.5
[1m[92m    Checking[0m universal-hash v0.5.1
[1m[92m   Compiling[0m rayon-core v1.13.0
[1m[92m    Checking[0m compression-core v0.4.31
[1m[92m    Checking[0m opaque-debug v0.3.1
[1m[92m    Checking[0m allocator-api2 v0.2.21
[1m[92m    Checking[0m deflate64 v0.1.10
[1m[92m    Checking[0m base64ct v1.8.3
[1m[92m    Checking[0m pem-rfc7468 v0.7.0
[1m[92m   Compiling[0m logos-codegen v0.16.1
[1m[92m    Checking[0m fdeflate v0.3.7
[1m[92m   Compiling[0m miette-derive v7.6.0
[1m[92m   Compiling[0m slotmap v1.0.7
[1m[92m   Compiling[0m unicode-width v0.1.11
[1m[92m   Compiling[0m ash v0.38.0+1.3.281
[1m[92m    Checking[0m utf-8 v0.7.6
[1m[92m   Compiling[0m unicode-segmentation v1.13.3
[1m[92m   Compiling[0m foldhash v0.1.5
[1m[92m   Compiling[0m hashbrown v0.15.5
[1m[92m   Compiling[0m convert_case v0.10.0
[1m[92m   Compiling[0m miette v7.6.0
[1m[92m   Compiling[0m logos-derive v0.16.1
[1m[92m    Checking[0m windows-targets v0.48.5
[1m[92m    Checking[0m der v0.7.10
[1m[92m    Checking[0m async-executor v1.13.3
[1m[92m   Compiling[0m logos-codegen v0.15.1
[1m[92m    Checking[0m aead v0.5.2
[1m[92m   Compiling[0m pin-project-internal v1.1.10
[1m[92m   Compiling[0m prost-reflect-derive v0.16.1
[1m[92m    Checking[0m euclid v0.22.14
[1m[92m   Compiling[0m object v0.32.2
[1m[92m    Checking[0m sync_wrapper v1.0.2
[1m[92m    Checking[0m libloading v0.8.9
[1m[92m   Compiling[0m vcpkg v0.2.15
[1m[92m    Checking[0m unicode-width v0.2.2
[1m[92m   Compiling[0m unicode-xid v0.2.6
[1m[92m    Checking[0m rustc-hash v2.1.1
[1m[92m   Compiling[0m fixedbitset v0.5.7
[1m[92m    Checking[0m crc-catalog v2.4.0
[1m[92m    Checking[0m tower-layer v0.3.3
[1m[92m    Checking[0m tower v0.5.2
[1m[92m    Checking[0m crc v3.4.0
[1m[92m   Compiling[0m petgraph v0.8.3
[1m[92m   Compiling[0m derive_more-impl v2.1.1
[1m[92m   Compiling[0m ar_archive_writer v0.2.0
[1m[92m    Checking[0m pin-project v1.1.10
[1m[92m    Checking[0m spki v0.7.3
[1m[92m    Checking[0m rayon v1.12.0
[1m[92m   Compiling[0m tempfile v3.27.0
[1m[92m   Compiling[0m ignore v0.4.25
[1m[92m    Checking[0m windows-sys v0.48.0
[1m[92m   Compiling[0m logos v0.16.1
[1m[92m    Checking[0m polyval v0.6.2
[1m[92m    Checking[0m windows-sys v0.60.2
[1m[92m    Checking[0m async-process v2.5.0
[1m[92m    Checking[0m rustls-native-certs v0.8.2
[1m[92m    Checking[0m ttf-parser v0.25.1
[1m[92m    Checking[0m ctr v0.9.2
[1m[92m    Checking[0m rustls-pemfile v2.2.0
[1m[92m   Compiling[0m libmimalloc-sys v0.1.49
[1m[92m    Checking[0m arc-swap v1.7.1
[1m[92m   Compiling[0m strsim v0.11.1
[1m[92m   Compiling[0m multimap v0.10.1
[1m[92m   Compiling[0m beef v0.5.2
[1m[92m    Checking[0m minimal-lexical v0.2.1
[1m[92m   Compiling[0m syn v1.0.109
[1m[92m    Checking[0m inventory v0.3.21
[1m[92m   Compiling[0m winnow v1.0.3
[1m[92m    Checking[0m float-cmp v0.9.0
[1m[92m    Checking[0m data-encoding v2.10.0
[1m[92m    Checking[0m raw-window-handle v0.6.2
[1m[92m   Compiling[0m ref-cast v1.0.25
[1m[92m    Checking[0m windows-link v0.1.3
[1m[92m    Checking[0m mime v0.3.17
[1m[92m   Compiling[0m ident_case v1.0.1
[1m[92m   Compiling[0m darling_core v0.20.11
[1m[92m   Compiling[0m mime_guess v2.0.5
[1m[92m   Compiling[0m toml_parser v1.1.2+spec-1.1.0
[1m[92m    Checking[0m strict-num v0.1.1
[1m[92m    Checking[0m nom v7.1.3
[1m[92m   Compiling[0m globwalk v0.8.1
[1m[92m   Compiling[0m prost-build v0.14.3
[1m[92m    Checking[0m ghash v0.5.1
[1m[92m   Compiling[0m prost-reflect v0.16.5
[1m[92m    Checking[0m pkcs8 v0.10.2
[1m[92m   Compiling[0m psm v0.1.28
[1m[92m   Compiling[0m rust-embed-utils v8.9.0
[1m[92m    Checking[0m derive_more v2.1.1
[1m[92m   Compiling[0m libwebp-sys2 v0.1.11
[1m[92m    Checking[0m lyon_geom v1.0.18
[1m[92m    Checking[0m aes v0.8.4
[1m[92m   Compiling[0m phf_codegen v0.13.1
[1m[92m    Checking[0m serde_urlencoded v0.7.1
[1m[92m    Checking[0m socket2 v0.5.10
[1m[92m    Checking[0m font-types v0.11.3
[1m[92m    Checking[0m font-types v0.10.1
[1m[92m   Compiling[0m serde_spanned v0.6.9
[1m[92m   Compiling[0m toml_datetime v0.6.11
[1m[92m   Compiling[0m naga v29.0.1
[1m[92m   Compiling[0m curve25519-dalek v4.1.3
[1m[92m    Checking[0m gfx-core v0.1.0 (D:\a\Better-Minecraft-Bedrock-Launcher\Better-Minecraft-Bedrock-Launcher\crates\nova-gfx\gfx-core)
[1m[92m   Compiling[0m ref-cast-impl v1.0.25
[1m[92m    Checking[0m pxfm v0.1.26
[1m[92m   Compiling[0m toml_datetime v1.1.1+spec-1.1.0
[1m[92m   Compiling[0m serde_derive_internals v0.29.1
[1m[92m    Checking[0m crossbeam-queue v0.3.12
[1m[92m    Checking[0m ff v0.13.1
[1m[92m    Checking[0m encoding_rs v0.8.35
[1m[92m   Compiling[0m serde_json_lenient v0.2.4
[1m[92m    Checking[0m byteorder-lite v0.1.0
[1m[92m   Compiling[0m foldhash v0.2.0
[1m[92m    Checking[0m arrayref v0.3.9
[1m[92m    Checking[0m unicode-script v0.5.8
[1m[92m    Checking[0m memmap2 v0.9.9
[1m[92m    Checking[0m color_quant v1.1.0
[1m[92m   Compiling[0m bit-vec v0.9.1
[1m[92m    Checking[0m zune-core v0.5.0
[1m[92m    Checking[0m weezl v0.1.12
[1m[92m    Checking[0m simdutf8 v0.1.5
[1m[92m   Compiling[0m toml_write v0.1.2
[1m[92m    Checking[0m base16ct v0.2.0
[1m[92m   Compiling[0m winnow v0.7.14
[1m[92m    Checking[0m quick-error v2.0.1
[1m[92m    Checking[0m event-listener v2.5.3
[1m[92m    Checking[0m presser v0.3.1
[1m[92m    Checking[0m mac v0.1.1
[1m[92m    Checking[0m gpu-allocator v0.28.0 (D:\a\Better-Minecraft-Bedrock-Launcher\Better-Minecraft-Bedrock-Launcher\vendor\gpu-allocator)
[1m[92m    Checking[0m futf v0.1.5
[1m[92m    Checking[0m async-channel v1.9.0
[1m[92m    Checking[0m image-webp v0.2.4
[1m[92m    Checking[0m sec1 v0.7.3
[1m[92m    Checking[0m gif v0.14.0
[1m[92m    Checking[0m zune-jpeg v0.5.5
[1m[92m   Compiling[0m bit-set v0.9.1
[1m[92m   Compiling[0m toml_edit v0.22.27
[1m[92m   Compiling[0m codespan-reporting v0.13.1
[1m[92m    Checking[0m fontdb v0.23.0
[1m[92m    Checking[0m tiny-skia-path v0.11.4
[1m[92m   Compiling[0m hashbrown v0.16.1
[1m[92m    Checking[0m moxcms v0.7.10
[1m[92m    Checking[0m group v0.13.0
[1m[92m   Compiling[0m schemars_derive v1.1.0
[1m[92m    Checking[0m read-fonts v0.35.0
[1m[92m    Checking[0m read-fonts v0.37.0
[1m[92m    Checking[0m aes-gcm v0.10.3
[1m[92m    Checking[0m lyon_path v1.0.16
[1m[92m   Compiling[0m rust-embed-impl v8.9.0
[1m[92m   Compiling[0m half v2.7.1
[1m[92m   Compiling[0m logos-derive v0.15.1
[1m[92m   Compiling[0m darling_macro v0.20.11
[1m[92m    Checking[0m rusticata-macros v4.1.0
[1m[92m    Checking[0m windows-strings v0.3.1
[1m[92m    Checking[0m windows-result v0.3.4
[1m[92m    Checking[0m async-global-executor v2.4.1
[1m[92m    Checking[0m async-net v2.0.0
[1m[92m    Checking[0m async-fs v2.2.0
[1m[92m    Checking[0m hkdf v0.12.4
[1m[92m    Checking[0m zstd v0.13.3
[1m[92m   Compiling[0m phf_macros v0.13.1
[1m[92m    Checking[0m kurbo v0.11.3
[1m[92m    Checking[0m sha1 v0.10.6
[1m[92m    Checking[0m crypto-bigint v0.5.5
[1m[92m    Checking[0m smol_str v0.2.2
[1m[92m    Checking[0m dirs-sys v0.3.7
[1m[92m   Compiling[0m asn1-rs-derive v0.5.1
[1m[92m   Compiling[0m curve25519-dalek-derive v0.1.1
[1m[92m   Compiling[0m asn1-rs-impl v0.2.0
[1m[92m   Compiling[0m ptr_meta_derive v0.3.1
[1m[92m    Checking[0m kv-log-macro v1.0.7
[1m[92m   Compiling[0m stacker v0.1.22
[1m[92m   Compiling[0m proc-macro-error-attr2 v2.0.0
[1m[92m    Checking[0m home v0.5.12
[1m[92m    Checking[0m unicode-properties v0.1.4
[1m[92m    Checking[0m sys-locale v0.3.2
[1m[92m    Checking[0m fastrand v1.9.0
[1m[92m    Checking[0m unicode-ccc v0.4.0
[1m[92m    Checking[0m winsafe v0.0.19
[1m[92m    Checking[0m waker-fn v1.2.0
[1m[92m    Checking[0m unicode-bidi v0.3.18
[1m[92m    Checking[0m unicode-bidi-mirroring v0.4.0
[1m[92m   Compiling[0m hexf-parse v0.2.1
[1m[92m    Checking[0m encoding_index_tests v0.1.4
[1m[92m    Checking[0m dyn-clone v1.0.20
[1m[92m   Compiling[0m rustc-hash v1.1.0
[1m[92m    Checking[0m schemars v1.1.0
[1m[92m   Compiling[0m gpui_collections v0.2.2
[1m[92m    Checking[0m rustybuzz v0.20.1
[1m[92m    Checking[0m which v6.0.3
[1m[92m    Checking[0m futures-lite v1.13.0
[1m[92m   Compiling[0m proc-macro-error2 v2.0.1
[1m[92m    Checking[0m ptr_meta v0.3.1
[1m[92m    Checking[0m async-std v1.13.2
[1m[92m    Checking[0m asn1-rs v0.6.2
[1m[92m    Checking[0m elliptic-curve v0.13.8
[1m[92m    Checking[0m dirs v4.0.0
[1m[92m    Checking[0m svgtypes v0.15.3
[1m[92m    Checking[0m phf v0.13.1
[1m[92m    Checking[0m rust-embed v8.9.0
[1m[92m    Checking[0m smol v2.0.2
[1m[92m    Checking[0m windows-registry v0.4.0
[1m[92m   Compiling[0m darling v0.20.11
[1m[92m   Compiling[0m logos v0.15.1
[1m[92m    Checking[0m skrifa v0.37.0
[1m[92m   Compiling[0m toml v0.8.23
[1m[92m    Checking[0m gfx-memory v0.1.0 (D:\a\Better-Minecraft-Bedrock-Launcher\Better-Minecraft-Bedrock-Launcher\crates\nova-gfx\gfx-memory)
[1m[92m    Checking[0m tendril v0.4.3
[1m[92m    Checking[0m filetime v0.2.26
[1m[92m   Compiling[0m libwebp-sys2 v0.2.0
[1m[92m    Checking[0m poly1305 v0.8.0
[1m[92m    Checking[0m chacha20 v0.9.1
[1m[92m    Checking[0m yasna v0.5.2
[1m[92m    Checking[0m tokio-socks v0.5.2
[1m[92m    Checking[0m windows-sys v0.59.0
[1m[92m   Compiling[0m winit v0.30.13
[1m[92m    Checking[0m pem v3.0.6
[1m[92m    Checking[0m num-integer v0.1.46
[1m[92m    Checking[0m crossbeam-channel v0.5.15
[1m[92m    Checking[0m spirv v0.4.0+sdk-1.4.341.0
[1m[92m    Checking[0m simplecss v0.2.2
[1m[92m    Checking[0m roxmltree v0.20.0
[1m[92m    Checking[0m data-url v0.3.2
[1m[92m    Checking[0m zeno v0.3.3
[1m[92m    Checking[0m imagesize v0.13.0
[1m[92m    Checking[0m unicode-vo v0.1.0
[1m[92m    Checking[0m cty v0.2.2
[1m[92m    Checking[0m yazi v0.2.1
[1m[92m    Checking[0m float_next_after v1.0.0
[1m[92m   Compiling[0m oid-registry v0.7.1
[1m[92m   Compiling[0m convert_case v0.4.0
[1m[92m    Checking[0m pico-args v0.5.0
[1m[92m   Compiling[0m dtor-proc-macro v0.0.12
[1m[92m    Checking[0m hex v0.4.3
[1m[92m    Checking[0m take-until v0.2.0
[1m[92m    Checking[0m xmlwriter v0.1.0
[1m[92m    Checking[0m dtor v0.7.0
[1m[92m   Compiling[0m derive_more v0.99.20
[1m[92m    Checking[0m swash v0.2.6
[1m[92m    Checking[0m lyon_tessellation v1.0.16
[1m[92m    Checking[0m num-bigint v0.4.6
[1m[92m    Checking[0m chacha20poly1305 v0.10.1
[1m[92m   Compiling[0m gpui v0.2.2 (D:\a\Better-Minecraft-Bedrock-Launcher\Better-Minecraft-Bedrock-Launcher\crates\gpui)
[1m[92m    Checking[0m zed-async-tar v0.5.0-zed
[1m[92m   Compiling[0m protox-parse v0.9.0
[1m[92m    Checking[0m rancor v0.1.2
[1m[92m   Compiling[0m stacksafe-macro v1.0.1
[1m[92m   Compiling[0m gpui_perf v0.2.2
[1m[92m   Compiling[0m trackable_derive v1.0.0
[1m[92m    Checking[0m harfrust v0.5.2
[1m[92m    Checking[0m skrifa v0.40.0
[1m[92m    Checking[0m lyon_algorithms v1.0.16
[1m[92m    Checking[0m ash-window v0.13.0
[1m[92m    Checking[0m rfc6979 v0.4.0
[1m[92m   Compiling[0m string_cache_codegen v0.6.1
[1m[92m    Checking[0m rgb v0.8.52
[1m[92m   Compiling[0m strum_macros v0.28.0
[1m[92m   Compiling[0m crc32c v0.6.8
[1m[92m    Checking[0m signature v2.2.0
[1m[92m   Compiling[0m profiling-procmacros v1.0.17
[1m[92m    Checking[0m flate2 v1.1.9
[1m[92m   Compiling[0m bytecheck_derive v0.8.2
[1m[92m    Checking[0m compression-codecs v0.4.33
[1m[92m    Checking[0m async-compression v0.4.34
[1m[92m    Checking[0m png v0.18.1
[1m[92m    Checking[0m async_zip v0.0.17
[1m[92m    Checking[0m png v0.17.16
[1m[92m    Checking[0m image v0.25.9
[1m[92m    Checking[0m gpui_util v0.2.2
[1m[92m    Checking[0m tiny-skia v0.11.4
[1m[92m    Checking[0m usvg v0.45.1
[1m[92m   Compiling[0m gpui_derive_refineable v0.2.2
[1m[92m    Checking[0m spin v0.9.8
[1m[92m   Compiling[0m syn v3.0.3
[1m[92m    Checking[0m once_cell_polyfill v1.70.2
[1m[92m    Checking[0m link-section v0.2.0
[1m[92m   Compiling[0m derive_pod v0.1.2
[1m[92m   Compiling[0m snap v1.1.1
[1m[92m    Checking[0m rangemap v1.7.1
[1m[92m   Compiling[0m rustversion v1.0.22
[1m[92m    Checking[0m linebender_resource_handle v0.1.1
[1m[92m   Compiling[0m typetag v0.2.23
[1m[92m    Checking[0m dpi v0.1.2
[1m[92m    Checking[0m pollster v0.2.5
[1m[92m   Compiling[0m ctor-proc-macro v0.0.12
[1m[92m    Checking[0m widestring v1.2.1
[1m[92m    Checking[0m self_cell v1.2.2
[1m[92m   Compiling[0m unsafe-libyaml v0.2.11
[1m[92m   Compiling[0m native-tls v0.2.18
[1m[92m    Checking[0m unicode-linebreak v0.1.5
[1m[92m    Checking[0m atomic v0.5.3
[1m[92m    Checking[0m grid v1.0.1
[1m[92m    Checking[0m precomputed-hash v0.1.1
[1m[92m    Checking[0m anstyle v1.0.13
[1m[92m    Checking[0m smol_str v0.3.6
[1m[92m    Checking[0m cursor-icon v1.2.0
[1m[92m    Checking[0m static_assertions v1.1.0
[1m[92m    Checking[0m utf8parse v0.2.2
[1m[92m   Compiling[0m ipconfig v0.3.2
[1m[92m   Compiling[0m typetag-impl v0.2.23
[1m[92m   Compiling[0m triomphe v0.1.15
[1m[92m    Checking[0m anstyle-parse v0.2.7
[1m[92m    Checking[0m postage v0.5.0
[1m[92m    Checking[0m cosmic-text v0.19.0
[1m[92m    Checking[0m anstyle-wincon v3.0.11
[1m[92m    Checking[0m taffy v0.11.0
[1m[92m   Compiling[0m serde_yaml v0.9.34+deprecated
[1m[92m    Checking[0m ctor v0.10.0
[1m[92m    Checking[0m gpui_refineable v0.2.2
[1m[92m    Checking[0m resvg v0.45.1
[1m[92m    Checking[0m flume v0.12.0
[1m[92m    Checking[0m strum v0.28.0
[1m[92m    Checking[0m bytecheck v0.8.2
[1m[92m    Checking[0m profiling v1.0.17
[1m[92m    Checking[0m ecdsa v0.16.9
[1m[92m   Compiling[0m web_atoms v0.2.3
[1m[92m    Checking[0m gfx-vulkan v0.1.0 (D:\a\Better-Minecraft-Bedrock-Launcher\Better-Minecraft-Bedrock-Launcher\crates\nova-gfx\gfx-vulkan)
[1m[92m    Checking[0m lyon v1.0.16
[1m[92m    Checking[0m gfx-shader v0.1.0 (D:\a\Better-Minecraft-Bedrock-Launcher\Better-Minecraft-Bedrock-Launcher\crates\nova-gfx\gfx-shader)
[1m[92m    Checking[0m trackable v1.3.0
[1m[92m   Compiling[0m gpui_util_macros v0.2.2
[1m[92m   Compiling[0m protox v0.9.1
[1m[92m    Checking[0m stacksafe v1.0.1
[1m[92m    Checking[0m der-parser v9.0.0
[1m[92m    Checking[0m gfx-dx12 v0.1.0 (D:\a\Better-Minecraft-Bedrock-Launcher\Better-Minecraft-Bedrock-Launcher\crates\nova-gfx\gfx-dx12)
[1m[92m    Checking[0m primeorder v0.13.6
[1m[92m    Checking[0m x25519-dalek v2.0.1
[1m[92m   Compiling[0m toml_edit v0.25.12+spec-1.1.0
[1m[92m   Compiling[0m prost-wkt-build v0.7.1
[1m[92m    Checking[0m winreg v0.50.0
[1m[92m    Checking[0m gpui_sum_tree v0.2.2
[1m[92m    Checking[0m gpui_semantic_version v0.2.2
[1m[92m    Checking[0m etagere v0.3.0
[1m[92m    Checking[0m rtp v0.17.2
[1m[92m    Checking[0m debugid v0.8.0
[1m[92m   Compiling[0m itertools v0.11.0
[1m[92m    Checking[0m webpki-roots v1.0.6
[1m[92m   Compiling[0m gpui-macros v0.2.2
[1m[92m   Compiling[0m enum-as-inner v0.6.1
[1m[92m   Compiling[0m normpath v1.5.0
[1m[92m    Checking[0m md-5 v0.10.6
[1m[92m    Checking[0m cobs v0.3.0
[1m[92m   Compiling[0m munge_macro v0.4.7
[1m[92m   Compiling[0m memoffset v0.9.1
[1m[92m   Compiling[0m substring v1.4.5
[1m[92m    Checking[0m anstyle-query v1.1.5
[1m[92m   Compiling[0m protoc-bin-vendored-macos-aarch_64 v3.2.0
[1m[92m    Checking[0m linked-hash-map v0.5.6
[1m[92m    Checking[0m num_cpus v1.17.0
[1m[92m    Checking[0m tagptr v0.2.0
[1m[92m    Checking[0m jpeg-decoder v0.3.2
[1m[92m   Compiling[0m ntapi v0.4.1
[1m[92m    Checking[0m is_terminal_polyfill v1.70.2
[1m[92m   Compiling[0m protoc-bin-vendored-linux-s390_64 v3.2.0
[1m[92m    Checking[0m pollster v0.4.0
[1m[92m    Checking[0m seahash v4.1.0
[1m[92m   Compiling[0m base62 v2.2.3
[1m[92m   Compiling[0m heapless v0.9.2
[1m[92m   Compiling[0m protoc-bin-vendored-linux-x86_32 v3.2.0
[1m[92m   Compiling[0m protoc-bin-vendored-win32 v3.2.0
[1m[92m    Checking[0m no-std-net v0.6.0
[1m[92m    Checking[0m colorchoice v1.0.4
[1m[92m   Compiling[0m protoc-bin-vendored-linux-x86_64 v3.2.0
[1m[92m   Compiling[0m protoc-bin-vendored-linux-ppcle_64 v3.2.0
[1m[92m   Compiling[0m protoc-bin-vendored-macos-x86_64 v3.2.0
[1m[92m   Compiling[0m protoc-bin-vendored-linux-aarch_64 v3.2.0
[1m[92m    Checking[0m option-ext v0.2.0
[1m[92m   Compiling[0m protoc-bin-vendored v3.2.0
[1m[92m    Checking[0m dirs-sys v0.4.1
[1m[92m    Checking[0m anstream v0.6.21
[1m[92m    Checking[0m pnet_base v0.35.0
[1m[92m   Compiling[0m rust-i18n-support v3.1.5
[1m[92m    Checking[0m moka v0.12.13
[1m[92m    Checking[0m munge v0.4.7
[1m[92m    Checking[0m postcard v1.1.3
[1m[92m    Checking[0m hickory-proto v0.25.2
[1m[92m    Checking[0m stun v0.17.2
[1m[92m    Checking[0m sentry-types v0.49.0
[1m[92m   Compiling[0m proc-macro-crate v3.5.0
[1m[92m   Compiling[0m prost-wkt-types v0.7.1
[1m[92m    Checking[0m x509-parser v0.16.0
[1m[92m    Checking[0m trackable v0.2.24
[1m[92m    Checking[0m rend v0.5.4
[1m[92m    Checking[0m string_cache v0.9.0
[1m[92m   Compiling[0m derive_builder_core v0.20.2
[1m[92m   Compiling[0m prost-reflect-build v0.16.0
[1m[92m   Compiling[0m rust-i18n v3.1.5
[1m[92m    Checking[0m rtcp v0.17.2
[1m[92m   Compiling[0m pbjson-build v0.9.0
[1m[92m    Checking[0m hash32 v0.3.1
[1m[92m   Compiling[0m nix v0.29.0
[1m[92m    Checking[0m rand_chacha v0.3.1
[1m[92m    Checking[0m waitgroup v0.1.2
[1m[92m   Compiling[0m snow v0.10.0
[1m[92m    Checking[0m chrono v0.4.45
[1m[92m    Checking[0m fs2 v0.4.3
[1m[92m   Compiling[0m rkyv_derive v0.8.17
[1m[92m    Checking[0m ordered-float v2.10.1
[1m[92m    Checking[0m hybrid-array v0.4.10
[1m[92m    Checking[0m clap_lex v1.0.0
[1m[92m   Compiling[0m indoc v2.0.7
[1m[92m   Compiling[0m network-interface v2.0.5
[1m[92m   Compiling[0m paste v1.0.15
[1m[92m    Checking[0m xml-rs v0.8.28
[1m[92m   Compiling[0m smoltcp v0.12.0 (https://github.com/smoltcp-rs/smoltcp.git?rev=0a926767a68bc88d5512afefa7529c5ecdade4ea#0a926767)
[1m[92m    Checking[0m dtoa v1.0.11
[1m[92m    Checking[0m resolv-conf v0.7.6
[1m[92m   Compiling[0m pelite-macros v0.1.1
[1m[92m   Compiling[0m glob v0.3.3
[1m[92m    Checking[0m hickory-resolver v0.25.2
[1m[92m    Checking[0m xmltree v0.10.3
[1m[92m   Compiling[0m rust-i18n-macro v3.1.5
[1m[92m    Checking[0m rkyv v0.8.17
[1m[92m    Checking[0m dtoa-short v0.3.5
[1m[92m   Compiling[0m easytier v2.6.4 (D:\a\Better-Minecraft-Bedrock-Launcher\Better-Minecraft-Bedrock-Launcher\crates\easytier)
[1m[92m    Checking[0m clap_builder v4.5.60
[1m[92m    Checking[0m prost-wkt v0.7.1
[1m[92m    Checking[0m serde-value v0.7.0
[1m[92m    Checking[0m bedrock-leveldb v0.7.0 (D:\a\Better-Minecraft-Bedrock-Launcher\Better-Minecraft-Bedrock-Launcher\crates\bedrock-leveldb)
[1m[93mwarning[0m[1m[97m: unused import: `ScanMode`[0m
  [1m[96m--> [0mcrates\bedrock-leveldb\src\db_core.rs:10:5
   [1m[96m|[0m
[1m[96m10[0m [1m[96m|[0m     ScanMode, ScanOutcome, VisitorControl, WriteOptions,
   [1m[96m|[0m     [1m[93m^^^^^^^^[0m
   [1m[96m|[0m
   [1m[96m= [0m[1m[97mnote[0m: `#[warn(unused_imports)]` (part of `#[warn(unused)]`) on by default

[1m[93mwarning[0m[1m[97m: unused import: `std::cmp::Reverse`[0m
  [1m[96m--> [0mcrates\bedrock-leveldb\src\db_core.rs:17:5
   [1m[96m|[0m
[1m[96m17[0m [1m[96m|[0m use std::cmp::Reverse;
   [1m[96m|[0m     [1m[93m^^^^^^^^^^^^^^^^^[0m

[1m[93mwarning[0m[1m[97m: unused imports: `SeekFrom` and `Seek`[0m
 [1m[96m--> [0mcrates\bedrock-leveldb\src\table_cursor.rs:6:21
  [1m[96m|[0m
[1m[96m6[0m [1m[96m|[0m use std::io::{Read, Seek, SeekFrom};
  [1m[96m|[0m                     [1m[93m^^^^[0m  [1m[93m^^^^^^^^[0m

[1m[92m    Checking[0m rand v0.8.5
[1m[93mwarning[0m[1m[97m: function `unmask_crc` is never used[0m
   [1m[96m--> [0mcrates\bedrock-leveldb\src\coding.rs:108:21
    [1m[96m|[0m
[1m[96m108[0m [1m[96m|[0m pub(crate) const fn unmask_crc(masked: u32) -> u32 {
    [1m[96m|[0m                     [1m[93m^^^^^^^^^^[0m
    [1m[96m|[0m
    [1m[96m= [0m[1m[97mnote[0m: `#[warn(dead_code)]` (part of `#[warn(unused)]`) on by default

[1m[93mwarning[0m[1m[97m: function `decompress_into` is never used[0m
  [1m[96m--> [0mcrates\bedrock-leveldb\src\compression.rs:79:19
   [1m[96m|[0m
[1m[96m79[0m [1m[96m|[0m     pub(super) fn decompress_into(
   [1m[96m|[0m                   [1m[93m^^^^^^^^^^^^^^^[0m

[1m[93mwarning[0m[1m[97m: multiple associated items are never used[0m
   [1m[96m--> [0mcrates\bedrock-leveldb\src\db_core.rs:405:18
    [1m[96m|[0m
[1m[96m317[0m [1m[96m|[0m impl Db {
    [1m[96m|[0m [1m[96m-------[0m [1m[96massociated items in this implementation[0m
[1m[96m...[0m
[1m[96m405[0m [1m[96m|[0m     pub async fn open_async(path: impl AsRef<Path>, options: LevelDbOpenOptions) -> Result<Self> {
    [1m[96m|[0m                  [1m[93m^^^^^^^^^^[0m
[1m[96m...[0m
[1m[96m414[0m [1m[96m|[0m     pub async fn get_async(self: Arc<Self>, key: Bytes) -> Result<Option<Bytes>> {
    [1m[96m|[0m                  [1m[93m^^^^^^^^^[0m
[1m[96m...[0m
[1m[96m422[0m [1m[96m|[0m     pub async fn get_with_async(
    [1m[96m|[0m                  [1m[93m^^^^^^^^^^^^^^[0m
[1m[96m...[0m
[1m[96m604[0m [1m[96m|[0m     pub async fn get_many_owned_async(
    [1m[96m|[0m                  [1m[93m^^^^^^^^^^^^^^^^^^^^[0m
[1m[96m...[0m
[1m[96m687[0m [1m[96m|[0m     pub fn for_each_key<F>(&self, options: ReadOptions, mut visitor: F) -> Result<ScanOutcome>
    [1m[96m|[0m            [1m[93m^^^^^^^^^^^^[0m
[1m[96m...[0m
[1m[96m703[0m [1m[96m|[0m     pub fn for_each_entry_ref<F>(&self, options: ReadOptions, mut visitor: F) -> Result<ScanOutcome>
    [1m[96m|[0m            [1m[93m^^^^^^^^^^^^^^^^^^[0m
[1m[96m...[0m
[1m[96m730[0m [1m[96m|[0m     pub fn for_each_prefix_ref<F>(
    [1m[96m|[0m            [1m[93m^^^^^^^^^^^^^^^^^^^[0m
[1m[96m...[0m
[1m[96m749[0m [1m[96m|[0m     pub fn for_each_prefix_key<F>(
    [1m[96m|[0m            [1m[93m^^^^^^^^^^^^^^^^^^^[0m
[1m[96m...[0m
[1m[96m762[0m [1m[96m|[0m     pub fn collect_keys_owned(&self, options: ReadOptions) -> Result<Vec<Bytes>> {
    [1m[96m|[0m            [1m[93m^^^^^^^^^^^^^^^^^^[0m
[1m[96m...[0m
[1m[96m772[0m [1m[96m|[0m     pub fn collect_prefix_keys_owned(
    [1m[96m|[0m            [1m[93m^^^^^^^^^^^^^^^^^^^^^^^^^[0m
[1m[96m...[0m
[1m[96m786[0m [1m[96m|[0m     pub fn collect_prefix_owned(
    [1m[96m|[0m            [1m[93m^^^^^^^^^^^^^^^^^^^^[0m
[1m[96m...[0m
[1m[96m801[0m [1m[96m|[0m     pub async fn collect_keys_owned_async(
    [1m[96m|[0m                  [1m[93m^^^^^^^^^^^^^^^^^^^^^^^^[0m
[1m[96m...[0m
[1m[96m812[0m [1m[96m|[0m     pub async fn collect_prefix_keys_owned_async(
    [1m[96m|[0m                  [1m[93m^^^^^^^^^^^^^^^^^^^^^^^^^^^^^^^[0m
[1m[96m...[0m
[1m[96m824[0m [1m[96m|[0m     pub async fn collect_prefix_owned_async(
    [1m[96m|[0m                  [1m[93m^^^^^^^^^^^^^^^^^^^^^^^^^^[0m
[1m[96m...[0m
[1m[96m836[0m [1m[96m|[0m     pub async fn prefix_keys_async(
    [1m[96m|[0m                  [1m[93m^^^^^^^^^^^^^^^^^[0m
[1m[96m...[0m
[1m[96m847[0m [1m[96m|[0m     pub fn scan_keys_partitioned<T, I, F>(
    [1m[96m|[0m            [1m[93m^^^^^^^^^^^^^^^^^^^^^[0m
[1m[96m...[0m
[1m[96m864[0m [1m[96m|[0m     pub fn scan_entries_partitioned<T, I, F>(
    [1m[96m|[0m            [1m[93m^^^^^^^^^^^^^^^^^^^^^^^^[0m
[1m[96m...[0m
[1m[96m981[0m [1m[96m|[0m     pub fn stats_full(&self) -> Result<DbStats> {
    [1m[96m|[0m            [1m[93m^^^^^^^^^^[0m
[1m[96m...[0m
[1m[96m993[0m [1m[96m|[0m     pub fn stats(&self) -> Result<DbStats> {
    [1m[96m|[0m            [1m[93m^^^^^[0m

[1m[93mwarning[0m[1m[97m: function `approximate_entries_size` is never used[0m
    [1m[96m--> [0mcrates\bedrock-leveldb\src\db_core.rs:1942:4
     [1m[96m|[0m
[1m[96m1942[0m [1m[96m|[0m fn approximate_entries_size(values: &BTreeMap<Vec<u8>, Bytes>) -> usize {
     [1m[96m|[0m    [1m[93m^^^^^^^^^^^^^^^^^^^^^^^^[0m

[1m[93mwarning[0m[1m[97m: method `entry_count` is never used[0m
  [1m[96m--> [0mcrates\bedrock-leveldb\src\native_table_writer.rs:98:25
   [1m[96m|[0m
[1m[96m58[0m [1m[96m|[0m impl NativeTableWriter {
   [1m[96m|[0m [1m[96m----------------------[0m [1m[96mmethod in this implementation[0m
[1m[96m...[0m
[1m[96m98[0m [1m[96m|[0m     pub(crate) const fn entry_count(&self) -> usize {
   [1m[96m|[0m                         [1m[93m^^^^^^^^^^^[0m

[1m[93mwarning[0m[1m[97m: field `file` is never read[0m
  [1m[96m--> [0mcrates\bedrock-leveldb\src\table_scan.rs:69:5
   [1m[96m|[0m
[1m[96m66[0m [1m[96m|[0m struct NativeTablePlan {
   [1m[96m|[0m        [1m[96m---------------[0m [1m[96mfield in this struct[0m
[1m[96m...[0m
[1m[96m69[0m [1m[96m|[0m     file: Arc<File>,
   [1m[96m|[0m     [1m[93m^^^^[0m

[1m[93mwarning[0m[1m[97m: method `entries_arc` is never used[0m
  [1m[96m--> [0mcrates\bedrock-leveldb\src\version.rs:43:19
   [1m[96m|[0m
[1m[96m22[0m [1m[96m|[0m impl ImmutableMemTable {
   [1m[96m|[0m [1m[96m----------------------[0m [1m[96mmethod in this implementation[0m
[1m[96m...[0m
[1m[96m43[0m [1m[96m|[0m     pub(crate) fn entries_arc(&self) -> Arc<MemTableEntries> {
   [1m[96m|[0m                   [1m[93m^^^^^^^^^^^[0m

[1m[93mwarning[0m[1m[97m: function `read_records` is never used[0m
   [1m[96m--> [0mcrates\bedrock-leveldb\src\wal.rs:210:15
    [1m[96m|[0m
[1m[96m210[0m [1m[96m|[0m pub(crate) fn read_records(file: &mut File, paranoid_checks: bool) -> Result<Vec<Vec<u8>>> {
    [1m[96m|[0m               [1m[93m^^^^^^^^^^^^[0m

[1m[93mwarning[0m: `bedrock-leveldb` (lib) generated 11 warnings (run `cargo fix --lib -p bedrock-leveldb` to apply 3 suggestions)
[1m[92m   Compiling[0m derive_builder_macro v0.20.2
[1m[92m    Checking[0m webrtc-srtp v0.17.2
[1m[92m   Compiling[0m bon-macros v3.9.3
[1m[92m    Checking[0m tokio-native-tls v0.3.1
[1m[92m    Checking[0m sentry-core v0.49.0
[1m[92m    Checking[0m rcgen v0.13.2
[1m[92m    Checking[0m bytecodec v0.4.15
[1m[92m   Compiling[0m guarden-macros v0.2.0
[1m[92m    Checking[0m turn v0.17.2
[1m[92m    Checking[0m pnet_macros_support v0.35.0
[1m[92m    Checking[0m dirs v5.0.1
[1m[92m    Checking[0m webpki-roots v0.26.11
[1m[92m    Checking[0m p256 v0.13.2
[1m[92m    Checking[0m p384 v0.13.1
[1m[92m   Compiling[0m dataview v1.0.2
[1m[92m    Checking[0m encoding-index-korean v1.20141219.5
[1m[92m    Checking[0m encoding-index-simpchinese v1.20141219.5
[1m[92m    Checking[0m encoding-index-japanese v1.20141219.5
[1m[92m    Checking[0m encoding-index-singlebyte v1.20141219.5
[1m[92m    Checking[0m encoding-index-tradchinese v1.20141219.5
[1m[92m    Checking[0m webrtc-mdns v0.17.2
[1m[92m   Compiling[0m selectors v0.38.0
[1m[92m    Checking[0m webpki v0.22.4
[1m[92m    Checking[0m webrtc-sctp v0.17.2
[1m[92m    Checking[0m ccm v0.5.0
[1m[92m    Checking[0m tendril v0.5.0
[1m[92m    Checking[0m cbc v0.1.2
[1m[92m   Compiling[0m pnet_macros v0.35.0
[1m[92m    Checking[0m netdev v0.31.0
[1m[92m    Checking[0m attohttpc v0.30.1
[1m[92m    Checking[0m sharded-slab v0.1.7
[1m[92m    Checking[0m matchers v0.2.0
[1m[92m   Compiling[0m toml v0.5.11
[1m[92m    Checking[0m tracing-log v0.2.0
[1m[92m   Compiling[0m clap_derive v4.5.55
[1m[92m   Compiling[0m strum_macros v0.27.2
[1m[92m   Compiling[0m sentry-contexts v0.49.0
[1m[92m    Checking[0m blake2 v0.10.6
[1m[92m    Checking[0m cidr v0.3.2
[1m[92m   Compiling[0m git-version-macro v0.3.9
[1m[92m   Compiling[0m async-stream-impl v0.3.6
[1m[92m   Compiling[0m zerocopy-derive v0.7.35
[1m[92m   Compiling[0m cssparser-macros v0.7.0
[1m[92m   Compiling[0m serde_spanned v1.1.1
[1m[92m    Checking[0m ringbuf v0.4.8
[1m[92m    Checking[0m raw-cpuid v11.6.0
[1m[92m    Checking[0m nu-ansi-term v0.50.3
[1m[92m    Checking[0m thread_local v1.1.9
[1m[92m    Checking[0m md5 v0.7.0
[1m[92m    Checking[0m hashbrown v0.14.5
[1m[92m   Compiling[0m toml_writer v1.1.1+spec-1.1.0
[1m[92m    Checking[0m rustc-demangle v0.1.27
[1m[92m   Compiling[0m tinywasm-parser v0.10.0
[1m[92m    Checking[0m iri-string v0.7.9
[1m[92m    Checking[0m humantime v2.3.0
[1m[92m    Checking[0m xxhash-rust v0.8.16
[1m[92m    Checking[0m managed v0.8.0
[1m[92m    Checking[0m nonempty v0.7.0
[1m[92m    Checking[0m yansi v1.0.1
[1m[92m   Compiling[0m no-std-compat v0.4.1
[1m[92m   Compiling[0m pelite v0.10.0
[1m[92m    Checking[0m quanta v0.12.6
[1m[92m    Checking[0m ariadne v0.5.1
[1m[92m    Checking[0m tower-http v0.6.8
[1m[92m    Checking[0m forwarded-header-value v0.1.1
[1m[92m    Checking[0m bedrock-world v0.7.0 (D:\a\Better-Minecraft-Bedrock-Launcher\Better-Minecraft-Bedrock-Launcher\crates\bedrock-world)
[1m[92m    Checking[0m humantime-serde v1.1.1
[1m[92m    Checking[0m dashmap v6.1.0
[1m[92m    Checking[0m backtrace v0.3.76
[1m[93mwarning[0m[1m[97m: unused imports: `VanillaBlockEntityRewriter` and `rewrite_block_entity_sign_text_blocking`[0m
  [1m[96m--> [0mcrates\bedrock-world\src\block.rs:33:5
   [1m[96m|[0m
[1m[96m33[0m [1m[96m|[0m     VanillaBlockEntityRewriter, rewrite_block_entity_sign_text_blocking,
   [1m[96m|[0m     [1m[93m^^^^^^^^^^^^^^^^^^^^^^^^^^[0m  [1m[93m^^^^^^^^^^^^^^^^^^^^^^^^^^^^^^^^^^^^^^^[0m
   [1m[96m|[0m
   [1m[96m= [0m[1m[97mnote[0m: `#[warn(unused_imports)]` (part of `#[warn(unused)]`) on by default

[1m[93mwarning[0m[1m[97m: unused imports: `BlockStateMigrationGraph`, `BlockStateMigrationStep`, `BlockStateUpgradeResult`, `BlockStateUpgradeRule`, `BlockStateUpgradeStatus`, `BlockStateUpgrader`, and `BlockStateValueRewrite`[0m
  [1m[96m--> [0mcrates\bedrock-world\src\block.rs:36:5
   [1m[96m|[0m
[1m[96m36[0m [1m[96m|[0m     BlockStateMigrationGraph, BlockStateMigrationStep, BlockStateMigrator, BlockStateUpgradeResult,
   [1m[96m|[0m     [1m[93m^^^^^^^^^^^^^^^^^^^^^^^^[0m  [1m[93m^^^^^^^^^^^^^^^^^^^^^^^[0m                      [1m[93m^^^^^^^^^^^^^^^^^^^^^^^[0m
[1m[96m37[0m [1m[96m|[0m     BlockStateUpgradeRule, BlockStateUpgradeStatus, BlockStateUpgrader, BlockStateValueRewrite,
   [1m[96m|[0m     [1m[93m^^^^^^^^^^^^^^^^^^^^^[0m  [1m[93m^^^^^^^^^^^^^^^^^^^^^^^[0m  [1m[93m^^^^^^^^^^^^^^^^^^[0m  [1m[93m^^^^^^^^^^^^^^^^^^^^^^[0m

[1m[93mwarning[0m[1m[97m: unused imports: `PINNED_BLOCK_MIGRATION_CORPUS_FILES`, `PINNED_LEGACY_BLOCK_ID_MAP_FILE`, `PINNED_LEGACY_ID_META_1_12_TABLE_FILE`, `PINNED_LEGACY_ID_META_1_9_TABLE_FILE`, `PinnedBlockMigrationBundle`, `PinnedCorpusFileSpec`, `load_pinned_block_migration_bundle_for_target_from_dir`, `load_pinned_block_migration_bundle_from_dir`, and `verify_pinned_block_migration_corpus`[0m
  [1m[96m--> [0mcrates\bedrock-world\src\block.rs:40:5
   [1m[96m|[0m
[1m[96m40[0m [1m[96m|[0m     PINNED_BLOCK_MIGRATION_CORPUS_FILES, PINNED_LEGACY_BLOCK_ID_MAP_FILE,
   [1m[96m|[0m     [1m[93m^^^^^^^^^^^^^^^^^^^^^^^^^^^^^^^^^^^[0m  [1m[93m^^^^^^^^^^^^^^^^^^^^^^^^^^^^^^^[0m
[1m[96m41[0m [1m[96m|[0m     PINNED_LEGACY_ID_META_1_9_TABLE_FILE, PINNED_LEGACY_ID_META_1_12_TABLE_FILE,
   [1m[96m|[0m     [1m[93m^^^^^^^^^^^^^^^^^^^^^^^^^^^^^^^^^^^^[0m  [1m[93m^^^^^^^^^^^^^^^^^^^^^^^^^^^^^^^^^^^^^[0m
[1m[96m42[0m [1m[96m|[0m     PinnedBlockMigrationBundle, PinnedCorpusFileSpec,
   [1m[96m|[0m     [1m[93m^^^^^^^^^^^^^^^^^^^^^^^^^^[0m  [1m[93m^^^^^^^^^^^^^^^^^^^^[0m
[1m[96m43[0m [1m[96m|[0m     load_pinned_block_migration_bundle_for_target_from_dir,
   [1m[96m|[0m     [1m[93m^^^^^^^^^^^^^^^^^^^^^^^^^^^^^^^^^^^^^^^^^^^^^^^^^^^^^^[0m
[1m[96m44[0m [1m[96m|[0m     load_pinned_block_migration_bundle_from_dir, verify_pinned_block_migration_corpus,
   [1m[96m|[0m     [1m[93m^^^^^^^^^^^^^^^^^^^^^^^^^^^^^^^^^^^^^^^^^^^[0m  [1m[93m^^^^^^^^^^^^^^^^^^^^^^^^^^^^^^^^^^^^[0m

[1m[93mwarning[0m[1m[97m: unused imports: `stage_subchunks_as_version` and `stage_subchunks_for_exact_downgrade`[0m
  [1m[96m--> [0mcrates\bedrock-world\src\chunk.rs:63:5
   [1m[96m|[0m
[1m[96m63[0m [1m[96m|[0m     stage_subchunks_as_version, stage_subchunks_for_exact_downgrade,
   [1m[96m|[0m     [1m[93m^^^^^^^^^^^^^^^^^^^^^^^^^^[0m  [1m[93m^^^^^^^^^^^^^^^^^^^^^^^^^^^^^^^^^^^[0m

[1m[93mwarning[0m[1m[97m: unused imports: `stage_world_digp_actorprefix_to_entity` and `stage_world_entity_to_digp_actorprefix`[0m
  [1m[96m--> [0mcrates\bedrock-world\src\entity.rs:15:29
   [1m[96m|[0m
[1m[96m15[0m [1m[96m|[0m     stage_actor_uid_repair, stage_world_digp_actorprefix_to_entity,
   [1m[96m|[0m                             [1m[93m^^^^^^^^^^^^^^^^^^^^^^^^^^^^^^^^^^^^^^[0m
[1m[96m16[0m [1m[96m|[0m     stage_world_entity_to_digp_actorprefix,
   [1m[96m|[0m     [1m[93m^^^^^^^^^^^^^^^^^^^^^^^^^^^^^^^^^^^^^^[0m

[1m[93mwarning[0m[1m[97m: unused imports: `AuthoritativeItemMigrationCatalog`, `BlockItemMigrationContext`, `ItemIdentity`, `ItemMigrationPolicy`, `ItemMigrationStatus`, `ItemNbtMigrationOutcome`, `ItemNbtMigrationReport`, `ItemSchemaSource`, `ItemStackMigrationOutcome`, `LegacyBlockItemResolver`, `PINNED_ITEM_MIGRATION_CORPUS_FILES`, `PINNED_ITEM_SCHEMA_FILES`, `PINNED_ITEM_UPGRADE_SCHEMA_COMMIT`, `PINNED_ITEM_UPGRADE_SCHEMA_TREE`, `PinnedItemCorpusFileSpec`, `load_pinned_item_migration_catalog_from_dir`, `load_pinned_item_migration_catalog`, `migrate_item_stack_nbt`, `migrate_item_stacks_in_nbt`, and `verify_pinned_item_migration_corpus`[0m
  [1m[96m--> [0mcrates\bedrock-world\src\item.rs:62:5
   [1m[96m|[0m
[1m[96m62[0m [1m[96m|[0m     AuthoritativeItemMigrationCatalog, BlockItemMigrationContext, ItemIdentity,
   [1m[96m|[0m     [1m[93m^^^^^^^^^^^^^^^^^^^^^^^^^^^^^^^^^[0m  [1m[93m^^^^^^^^^^^^^^^^^^^^^^^^^[0m  [1m[93m^^^^^^^^^^^^[0m
[1m[96m63[0m [1m[96m|[0m     ItemMigrationPolicy, ItemMigrationStatus, ItemNbtMigrationOutcome, ItemNbtMigrationReport,
   [1m[96m|[0m     [1m[93m^^^^^^^^^^^^^^^^^^^[0m  [1m[93m^^^^^^^^^^^^^^^^^^^[0m  [1m[93m^^^^^^^^^^^^^^^^^^^^^^^[0m  [1m[93m^^^^^^^^^^^^^^^^^^^^^^[0m
[1m[96m64[0m [1m[96m|[0m     ItemSchemaSource, ItemStackMigrationOutcome, LegacyBlockItemResolver,
   [1m[96m|[0m     [1m[93m^^^^^^^^^^^^^^^^[0m  [1m[93m^^^^^^^^^^^^^^^^^^^^^^^^^[0m  [1m[93m^^^^^^^^^^^^^^^^^^^^^^^[0m
[1m[96m65[0m [1m[96m|[0m     PINNED_ITEM_MIGRATION_CORPUS_FILES, PINNED_ITEM_SCHEMA_FILES,
   [1m[96m|[0m     [1m[93m^^^^^^^^^^^^^^^^^^^^^^^^^^^^^^^^^^[0m  [1m[93m^^^^^^^^^^^^^^^^^^^^^^^^[0m
[1m[96m66[0m [1m[96m|[0m     PINNED_ITEM_UPGRADE_SCHEMA_COMMIT, PINNED_ITEM_UPGRADE_SCHEMA_TREE, PinnedItemCorpusFileSpec,
   [1m[96m|[0m     [1m[93m^^^^^^^^^^^^^^^^^^^^^^^^^^^^^^^^^[0m  [1m[93m^^^^^^^^^^^^^^^^^^^^^^^^^^^^^^^[0m  [1m[93m^^^^^^^^^^^^^^^^^^^^^^^^[0m
[1m[96m67[0m [1m[96m|[0m     load_pinned_item_migration_catalog, load_pinned_item_migration_catalog_from_dir,
   [1m[96m|[0m     [1m[93m^^^^^^^^^^^^^^^^^^^^^^^^^^^^^^^^^^[0m  [1m[93m^^^^^^^^^^^^^^^^^^^^^^^^^^^^^^^^^^^^^^^^^^^[0m
[1m[96m68[0m [1m[96m|[0m     migrate_item_stack_nbt, migrate_item_stacks_in_nbt, verify_pinned_item_migration_corpus,
   [1m[96m|[0m     [1m[93m^^^^^^^^^^^^^^^^^^^^^^[0m  [1m[93m^^^^^^^^^^^^^^^^^^^^^^^^^^[0m  [1m[93m^^^^^^^^^^^^^^^^^^^^^^^^^^^^^^^^^^^[0m

[1m[93mwarning[0m[1m[97m: unused import: `indexmap::IndexMap`[0m
  [1m[96m--> [0mcrates\bedrock-world\src\player\actor.rs:11:5
   [1m[96m|[0m
[1m[96m11[0m [1m[96m|[0m use indexmap::IndexMap;
   [1m[96m|[0m     [1m[93m^^^^^^^^^^^^^^^^^^[0m

[1m[93mwarning[0m[1m[97m: unused imports: `LocalPlayerStorageMoveReport`, `move_level_dat_player_to_local_player`, and `move_local_player_to_level_dat`[0m
  [1m[96m--> [0mcrates\bedrock-world\src\player.rs:36:5
   [1m[96m|[0m
[1m[96m36[0m [1m[96m|[0m     LocalPlayerStorageMoveReport, move_level_dat_player_to_local_player,
   [1m[96m|[0m     [1m[93m^^^^^^^^^^^^^^^^^^^^^^^^^^^^[0m  [1m[93m^^^^^^^^^^^^^^^^^^^^^^^^^^^^^^^^^^^^^[0m
[1m[96m37[0m [1m[96m|[0m     move_local_player_to_level_dat,
   [1m[96m|[0m     [1m[93m^^^^^^^^^^^^^^^^^^^^^^^^^^^^^^[0m

[1m[93mwarning[0m[1m[97m: unused import: `storage::LocalPlayerStorage`[0m
  [1m[96m--> [0mcrates\bedrock-world\src\player.rs:47:16
   [1m[96m|[0m
[1m[96m47[0m [1m[96m|[0m pub(crate) use storage::LocalPlayerStorage;
   [1m[96m|[0m                [1m[93m^^^^^^^^^^^^^^^^^^^^^^^^^^^[0m

[1m[93mwarning[0m[1m[97m: unused imports: `MemoryStorage` and `WorldStorage`[0m
 [1m[96m--> [0mcrates\bedrock-world\src\query\selection.rs:4:35
  [1m[96m|[0m
[1m[96m4[0m [1m[96m|[0m use crate::database::{CancelFlag, MemoryStorage, WorldStorage};
  [1m[96m|[0m                                   [1m[93m^^^^^^^^^^^^^[0m  [1m[93m^^^^^^^^^^^^[0m

[1m[93mwarning[0m[1m[97m: unused import: `BedrockWorldErrorKind`[0m
 [1m[96m--> [0mcrates\bedrock-world\src\query\selection.rs:5:39
  [1m[96m|[0m
[1m[96m5[0m [1m[96m|[0m use crate::error::{BedrockWorldError, BedrockWorldErrorKind, Result};
  [1m[96m|[0m                                       [1m[93m^^^^^^^^^^^^^^^^^^^^^[0m

[1m[93mwarning[0m[1m[97m: unused import: `BedrockWorldOpenOptions`[0m
  [1m[96m--> [0mcrates\bedrock-world\src\query\selection.rs:10:34
   [1m[96m|[0m
[1m[96m10[0m [1m[96m|[0m use crate::world::{BedrockWorld, BedrockWorldOpenOptions, WorldStorageHandle};
   [1m[96m|[0m                                  [1m[93m^^^^^^^^^^^^^^^^^^^^^^^[0m

[1m[93mwarning[0m[1m[97m: unused imports: `is_air_block_name` and `is_water_block_name`[0m
 [1m[96m--> [0mcrates\bedrock-world\src\world\bedrock_world\render_helpers.rs:4:22
  [1m[96m|[0m
[1m[96m4[0m [1m[96m|[0m use crate::surface::{is_air_block_name, is_water_block_name};
  [1m[96m|[0m                      [1m[93m^^^^^^^^^^^^^^^^^[0m  [1m[93m^^^^^^^^^^^^^^^^^^^[0m

[1m[92m   Compiling[0m toml v1.1.2+spec-1.1.0
[1m[92m    Checking[0m strum v0.27.2
[1m[92m    Checking[0m stun_codec v0.3.5
[1m[92m    Checking[0m tracing-subscriber v0.3.23
[1m[92m    Checking[0m zerocopy v0.7.35
[1m[92m    Checking[0m clap v4.5.60
[1m[92m    Checking[0m async-ringbuf v0.3.5
[1m[92m    Checking[0m cssparser v0.37.0
[1m[92m    Checking[0m async-stream v0.3.6
[1m[92m    Checking[0m git-version v0.3.9
[1m[92m    Checking[0m prefix-trie v0.7.0
[1m[92m   Compiling[0m winres v0.1.12
[1m[92m    Checking[0m bon v3.9.3
[1m[92m    Checking[0m webrtc-data v0.17.2
[1m[92m    Checking[0m pnet_packet v0.35.0
[1m[92m    Checking[0m igd-next v0.17.1
[1m[92m    Checking[0m natpmp v0.5.0
[1m[92m    Checking[0m markup5ever v0.39.0
[1m[92m    Checking[0m webrtc-ice v0.17.2 (D:\a\Better-Minecraft-Bedrock-Launcher\Better-Minecraft-Bedrock-Launcher\vendor\webrtc-ice)
[1m[92m    Checking[0m encoding v0.2.33
[1m[92m    Checking[0m shellexpand v3.1.1
[1m[92m    Checking[0m guarden v0.2.0
[1m[92m    Checking[0m sdp v0.17.2
[1m[93mwarning[0m[1m[97m: struct `VanillaBlockEntityRewriter` is never constructed[0m
  [1m[96m--> [0mcrates\bedrock-world\src\block\block_entity.rs:62:12
   [1m[96m|[0m
[1m[96m62[0m [1m[96m|[0m pub struct VanillaBlockEntityRewriter;
   [1m[96m|[0m            [1m[93m^^^^^^^^^^^^^^^^^^^^^^^^^^[0m
   [1m[96m|[0m
   [1m[96m= [0m[1m[97mnote[0m: `#[warn(dead_code)]` (part of `#[warn(unused)]`) on by default

[1m[93mwarning[0m[1m[97m: function `rewrite_block_entity_sign_text_blocking` is never used[0m
   [1m[96m--> [0mcrates\bedrock-world\src\block\block_entity.rs:182:8
    [1m[96m|[0m
[1m[96m182[0m [1m[96m|[0m pub fn rewrite_block_entity_sign_text_blocking(
    [1m[96m|[0m        [1m[93m^^^^^^^^^^^^^^^^^^^^^^^^^^^^^^^^^^^^^^^[0m

[1m[93mwarning[0m[1m[97m: function `rewrite_sign` is never used[0m
   [1m[96m--> [0mcrates\bedrock-world\src\block\block_entity.rs:190:4
    [1m[96m|[0m
[1m[96m190[0m [1m[96m|[0m fn rewrite_sign(root: &IndexMap<String, NbtTag>) -> Result<BlockEntityRewriteOutcome> {
    [1m[96m|[0m    [1m[93m^^^^^^^^^^^^[0m

[1m[93mwarning[0m[1m[97m: function `empty_sign_text` is never used[0m
   [1m[96m--> [0mcrates\bedrock-world\src\block\block_entity.rs:256:4
    [1m[96m|[0m
[1m[96m256[0m [1m[96m|[0m fn empty_sign_text() -> NbtTag {
    [1m[96m|[0m    [1m[93m^^^^^^^^^^^^^^^[0m

[1m[93mwarning[0m[1m[97m: function `read_legacy_sign_lines` is never used[0m
   [1m[96m--> [0mcrates\bedrock-world\src\block\block_entity.rs:265:4
    [1m[96m|[0m
[1m[96m265[0m [1m[96m|[0m fn read_legacy_sign_lines(root: &IndexMap<String, NbtTag>) -> Option<String> {
    [1m[96m|[0m    [1m[93m^^^^^^^^^^^^^^^^^^^^^^[0m

[1m[93mwarning[0m[1m[97m: function `is_sign_identifier` is never used[0m
   [1m[96m--> [0mcrates\bedrock-world\src\block\block_entity.rs:283:4
    [1m[96m|[0m
[1m[96m283[0m [1m[96m|[0m fn is_sign_identifier(id: &str) -> bool {
    [1m[96m|[0m    [1m[93m^^^^^^^^^^^^^^^^^^[0m

[1m[93mwarning[0m[1m[97m: function `string_field` is never used[0m
   [1m[96m--> [0mcrates\bedrock-world\src\block\block_entity.rs:290:4
    [1m[96m|[0m
[1m[96m290[0m [1m[96m|[0m fn string_field<'a>(root: &'a IndexMap<String, NbtTag>, key: &str) -> Option<&'a str> {
    [1m[96m|[0m    [1m[93m^^^^^^^^^^^^[0m

[1m[93mwarning[0m[1m[97m: function `byte_field` is never used[0m
   [1m[96m--> [0mcrates\bedrock-world\src\block\block_entity.rs:297:4
    [1m[96m|[0m
[1m[96m297[0m [1m[96m|[0m fn byte_field(root: &IndexMap<String, NbtTag>, key: &str) -> Option<i8> {
    [1m[96m|[0m    [1m[93m^^^^^^^^^^[0m

[1m[93mwarning[0m[1m[97m: function `int_field` is never used[0m
   [1m[96m--> [0mcrates\bedrock-world\src\block\block_entity.rs:304:4
    [1m[96m|[0m
[1m[96m304[0m [1m[96m|[0m fn int_field(root: &IndexMap<String, NbtTag>, key: &str) -> Option<i32> {
    [1m[96m|[0m    [1m[93m^^^^^^^^^[0m

[1m[93mwarning[0m[1m[97m: trait `BlockStateMigrator` is never used[0m
  [1m[96m--> [0mcrates\bedrock-world\src\block\block_state.rs:25:11
   [1m[96m|[0m
[1m[96m25[0m [1m[96m|[0m pub trait BlockStateMigrator: Send + Sync {
   [1m[96m|[0m           [1m[93m^^^^^^^^^^^^^^^^^^[0m

[1m[93mwarning[0m[1m[97m: struct `BlockStateMigrationStep` is never constructed[0m
  [1m[96m--> [0mcrates\bedrock-world\src\block\block_state\block_state_graph.rs:16:12
   [1m[96m|[0m
[1m[96m16[0m [1m[96m|[0m pub struct BlockStateMigrationStep {
   [1m[96m|[0m            [1m[93m^^^^^^^^^^^^^^^^^^^^^^^[0m

[1m[93mwarning[0m[1m[97m: associated items `new`, `identity`, `push_rule`, and `apply` are never used[0m
  [1m[96m--> [0mcrates\bedrock-world\src\block\block_state\block_state_graph.rs:32:18
   [1m[96m|[0m
[1m[96m29[0m [1m[96m|[0m impl BlockStateMigrationStep {
   [1m[96m|[0m [1m[96m----------------------------[0m [1m[96massociated items in this implementation[0m
[1m[96m...[0m
[1m[96m32[0m [1m[96m|[0m     pub const fn new(from_version: i32, to_version: i32) -> Self {
   [1m[96m|[0m                  [1m[93m^^^[0m
[1m[96m...[0m
[1m[96m43[0m [1m[96m|[0m     pub const fn identity(from_version: i32, to_version: i32) -> Self {
   [1m[96m|[0m                  [1m[93m^^^^^^^^[0m
[1m[96m...[0m
[1m[96m53[0m [1m[96m|[0m     pub fn push_rule(&mut self, rule: BlockStateUpgradeRule) {
   [1m[96m|[0m            [1m[93m^^^^^^^^^[0m
[1m[96m...[0m
[1m[96m57[0m [1m[96m|[0m     fn apply(&self, state: &BlockState) -> Result<BlockState> {
   [1m[96m|[0m        [1m[93m^^^^^[0m

[1m[93mwarning[0m[1m[97m: struct `BlockStateMigrationGraph` is never constructed[0m
   [1m[96m--> [0mcrates\bedrock-world\src\block\block_state\block_state_graph.rs:108:12
    [1m[96m|[0m
[1m[96m108[0m [1m[96m|[0m pub struct BlockStateMigrationGraph {
    [1m[96m|[0m            [1m[93m^^^^^^^^^^^^^^^^^^^^^^^^[0m

[1m[93mwarning[0m[1m[97m: associated items `new`, `add_step`, `version_path`, `migrate_to`, and `migrate_to_strict_with_validator` are never used[0m
   [1m[96m--> [0mcrates\bedrock-world\src\block\block_state\block_state_graph.rs:115:18
    [1m[96m|[0m
[1m[96m112[0m [1m[96m|[0m impl BlockStateMigrationGraph {
    [1m[96m|[0m [1m[96m-----------------------------[0m [1m[96massociated items in this implementation[0m
[1m[96m...[0m
[1m[96m115[0m [1m[96m|[0m     pub const fn new() -> Self {
    [1m[96m|[0m                  [1m[93m^^^[0m
[1m[96m...[0m
[1m[96m122[0m [1m[96m|[0m     pub fn add_step(&mut self, step: BlockStateMigrationStep) -> Result<()> {
    [1m[96m|[0m            [1m[93m^^^^^^^^[0m
[1m[96m...[0m
[1m[96m145[0m [1m[96m|[0m     pub fn version_path(&self, from_version: i32, to_version: i32) -> Option<Vec<i32>> {
    [1m[96m|[0m            [1m[93m^^^^^^^^^^^^[0m
[1m[96m...[0m
[1m[96m176[0m [1m[96m|[0m     pub fn migrate_to(&self, state: &BlockState, target_version: i32) -> Result<BlockState> {
    [1m[96m|[0m            [1m[93m^^^^^^^^^^[0m
[1m[96m...[0m
[1m[96m211[0m [1m[96m|[0m     pub fn migrate_to_strict_with_validator<F>(
    [1m[96m|[0m            [1m[93m^^^^^^^^^^^^^^^^^^^^^^^^^^^^^^^^[0m

[1m[93mwarning[0m[1m[97m: struct `BlockStateValueRewrite` is never constructed[0m
  [1m[96m--> [0mcrates\bedrock-world\src\block\block_state\block_state_upgrade.rs:15:12
   [1m[96m|[0m
[1m[96m15[0m [1m[96m|[0m pub struct BlockStateValueRewrite {
   [1m[96m|[0m            [1m[93m^^^^^^^^^^^^^^^^^^^^^^[0m

[1m[93mwarning[0m[1m[97m: struct `BlockStateUpgradeRule` is never constructed[0m
  [1m[96m--> [0mcrates\bedrock-world\src\block\block_state\block_state_upgrade.rs:26:12
   [1m[96m|[0m
[1m[96m26[0m [1m[96m|[0m pub struct BlockStateUpgradeRule {
   [1m[96m|[0m            [1m[93m^^^^^^^^^^^^^^^^^^^^^[0m

[1m[93mwarning[0m[1m[97m: associated items `new`, `matches`, and `apply` are never used[0m
  [1m[96m--> [0mcrates\bedrock-world\src\block\block_state\block_state_upgrade.rs:48:12
   [1m[96m|[0m
[1m[96m45[0m [1m[96m|[0m impl BlockStateUpgradeRule {
   [1m[96m|[0m [1m[96m--------------------------[0m [1m[96massociated items in this implementation[0m
[1m[96m...[0m
[1m[96m48[0m [1m[96m|[0m     pub fn new(source_identifier: impl Into<String>) -> Self {
   [1m[96m|[0m            [1m[93m^^^[0m
[1m[96m...[0m
[1m[96m62[0m [1m[96m|[0m     fn matches(&self, state: &BlockState) -> bool {
   [1m[96m|[0m        [1m[93m^^^^^^^[0m
[1m[96m...[0m
[1m[96m76[0m [1m[96m|[0m     fn apply(&self, state: &mut BlockState) -> Result<bool> {
   [1m[96m|[0m        [1m[93m^^^^^[0m

[1m[93mwarning[0m[1m[97m: enum `BlockStateUpgradeStatus` is never used[0m
   [1m[96m--> [0mcrates\bedrock-world\src\block\block_state\block_state_upgrade.rs:122:10
    [1m[96m|[0m
[1m[96m122[0m [1m[96m|[0m pub enum BlockStateUpgradeStatus {
    [1m[96m|[0m          [1m[93m^^^^^^^^^^^^^^^^^^^^^^^[0m

[1m[93mwarning[0m[1m[97m: struct `BlockStateUpgradeResult` is never constructed[0m
   [1m[96m--> [0mcrates\bedrock-world\src\block\block_state\block_state_upgrade.rs:143:12
    [1m[96m|[0m
[1m[96m143[0m [1m[96m|[0m pub struct BlockStateUpgradeResult {
    [1m[96m|[0m            [1m[93m^^^^^^^^^^^^^^^^^^^^^^^[0m

[1m[93mwarning[0m[1m[97m: struct `BlockStateUpgrader` is never constructed[0m
   [1m[96m--> [0mcrates\bedrock-world\src\block\block_state\block_state_upgrade.rs:152:12
    [1m[96m|[0m
[1m[96m152[0m [1m[96m|[0m pub struct BlockStateUpgrader {
    [1m[96m|[0m            [1m[93m^^^^^^^^^^^^^^^^^^[0m

[1m[93mwarning[0m[1m[97m: multiple associated items are never used[0m
   [1m[96m--> [0mcrates\bedrock-world\src\block\block_state\block_state_upgrade.rs:160:18
    [1m[96m|[0m
[1m[96m157[0m [1m[96m|[0m impl BlockStateUpgrader {
    [1m[96m|[0m [1m[96m-----------------------[0m [1m[96massociated items in this implementation[0m
[1m[96m...[0m
[1m[96m160[0m [1m[96m|[0m     pub const fn new(target_version: i32) -> Self {
    [1m[96m|[0m                  [1m[93m^^^[0m
[1m[96m...[0m
[1m[96m169[0m [1m[96m|[0m     pub const fn target_version(&self) -> i32 {
    [1m[96m|[0m                  [1m[93m^^^^^^^^^^^^^^[0m
[1m[96m...[0m
[1m[96m174[0m [1m[96m|[0m     pub fn push_rule(&mut self, rule: BlockStateUpgradeRule) {
    [1m[96m|[0m            [1m[93m^^^^^^^^^[0m
[1m[96m...[0m
[1m[96m180[0m [1m[96m|[0m     pub fn rules(&self) -> &[BlockStateUpgradeRule] {
    [1m[96m|[0m            [1m[93m^^^^^[0m
[1m[96m...[0m
[1m[96m185[0m [1m[96m|[0m     pub fn upgrade(&self, state: &BlockState) -> Result<BlockStateUpgradeResult> {
    [1m[96m|[0m            [1m[93m^^^^^^^[0m
[1m[96m...[0m
[1m[96m227[0m [1m[96m|[0m     pub fn upgrade_strict(&self, state: &BlockState) -> Result<BlockState> {
    [1m[96m|[0m            [1m[93m^^^^^^^^^^^^^^[0m
[1m[96m...[0m
[1m[96m233[0m [1m[96m|[0m     pub fn upgrade_strict_with_validator<F>(
    [1m[96m|[0m            [1m[93m^^^^^^^^^^^^^^^^^^^^^^^^^^^^^[0m

[1m[93mwarning[0m[1m[97m: constant `PINNED_LEGACY_BLOCK_ID_MAP_FILE` is never used[0m
  [1m[96m--> [0mcrates\bedrock-world\src\block\version\corpus.rs:16:11
   [1m[96m|[0m
[1m[96m16[0m [1m[96m|[0m pub const PINNED_LEGACY_BLOCK_ID_MAP_FILE: &str = "block_legacy_id_map.json";
   [1m[96m|[0m           [1m[93m^^^^^^^^^^^^^^^^^^^^^^^^^^^^^^^[0m

[1m[93mwarning[0m[1m[97m: constant `PINNED_LEGACY_ID_META_1_9_TABLE_FILE` is never used[0m
  [1m[96m--> [0mcrates\bedrock-world\src\block\version\corpus.rs:18:11
   [1m[96m|[0m
[1m[96m18[0m [1m[96m|[0m pub const PINNED_LEGACY_ID_META_1_9_TABLE_FILE: &str = "id_meta_to_nbt/1.9.0.bin";
   [1m[96m|[0m           [1m[93m^^^^^^^^^^^^^^^^^^^^^^^^^^^^^^^^^^^^[0m

[1m[93mwarning[0m[1m[97m: constant `PINNED_LEGACY_ID_META_1_12_TABLE_FILE` is never used[0m
  [1m[96m--> [0mcrates\bedrock-world\src\block\version\corpus.rs:20:11
   [1m[96m|[0m
[1m[96m20[0m [1m[96m|[0m pub const PINNED_LEGACY_ID_META_1_12_TABLE_FILE: &str = "id_meta_to_nbt/1.12.0.bin";
   [1m[96m|[0m           [1m[93m^^^^^^^^^^^^^^^^^^^^^^^^^^^^^^^^^^^^^[0m

[1m[93mwarning[0m[1m[97m: methods `legacy_numeric_1_9` and `legacy_numeric_1_12` are never used[0m
   [1m[96m--> [0mcrates\bedrock-world\src\block\version\corpus_bundle.rs:247:18
    [1m[96m|[0m
[1m[96m238[0m [1m[96m|[0m impl PinnedBlockMigrationBundle {
    [1m[96m|[0m [1m[96m-------------------------------[0m [1m[96mmethods in this implementation[0m
[1m[96m...[0m
[1m[96m247[0m [1m[96m|[0m     pub const fn legacy_numeric_1_9(&self) -> &LegacyNumericBlockStateTable {
    [1m[96m|[0m                  [1m[93m^^^^^^^^^^^^^^^^^^[0m
[1m[96m...[0m
[1m[96m253[0m [1m[96m|[0m     pub const fn legacy_numeric_1_12(&self) -> &LegacyNumericBlockStateTable {
    [1m[96m|[0m                  [1m[93m^^^^^^^^^^^^^^^^^^^[0m

[1m[93mwarning[0m[1m[97m: function `verify_pinned_block_migration_corpus` is never used[0m
   [1m[96m--> [0mcrates\bedrock-world\src\block\version\corpus_bundle.rs:276:8
    [1m[96m|[0m
[1m[96m276[0m [1m[96m|[0m pub fn verify_pinned_block_migration_corpus(root: impl AsRef<Path>) -> Result<()> {
    [1m[96m|[0m        [1m[93m^^^^^^^^^^^^^^^^^^^^^^^^^^^^^^^^^^^^[0m

[1m[93mwarning[0m[1m[97m: function `load_pinned_block_migration_bundle_from_dir` is never used[0m
   [1m[96m--> [0mcrates\bedrock-world\src\block\version\corpus_bundle.rs:282:8
    [1m[96m|[0m
[1m[96m282[0m [1m[96m|[0m pub fn load_pinned_block_migration_bundle_from_dir(
    [1m[96m|[0m        [1m[93m^^^^^^^^^^^^^^^^^^^^^^^^^^^^^^^^^^^^^^^^^^^[0m

[1m[93mwarning[0m[1m[97m: associated function `new` is never used[0m
  [1m[96m--> [0mcrates\bedrock-world\src\chunk\subchunk_storage.rs:30:8
   [1m[96m|[0m
[1m[96m29[0m [1m[96m|[0m impl SubChunkStorageWriteReport {
   [1m[96m|[0m [1m[96m-------------------------------[0m [1m[96massociated function in this implementation[0m
[1m[96m30[0m [1m[96m|[0m     fn new(target: SubChunkVersion) -> Self {
   [1m[96m|[0m        [1m[93m^^^[0m

[1m[93mwarning[0m[1m[97m: associated function `new` is never used[0m
  [1m[96m--> [0mcrates\bedrock-world\src\chunk\subchunk_storage.rs:61:8
   [1m[96m|[0m
[1m[96m60[0m [1m[96m|[0m impl SubChunkDowngradeWriteReport {
   [1m[96m|[0m [1m[96m---------------------------------[0m [1m[96massociated function in this implementation[0m
[1m[96m61[0m [1m[96m|[0m     fn new(target: SubChunkVersion, palette: &VanillaBlockStatePalette) -> Self {
   [1m[96m|[0m        [1m[93m^^^[0m

[1m[93mwarning[0m[1m[97m: function `stage_subchunks_as_version` is never used[0m
  [1m[96m--> [0mcrates\bedrock-world\src\chunk\subchunk_storage.rs:78:15
   [1m[96m|[0m
[1m[96m78[0m [1m[96m|[0m pub(crate) fn stage_subchunks_as_version(
   [1m[96m|[0m               [1m[93m^^^^^^^^^^^^^^^^^^^^^^^^^^[0m

[1m[93mwarning[0m[1m[97m: function `stage_subchunks_for_exact_downgrade` is never used[0m
   [1m[96m--> [0mcrates\bedrock-world\src\chunk\subchunk_storage.rs:124:15
    [1m[96m|[0m
[1m[96m124[0m [1m[96m|[0m pub(crate) fn stage_subchunks_for_exact_downgrade(
    [1m[96m|[0m               [1m[93m^^^^^^^^^^^^^^^^^^^^^^^^^^^^^^^^^^^[0m

[1m[93mwarning[0m[1m[97m: function `reject_unknown_world_target` is never used[0m
   [1m[96m--> [0mcrates\bedrock-world\src\chunk\subchunk_storage.rs:190:4
    [1m[96m|[0m
[1m[96m190[0m [1m[96m|[0m fn reject_unknown_world_target(target: SubChunkVersion) -> Result<()> {
    [1m[96m|[0m    [1m[93m^^^^^^^^^^^^^^^^^^^^^^^^^^^[0m

[1m[93mwarning[0m[1m[97m: function `subchunk_source_version` is never used[0m
   [1m[96m--> [0mcrates\bedrock-world\src\chunk\subchunk_storage.rs:199:4
    [1m[96m|[0m
[1m[96m199[0m [1m[96m|[0m fn subchunk_source_version(key: &crate::chunk::ChunkKey, value: &[u8]) -> Result<SubChunkVersion> {
    [1m[96m|[0m    [1m[93m^^^^^^^^^^^^^^^^^^^^^^^[0m

[1m[93mwarning[0m[1m[97m: function `subchunk_y` is never used[0m
   [1m[96m--> [0mcrates\bedrock-world\src\chunk\subchunk_storage.rs:205:4
    [1m[96m|[0m
[1m[96m205[0m [1m[96m|[0m fn subchunk_y(key: &crate::chunk::ChunkKey) -> Result<i8> {
    [1m[96m|[0m    [1m[93m^^^^^^^^^^[0m

[1m[93mwarning[0m[1m[97m: function `stage_world_entity_to_digp_actorprefix` is never used[0m
   [1m[96m--> [0mcrates\bedrock-world\src\entity\actor_storage.rs:156:15
    [1m[96m|[0m
[1m[96m156[0m [1m[96m|[0m pub(crate) fn stage_world_entity_to_digp_actorprefix(
    [1m[96m|[0m               [1m[93m^^^^^^^^^^^^^^^^^^^^^^^^^^^^^^^^^^^^^^[0m

[1m[93mwarning[0m[1m[97m: function `stage_world_digp_actorprefix_to_entity` is never used[0m
   [1m[96m--> [0mcrates\bedrock-world\src\entity\actor_storage.rs:264:15
    [1m[96m|[0m
[1m[96m264[0m [1m[96m|[0m pub(crate) fn stage_world_digp_actorprefix_to_entity(
    [1m[96m|[0m               [1m[93m^^^^^^^^^^^^^^^^^^^^^^^^^^^^^^^^^^^^^^[0m

[1m[93mwarning[0m[1m[97m: struct `ActorStorageSnapshot` is never constructed[0m
   [1m[96m--> [0mcrates\bedrock-world\src\entity\actor_storage.rs:369:8
    [1m[96m|[0m
[1m[96m369[0m [1m[96m|[0m struct ActorStorageSnapshot {
    [1m[96m|[0m        [1m[93m^^^^^^^^^^^^^^^^^^^^[0m

[1m[93mwarning[0m[1m[97m: function `scan_actor_storage` is never used[0m
   [1m[96m--> [0mcrates\bedrock-world\src\entity\actor_storage.rs:375:4
    [1m[96m|[0m
[1m[96m375[0m [1m[96m|[0m fn scan_actor_storage(storage: &dyn WorldStorage) -> Result<ActorStorageSnapshot> {
    [1m[96m|[0m    [1m[93m^^^^^^^^^^^^^^^^^^[0m

[1m[93mwarning[0m[1m[97m: function `validate_digest_ownership` is never used[0m
   [1m[96m--> [0mcrates\bedrock-world\src\entity\actor_storage.rs:404:4
    [1m[96m|[0m
[1m[96m404[0m [1m[96m|[0m fn validate_digest_ownership(
    [1m[96m|[0m    [1m[93m^^^^^^^^^^^^^^^^^^^^^^^^^[0m

[1m[93mwarning[0m[1m[97m: constant `PINNED_ITEM_UPGRADE_SCHEMA_COMMIT` is never used[0m
  [1m[96m--> [0mcrates\bedrock-world\src\item\saved_item.rs:19:11
   [1m[96m|[0m
[1m[96m19[0m [1m[96m|[0m pub const PINNED_ITEM_UPGRADE_SCHEMA_COMMIT: &str = "e19685d2e7e76eb7446115c556df34e5d627d072";
   [1m[96m|[0m           [1m[93m^^^^^^^^^^^^^^^^^^^^^^^^^^^^^^^^^[0m

[1m[93mwarning[0m[1m[97m: constant `PINNED_ITEM_UPGRADE_SCHEMA_TREE` is never used[0m
  [1m[96m--> [0mcrates\bedrock-world\src\item\saved_item.rs:21:11
   [1m[96m|[0m
[1m[96m21[0m [1m[96m|[0m pub const PINNED_ITEM_UPGRADE_SCHEMA_TREE: &str = "33ea604960ce4182c4113dce948603638ce69cee";
   [1m[96m|[0m           [1m[93m^^^^^^^^^^^^^^^^^^^^^^^^^^^^^^^[0m

[1m[93mwarning[0m[1m[97m: method `schema_count` is never used[0m
   [1m[96m--> [0mcrates\bedrock-world\src\item\saved_item.rs:377:12
    [1m[96m|[0m
[1m[96m269[0m [1m[96m|[0m impl AuthoritativeItemMigrationCatalog {
    [1m[96m|[0m [1m[96m--------------------------------------[0m [1m[96mmethod in this implementation[0m
[1m[96m...[0m
[1m[96m377[0m [1m[96m|[0m     pub fn schema_count(&self) -> usize {
    [1m[96m|[0m            [1m[93m^^^^^^^^^^^^[0m

[1m[93mwarning[0m[1m[97m: enum `ItemMigrationPolicy` is never used[0m
   [1m[96m--> [0mcrates\bedrock-world\src\item\saved_item.rs:384:10
    [1m[96m|[0m
[1m[96m384[0m [1m[96m|[0m pub enum ItemMigrationPolicy {
    [1m[96m|[0m          [1m[93m^^^^^^^^^^^^^^^^^^^[0m

[1m[93mwarning[0m[1m[97m: enum `ItemMigrationStatus` is never used[0m
   [1m[96m--> [0mcrates\bedrock-world\src\item\saved_item.rs:394:10
    [1m[96m|[0m
[1m[96m394[0m [1m[96m|[0m pub enum ItemMigrationStatus {
    [1m[96m|[0m          [1m[93m^^^^^^^^^^^^^^^^^^^[0m

[1m[93mwarning[0m[1m[97m: struct `ItemStackMigrationOutcome` is never constructed[0m
   [1m[96m--> [0mcrates\bedrock-world\src\item\saved_item.rs:407:12
    [1m[96m|[0m
[1m[96m407[0m [1m[96m|[0m pub struct ItemStackMigrationOutcome {
    [1m[96m|[0m            [1m[93m^^^^^^^^^^^^^^^^^^^^^^^^^[0m

[1m[93mwarning[0m[1m[97m: trait `LegacyBlockItemResolver` is never used[0m
   [1m[96m--> [0mcrates\bedrock-world\src\item\saved_item.rs:417:11
    [1m[96m|[0m
[1m[96m417[0m [1m[96m|[0m pub trait LegacyBlockItemResolver: Send + Sync {
    [1m[96m|[0m           [1m[93m^^^^^^^^^^^^^^^^^^^^^^^[0m

[1m[93mwarning[0m[1m[97m: struct `BlockItemMigrationContext` is never constructed[0m
   [1m[96m--> [0mcrates\bedrock-world\src\item\saved_item.rs:433:12
    [1m[96m|[0m
[1m[96m433[0m [1m[96m|[0m pub struct BlockItemMigrationContext<'a> {
    [1m[96m|[0m            [1m[93m^^^^^^^^^^^^^^^^^^^^^^^^^[0m

[1m[93mwarning[0m[1m[97m: struct `ItemNbtMigrationReport` is never constructed[0m
   [1m[96m--> [0mcrates\bedrock-world\src\item\saved_item.rs:446:12
    [1m[96m|[0m
[1m[96m446[0m [1m[96m|[0m pub struct ItemNbtMigrationReport {
    [1m[96m|[0m            [1m[93m^^^^^^^^^^^^^^^^^^^^^^[0m

[1m[93mwarning[0m[1m[97m: struct `ItemNbtMigrationOutcome` is never constructed[0m
   [1m[96m--> [0mcrates\bedrock-world\src\item\saved_item.rs:463:12
    [1m[96m|[0m
[1m[96m463[0m [1m[96m|[0m pub struct ItemNbtMigrationOutcome {
    [1m[96m|[0m            [1m[93m^^^^^^^^^^^^^^^^^^^^^^^[0m

[1m[93mwarning[0m[1m[97m: function `migrate_item_stack_nbt` is never used[0m
   [1m[96m--> [0mcrates\bedrock-world\src\item\saved_item.rs:471:8
    [1m[96m|[0m
[1m[96m471[0m [1m[96m|[0m pub fn migrate_item_stack_nbt(
    [1m[96m|[0m        [1m[93m^^^^^^^^^^^^^^^^^^^^^^[0m

[1m[93mwarning[0m[1m[97m: function `migrate_item_stacks_in_nbt` is never used[0m
   [1m[96m--> [0mcrates\bedrock-world\src\item\saved_item.rs:588:8
    [1m[96m|[0m
[1m[96m588[0m [1m[96m|[0m pub fn migrate_item_stacks_in_nbt(
    [1m[96m|[0m        [1m[93m^^^^^^^^^^^^^^^^^^^^^^^^^^[0m

[1m[93mwarning[0m[1m[97m: function `migrate_tree` is never used[0m
   [1m[96m--> [0mcrates\bedrock-world\src\item\saved_item.rs:599:4
    [1m[96m|[0m
[1m[96m599[0m [1m[96m|[0m fn migrate_tree(
    [1m[96m|[0m    [1m[93m^^^^^^^^^^^^[0m

[1m[93mwarning[0m[1m[97m: function `verify_pinned_item_migration_corpus` is never used[0m
   [1m[96m--> [0mcrates\bedrock-world\src\item\saved_item.rs:672:8
    [1m[96m|[0m
[1m[96m672[0m [1m[96m|[0m pub fn verify_pinned_item_migration_corpus(root: impl AsRef<Path>) -> Result<()> {
    [1m[96m|[0m        [1m[93m^^^^^^^^^^^^^^^^^^^^^^^^^^^^^^^^^^^[0m

[1m[93mwarning[0m[1m[97m: enum `RawItemId` is never used[0m
   [1m[96m--> [0mcrates\bedrock-world\src\item\saved_item.rs:783:6
    [1m[96m|[0m
[1m[96m783[0m [1m[96m|[0m enum RawItemId {
    [1m[96m|[0m      [1m[93m^^^^^^^^^[0m

[1m[93mwarning[0m[1m[97m: enum `ItemIdSource` is never used[0m
   [1m[96m--> [0mcrates\bedrock-world\src\item\saved_item.rs:790:6
    [1m[96m|[0m
[1m[96m790[0m [1m[96m|[0m enum ItemIdSource {
    [1m[96m|[0m      [1m[93m^^^^^^^^^^^^[0m

[1m[93mwarning[0m[1m[97m: function `read_item_id` is never used[0m
   [1m[96m--> [0mcrates\bedrock-world\src\item\saved_item.rs:796:4
    [1m[96m|[0m
[1m[96m796[0m [1m[96m|[0m fn read_item_id(root: &IndexMap<String, NbtTag>) -> Result<Option<RawItemId>> {
    [1m[96m|[0m    [1m[93m^^^^^^^^^^^^[0m

[1m[93mwarning[0m[1m[97m: function `read_item_meta` is never used[0m
   [1m[96m--> [0mcrates\bedrock-world\src\item\saved_item.rs:825:4
    [1m[96m|[0m
[1m[96m825[0m [1m[96m|[0m fn read_item_meta(root: &IndexMap<String, NbtTag>) -> Result<i32> {
    [1m[96m|[0m    [1m[93m^^^^^^^^^^^^^^[0m

[1m[93mwarning[0m[1m[97m: function `integer_i32` is never used[0m
   [1m[96m--> [0mcrates\bedrock-world\src\item\saved_item.rs:836:4
    [1m[96m|[0m
[1m[96m836[0m [1m[96m|[0m fn integer_i32(value: &NbtTag) -> Option<i32> {
    [1m[96m|[0m    [1m[93m^^^^^^^^^^^[0m

[1m[93mwarning[0m[1m[97m: function `looks_like_item_stack` is never used[0m
   [1m[96m--> [0mcrates\bedrock-world\src\item\saved_item.rs:846:4
    [1m[96m|[0m
[1m[96m846[0m [1m[96m|[0m fn looks_like_item_stack(root: &IndexMap<String, NbtTag>) -> bool {
    [1m[96m|[0m    [1m[93m^^^^^^^^^^^^^^^^^^^^^[0m

[1m[93mwarning[0m[1m[97m: function `write_item_identity` is never used[0m
   [1m[96m--> [0mcrates\bedrock-world\src\item\saved_item.rs:865:4
    [1m[96m|[0m
[1m[96m865[0m [1m[96m|[0m fn write_item_identity(
    [1m[96m|[0m    [1m[93m^^^^^^^^^^^^^^^^^^^[0m

[1m[93mwarning[0m[1m[97m: function `parse_block_state` is never used[0m
   [1m[96m--> [0mcrates\bedrock-world\src\item\saved_item.rs:894:4
    [1m[96m|[0m
[1m[96m894[0m [1m[96m|[0m fn parse_block_state(tag: &NbtTag) -> Result<BlockState> {
    [1m[96m|[0m    [1m[93m^^^^^^^^^^^^^^^^^[0m

[1m[93mwarning[0m[1m[97m: function `merge_block_state` is never used[0m
   [1m[96m--> [0mcrates\bedrock-world\src\item\saved_item.rs:934:4
    [1m[96m|[0m
[1m[96m934[0m [1m[96m|[0m fn merge_block_state(original: Option<&NbtTag>, state: &BlockState) -> NbtTag {
    [1m[96m|[0m    [1m[93m^^^^^^^^^^^^^^^^^[0m

[1m[93mwarning[0m[1m[97m: function `unresolved` is never used[0m
   [1m[96m--> [0mcrates\bedrock-world\src\item\saved_item.rs:956:4
    [1m[96m|[0m
[1m[96m956[0m [1m[96m|[0m fn unresolved(
    [1m[96m|[0m    [1m[93m^^^^^^^^^^[0m

[1m[93mwarning[0m[1m[97m: struct `LocalPlayerStorageMoveReport` is never constructed[0m
  [1m[96m--> [0mcrates\bedrock-world\src\player\local_player.rs:21:12
   [1m[96m|[0m
[1m[96m21[0m [1m[96m|[0m pub struct LocalPlayerStorageMoveReport {
   [1m[96m|[0m            [1m[93m^^^^^^^^^^^^^^^^^^^^^^^^^^^^[0m

[1m[93mwarning[0m[1m[97m: function `move_level_dat_player_to_local_player` is never used[0m
  [1m[96m--> [0mcrates\bedrock-world\src\player\local_player.rs:81:8
   [1m[96m|[0m
[1m[96m81[0m [1m[96m|[0m pub fn move_level_dat_player_to_local_player(
   [1m[96m|[0m        [1m[93m^^^^^^^^^^^^^^^^^^^^^^^^^^^^^^^^^^^^^[0m

[1m[93mwarning[0m[1m[97m: function `move_local_player_to_level_dat` is never used[0m
   [1m[96m--> [0mcrates\bedrock-world\src\player\local_player.rs:126:8
    [1m[96m|[0m
[1m[96m126[0m [1m[96m|[0m pub fn move_local_player_to_level_dat(
    [1m[96m|[0m        [1m[93m^^^^^^^^^^^^^^^^^^^^^^^^^^^^^^[0m

[1m[93mwarning[0m[1m[97m: enum `LocalPlayerStorage` is never used[0m
  [1m[96m--> [0mcrates\bedrock-world\src\player\storage.rs:17:10
   [1m[96m|[0m
[1m[96m17[0m [1m[96m|[0m pub enum LocalPlayerStorage {
   [1m[96m|[0m          [1m[93m^^^^^^^^^^^^^^^^^^[0m

[1m[93mwarning[0m[1m[97m: fields `origin_chunk_x` and `origin_chunk_z` are never read[0m
  [1m[96m--> [0mcrates\bedrock-world\src\database\pocket_chunks.rs:29:5
   [1m[96m|[0m
[1m[96m27[0m [1m[96m|[0m pub(crate) struct PocketChunksDatStorage {
   [1m[96m|[0m                   [1m[96m----------------------[0m [1m[96mfields in this struct[0m
[1m[96m28[0m [1m[96m|[0m     values: Arc<BTreeMap<Vec<u8>, Bytes>>,
[1m[96m29[0m [1m[96m|[0m     origin_chunk_x: i32,
   [1m[96m|[0m     [1m[93m^^^^^^^^^^^^^^[0m
[1m[96m30[0m [1m[96m|[0m     origin_chunk_z: i32,
   [1m[96m|[0m     [1m[93m^^^^^^^^^^^^^^[0m
   [1m[96m|[0m
   [1m[96m= [0m[1m[97mnote[0m: `PocketChunksDatStorage` has derived impls for the traits `Clone` and `Debug`, but these are intentionally ignored during dead code analysis

[1m[93mwarning[0m[1m[97m: methods `origin_chunk_x` and `origin_chunk_z` are never used[0m
  [1m[96m--> [0mcrates\bedrock-world\src\database\pocket_chunks.rs:55:25
   [1m[96m|[0m
[1m[96m33[0m [1m[96m|[0m impl PocketChunksDatStorage {
   [1m[96m|[0m [1m[96m---------------------------[0m [1m[96mmethods in this implementation[0m
[1m[96m...[0m
[1m[96m55[0m [1m[96m|[0m     pub(crate) const fn origin_chunk_x(&self) -> i32 {
   [1m[96m|[0m                         [1m[93m^^^^^^^^^^^^^^[0m
[1m[96m...[0m
[1m[96m60[0m [1m[96m|[0m     pub(crate) const fn origin_chunk_z(&self) -> i32 {
   [1m[96m|[0m                         [1m[93m^^^^^^^^^^^^^^[0m

[1m[92m    Checking[0m hyper-tls v0.6.0
[1m[92m    Checking[0m interceptor v0.17.2
[1m[92m    Checking[0m derive_builder v0.20.2
[1m[93mwarning[0m: `bedrock-world` (lib) generated 82 warnings (run `cargo fix --lib -p bedrock-world` to apply 13 suggestions)
[1m[92m    Checking[0m crypto-common v0.2.1
[1m[92m    Checking[0m block-buffer v0.12.0
[1m[92m    Checking[0m tinywasm-types v0.10.0
[1m[92m    Checking[0m ordered_hash_map v0.5.0
[1m[92m    Checking[0m webrtc-media v0.17.2
[1m[92m    Checking[0m windows-service v0.7.0
[1m[92m    Checking[0m crossbeam v0.8.4
[1m[92m    Checking[0m rcgen v0.12.1
[1m[92m   Compiling[0m derivative v2.2.0
[1m[92m    Checking[0m winreg v0.52.0
[1m[92m    Checking[0m getopts v0.2.24
[1m[92m    Checking[0m machine-uid v0.5.4
[1m[92m   Compiling[0m bedrock-render v0.7.0 (D:\a\Better-Minecraft-Bedrock-Launcher\Better-Minecraft-Bedrock-Launcher\crates\bedrock-render)
[1m[92m    Checking[0m tokio-stream v0.1.18
[1m[92m    Checking[0m gethostname v0.5.0
[1m[92m   Compiling[0m lucide-gpui v0.1.0 (D:\a\Better-Minecraft-Bedrock-Launcher\Better-Minecraft-Bedrock-Launcher\crates\lucide-gpui)
[1m[92m   Compiling[0m sentry v0.49.0
[1m[92m    Checking[0m pbjson v0.9.0
[1m[92m    Checking[0m ipnetwork v0.20.0
[1m[92m    Checking[0m os_info v3.15.0
[1m[92m   Compiling[0m delegate v0.13.5
[1m[92m   Compiling[0m async-recursion v1.1.1
[1m[92m   Compiling[0m auto_impl v1.3.0
[1m[92m    Checking[0m servo_arc v0.4.3
[1m[92m    Checking[0m wasmparser v0.254.0
[1m[92m    Checking[0m hostname v0.4.2
[1m[92m    Checking[0m version-compare v0.2.1
[1m[92m   Compiling[0m pulldown-cmark v0.13.4
[1m[92m    Checking[0m const-oid v0.10.2
[1m[92m    Checking[0m atomic-shim v0.2.0
[1m[92m    Checking[0m wildmatch v2.6.1
[1m[92m   Compiling[0m rfd v0.17.2
[1m[92m    Checking[0m atomic_refcell v0.1.13
[1m[92m    Checking[0m timedmap v1.0.1
[1m[92m    Checking[0m digest v0.11.2
[1m[92m   Compiling[0m bmcbl v0.2.0 (D:\a\Better-Minecraft-Bedrock-Launcher\Better-Minecraft-Bedrock-Launcher)
[1m[93mwarning[0m[1m[97m: usage of an `unsafe` block[0m
   [1m[96m--> [0mbuild.rs:286:16
    [1m[96m|[0m
[1m[96m286[0m [1m[96m|[0m     let info = unsafe { &*(fixed as *const _ as *const VsFixedFileInfoWin32) };
    [1m[96m|[0m                [1m[93m^^^^^^^^^^^^^^^^^^^^^^^^^^^^^^^^^^^^^^^^^^^^^^^^^^^^^^^^^^^^^^^[0m
    [1m[96m|[0m
    [1m[96m= [0m[1m[97mnote[0m: requested on the command line with `-W unsafe-code`

[1m[92m    Checking[0m html5ever v0.39.0
[1m[92m    Checking[0m sentry-backtrace v0.49.0
[1m[92m    Checking[0m sysinfo v0.38.0
[1m[92m   Compiling[0m bmcbl_plugin_macros v0.1.0 (D:\a\Better-Minecraft-Bedrock-Launcher\Better-Minecraft-Bedrock-Launcher\crates\bmcbl-plugin-macros)
[1m[92m    Checking[0m raknet v0.2.0 (D:\a\Better-Minecraft-Bedrock-Launcher\Better-Minecraft-Bedrock-Launcher\crates\raknet\raknet)
[1m[93mwarning[0m: `bmcbl` (build script) generated 1 warning
[1m[92m   Compiling[0m gpui-router-macros v0.3.0
[1m[92m   Compiling[0m gpui_hooks_macros v0.1.0 (D:\a\Better-Minecraft-Bedrock-Launcher\Better-Minecraft-Bedrock-Launcher\crates\gpui-hooks-macros)
[1m[92m    Checking[0m notify-types v2.1.0
[1m[92m    Checking[0m matchit v0.8.6
[1m[92m    Checking[0m pulldown-cmark-escape v0.11.0
[1m[92m    Checking[0m xml v1.2.0
[1m[92m    Checking[0m typed-path v0.12.3
[1m[92m    Checking[0m ego-tree v0.11.0
[1m[92m    Checking[0m httpdate v1.0.3
[1m[92m    Checking[0m scraper v0.27.0
[1m[92m    Checking[0m xmltree v0.12.0
[1m[92m    Checking[0m rustls-webpki v0.103.8
[1m[92m    Checking[0m notify v8.2.0
[1m[92m    Checking[0m zip v9.0.0-pre2
[1m[92m    Checking[0m bmcbl_plugin_api v0.1.0 (D:\a\Better-Minecraft-Bedrock-Launcher\Better-Minecraft-Bedrock-Launcher\crates\bmcbl-plugin-api)
[1m[93mwarning[0m[1m[97m: usage of an `unsafe` block[0m
    [1m[96m--> [0mcrates\bmcbl-plugin-api\src\lib.rs:2545:17
     [1m[96m|[0m
[1m[96m2545[0m [1m[96m|[0m     let slice = unsafe { alloc::slice::from_raw_parts(ptr as *const u8, len as usize) };
     [1m[96m|[0m                 [1m[93m^^^^^^^^^^^^^^^^^^^^^^^^^^^^^^^^^^^^^^^^^^^^^^^^^^^^^^^^^^^^^^^^^^^^^^^[0m
     [1m[96m|[0m
     [1m[96m= [0m[1m[97mnote[0m: requested on the command line with `-W unsafe-code`

[1m[92m    Checking[0m raknet-tokio v0.2.0 (D:\a\Better-Minecraft-Bedrock-Launcher\Better-Minecraft-Bedrock-Launcher\crates\raknet\raknet-tokio)
[1m[92m    Checking[0m sha2 v0.11.0
[1m[93mwarning[0m: `bmcbl_plugin_api` (lib) generated 1 warning
[1m[92m    Checking[0m bedrock-block-model v0.1.0 (D:\a\Better-Minecraft-Bedrock-Launcher\Better-Minecraft-Bedrock-Launcher\crates\bedrock-block-model)
[1m[92m    Checking[0m sysinfo v0.39.5
[1m[92m    Checking[0m tinywasm v0.10.0
[1m[93mwarning[0m[1m[97m: unused import: `ModelPlane`[0m
 [1m[96m--> [0mcrates\bedrock-block-model\src\java.rs:8:18
  [1m[96m|[0m
[1m[96m8[0m [1m[96m|[0m     ModelCuboid, ModelPlane, ModelShape, detail_cuboid_with_local_uv,
  [1m[96m|[0m                  [1m[93m^^^^^^^^^^[0m
  [1m[96m|[0m
  [1m[96m= [0m[1m[97mnote[0m: `#[warn(unused_imports)]` (part of `#[warn(unused)]`) on by default

[1m[92m    Checking[0m mc-motd v0.1.0 (https://github.com/BE-Community-Dev/mc-motd.git?branch=main#4e2cd739)
[1m[92m    Checking[0m mimalloc v0.1.52
[1m[92m    Checking[0m tokio-rustls v0.26.4
[1m[92m    Checking[0m http_req v0.13.1 (https://github.com/EasyTier/http_req.git#b10aa9fc)
[1m[92m    Checking[0m hyper-rustls v0.27.7
[1m[92m    Checking[0m tokio-websockets v0.13.2 (https://github.com/EasyTier/tokio-websockets#dc9771c7)
[1m[92m    Checking[0m dtls v0.17.2 (D:\a\Better-Minecraft-Bedrock-Launcher\Better-Minecraft-Bedrock-Launcher\vendor\dtls)
[1m[92m    Checking[0m zed-reqwest v0.12.15-zed
[1m[92m    Checking[0m rustls-platform-verifier v0.6.2
[1m[93mwarning[0m: `bedrock-block-model` (lib) generated 1 warning (run `cargo fix --lib -p bedrock-block-model` to apply 1 suggestion)
[1m[92m    Checking[0m csscolorparser v0.8.3
[1m[92m    Checking[0m reqwest v0.13.4
[1m[92m    Checking[0m keyring v3.6.3
[1m[92m    Checking[0m secrecy v0.10.3
[1m[92m    Checking[0m winreg v0.56.0
[1m[92m    Checking[0m gpui_http_client v0.2.2
[1m[92m    Checking[0m base64 v0.23.0
[1m[92m    Checking[0m md5 v0.8.0
[1m[92m    Checking[0m webrtc v0.17.2 (D:\a\Better-Minecraft-Bedrock-Launcher\Better-Minecraft-Bedrock-Launcher\vendor\webrtc)
[1m[93mwarning[0m[1m[97m: unused import: `record_animation_worker_pool_wake`[0m
  [1m[96m--> [0mcrates\gpui\src\diagnostics\performance_metrics.rs:21:41
   [1m[96m|[0m
[1m[96m21[0m [1m[96m|[0m     record_animation_stale_frame_count, record_animation_worker_pool_wake,
   [1m[96m|[0m                                         [1m[93m^^^^^^^^^^^^^^^^^^^^^^^^^^^^^^^^^[0m
   [1m[96m|[0m
   [1m[96m= [0m[1m[97mnote[0m: `#[warn(unused_imports)]` (part of `#[warn(unused)]`) on by default

[1m[93mwarning[0m[1m[97m: unused import: `SizedImageElementState`[0m
  [1m[96m--> [0mcrates\gpui\src\element\img.rs:17:46
   [1m[96m|[0m
[1m[96m17[0m [1m[96m|[0m pub(crate) use retained::{ImageElementState, SizedImageElementState};
   [1m[96m|[0m                                              [1m[93m^^^^^^^^^^^^^^^^^^^^^^[0m

[1m[92m    Checking[0m nethernet v0.2.0 (D:\a\Better-Minecraft-Bedrock-Launcher\Better-Minecraft-Bedrock-Launcher\crates\nethernet)
[1m[93mwarning[0m[1m[97m: function `record_animation_worker_pool_wake` is never used[0m
  [1m[96m--> [0mcrates\gpui\src\diagnostics\performance_metrics\animation.rs:88:15
   [1m[96m|[0m
[1m[96m88[0m [1m[96m|[0m pub(crate) fn record_animation_worker_pool_wake() {
   [1m[96m|[0m               [1m[93m^^^^^^^^^^^^^^^^^^^^^^^^^^^^^^^^^[0m
   [1m[96m|[0m
   [1m[96m= [0m[1m[97mnote[0m: `#[warn(dead_code)]` (part of `#[warn(unused)]`) on by default

[1m[93mwarning[0m: `gpui` (lib) generated 3 warnings (run `cargo fix --lib -p gpui` to apply 2 suggestions)
[1m[92m    Checking[0m gpui-router v0.3.0 (D:\a\Better-Minecraft-Bedrock-Launcher\Better-Minecraft-Bedrock-Launcher\vendor\gpui-router)
[1m[92m    Checking[0m gpui_hooks v0.1.0 (D:\a\Better-Minecraft-Bedrock-Launcher\Better-Minecraft-Bedrock-Launcher\crates\gpui-hooks)
[1m[92m    Checking[0m gpui_tokio v0.1.0 (D:\a\Better-Minecraft-Bedrock-Launcher\Better-Minecraft-Bedrock-Launcher\crates\gpui_tokio)
[1m[92m    Checking[0m easytier-bmcbl v0.1.0 (D:\a\Better-Minecraft-Bedrock-Launcher\Better-Minecraft-Bedrock-Launcher\crates\easytier-bmcbl)
[1m[93mwarning[0m[1m[97m: usage of an `unsafe` block[0m
   [1m[96m--> [0msrc\app.rs:200:5
    [1m[96m|[0m
[1m[96m200[0m [1m[96m|[0m [1m[93m/[0m     unsafe {
[1m[96m201[0m [1m[96m|[0m [1m[93m|[0m         let _ = SetCurrentProcessExplicitAppUserModelID(PCWSTR(wide.as_ptr()));
[1m[96m202[0m [1m[96m|[0m [1m[93m|[0m     }
    [1m[96m|[0m [1m[93m|_____^[0m
    [1m[96m|[0m
    [1m[96m= [0m[1m[97mnote[0m: requested on the command line with `-W unsafe-code`

[1m[93mwarning[0m[1m[97m: unused import: `default_proton_gdk_source`[0m
 [1m[96m--> [0msrc\config\config.rs:8:60
  [1m[96m|[0m
[1m[96m8[0m [1m[96m|[0m     default_log_retention_days, default_log_total_size_mb, default_proton_gdk_source,
  [1m[96m|[0m                                                            [1m[93m^^^^^^^^^^^^^^^^^^^^^^^^^[0m
  [1m[96m|[0m
  [1m[96m= [0m[1m[97mnote[0m: `#[warn(unused_imports)]` (part of `#[warn(unused)]`) on by default

[1m[93mwarning[0m[1m[97m: usage of an `unsafe` block[0m
  [1m[96m--> [0msrc\core\inject\inject_runtime.rs:47:13
   [1m[96m|[0m
[1m[96m47[0m [1m[96m|[0m [1m[93m/[0m             unsafe {
[1m[96m48[0m [1m[96m|[0m [1m[93m|[0m                 let _ = CloseHandle(self.0);
[1m[96m49[0m [1m[96m|[0m [1m[93m|[0m             }
   [1m[96m|[0m [1m[93m|_____________^[0m

[1m[93mwarning[0m[1m[97m: usage of an `unsafe` block[0m
  [1m[96m--> [0msrc\core\inject\inject_runtime.rs:69:13
   [1m[96m|[0m
[1m[96m69[0m [1m[96m|[0m [1m[93m/[0m             unsafe {
[1m[96m70[0m [1m[96m|[0m [1m[93m|[0m                 let _ = VirtualFreeEx(self.process, self.address, 0, MEM_RELEASE);
[1m[96m71[0m [1m[96m|[0m [1m[93m|[0m             }
   [1m[96m|[0m [1m[93m|_____________^[0m

[1m[93mwarning[0m[1m[97m: usage of an `unsafe` block[0m
   [1m[96m--> [0msrc\core\inject\inject_runtime.rs:115:18
    [1m[96m|[0m
[1m[96m115[0m [1m[96m|[0m     let status = unsafe { GetPackageFamilyName(process, &mut family_name_len, None) };
    [1m[96m|[0m                  [1m[93m^^^^^^^^^^^^^^^^^^^^^^^^^^^^^^^^^^^^^^^^^^^^^^^^^^^^^^^^^^^^^^^^^^^^[0m

[1m[93mwarning[0m[1m[97m: declaration of an `unsafe` function[0m
   [1m[96m--> [0msrc\core\inject\inject_runtime.rs:173:1
    [1m[96m|[0m
[1m[96m173[0m [1m[96m|[0m [1m[93m/[0m unsafe fn configure_remote_console(process: HANDLE, pid: u32, log: &dyn Fn(&str)) -> Result<()> {
[1m[96m174[0m [1m[96m|[0m [1m[93m|[0m     let kernel = unsafe { GetModuleHandleW(windows::core::w!("kernel32.dll")) }
[1m[96m175[0m [1m[96m|[0m [1m[93m|[0m         .map_err(|error| classify_windows_error("GetModuleHandleW(kernel32)", pid, error))?;
[1m[96m...[0m   [1m[93m|[0m
[1m[96m237[0m [1m[96m|[0m [1m[93m|[0m     Ok(())
[1m[96m238[0m [1m[96m|[0m [1m[93m|[0m }
    [1m[96m|[0m [1m[93m|_^[0m

[1m[93mwarning[0m[1m[97m: usage of an `unsafe` block[0m
   [1m[96m--> [0msrc\core\inject\inject_runtime.rs:174:18
    [1m[96m|[0m
[1m[96m174[0m [1m[96m|[0m     let kernel = unsafe { GetModuleHandleW(windows::core::w!("kernel32.dll")) }
    [1m[96m|[0m                  [1m[93m^^^^^^^^^^^^^^^^^^^^^^^^^^^^^^^^^^^^^^^^^^^^^^^^^^^^^^^^^^^^^^[0m

[1m[93mwarning[0m[1m[97m: usage of an `unsafe` block[0m
   [1m[96m--> [0msrc\core\inject\inject_runtime.rs:177:33
    [1m[96m|[0m
[1m[96m177[0m [1m[96m|[0m     if let Some(free_console) = unsafe { GetProcAddress(kernel, PCSTR(b"FreeConsole\0".as_ptr())) }
    [1m[96m|[0m                                 [1m[93m^^^^^^^^^^^^^^^^^^^^^^^^^^^^^^^^^^^^^^^^^^^^^^^^^^^^^^^^^^^^^^^^^^^[0m

[1m[93mwarning[0m[1m[97m: usage of an `unsafe` block[0m
   [1m[96m--> [0msrc\core\inject\inject_runtime.rs:179:15
    [1m[96m|[0m
[1m[96m179[0m [1m[96m|[0m           match unsafe {
    [1m[96m|[0m [1m[93m _______________^[0m
[1m[96m180[0m [1m[96m|[0m [1m[93m|[0m             CreateRemoteThread(
[1m[96m181[0m [1m[96m|[0m [1m[93m|[0m                 process,
[1m[96m182[0m [1m[96m|[0m [1m[93m|[0m                 None,
[1m[96m...[0m   [1m[93m|[0m
[1m[96m189[0m [1m[96m|[0m [1m[93m|[0m         } {
    [1m[96m|[0m [1m[93m|_________^[0m

[1m[93mwarning[0m[1m[97m: usage of an `unsafe` block[0m
   [1m[96m--> [0msrc\core\inject\inject_runtime.rs:192:17
    [1m[96m|[0m
[1m[96m192[0m [1m[96m|[0m [1m[93m/[0m                 unsafe {
[1m[96m193[0m [1m[96m|[0m [1m[93m|[0m                     WaitForSingleObject(thread.raw(), 1_000);
[1m[96m194[0m [1m[96m|[0m [1m[93m|[0m                 }
    [1m[96m|[0m [1m[93m|_________________^[0m

[1m[93mwarning[0m[1m[97m: usage of an `unsafe` block[0m
   [1m[96m--> [0msrc\core\inject\inject_runtime.rs:204:9
    [1m[96m|[0m
[1m[96m204[0m [1m[96m|[0m         unsafe { GetProcAddress(kernel, PCSTR(b"AllocConsole\0".as_ptr())) }
    [1m[96m|[0m         [1m[93m^^^^^^^^^^^^^^^^^^^^^^^^^^^^^^^^^^^^^^^^^^^^^^^^^^^^^^^^^^^^^^^^^^^^[0m

[1m[93mwarning[0m[1m[97m: usage of an `unsafe` block[0m
   [1m[96m--> [0msrc\core\inject\inject_runtime.rs:206:15
    [1m[96m|[0m
[1m[96m206[0m [1m[96m|[0m           match unsafe {
    [1m[96m|[0m [1m[93m _______________^[0m
[1m[96m207[0m [1m[96m|[0m [1m[93m|[0m             CreateRemoteThread(
[1m[96m208[0m [1m[96m|[0m [1m[93m|[0m                 process,
[1m[96m209[0m [1m[96m|[0m [1m[93m|[0m                 None,
[1m[96m...[0m   [1m[93m|[0m
[1m[96m216[0m [1m[96m|[0m [1m[93m|[0m         } {
    [1m[96m|[0m [1m[93m|_________^[0m

[1m[93mwarning[0m[1m[97m: usage of an `unsafe` block[0m
   [1m[96m--> [0msrc\core\inject\inject_runtime.rs:219:28
    [1m[96m|[0m
[1m[96m219[0m [1m[96m|[0m                 let wait = unsafe { WaitForSingleObject(thread.raw(), INJECT_THREAD_TIMEOUT_MS) };
    [1m[96m|[0m                            [1m[93m^^^^^^^^^^^^^^^^^^^^^^^^^^^^^^^^^^^^^^^^^^^^^^^^^^^^^^^^^^^^^^^^^^^^^^[0m

[1m[93mwarning[0m[1m[97m: usage of an `unsafe` block[0m
   [1m[96m--> [0msrc\core\inject\inject_runtime.rs:223:32
    [1m[96m|[0m
[1m[96m223[0m [1m[96m|[0m                     let code = unsafe { GetLastError() }.0;
    [1m[96m|[0m                                [1m[93m^^^^^^^^^^^^^^^^^^^^^^^^^[0m

[1m[93mwarning[0m[1m[97m: usage of an `unsafe` block[0m
   [1m[96m--> [0msrc\core\inject\inject_runtime.rs:268:23
    [1m[96m|[0m
[1m[96m268[0m [1m[96m|[0m         let process = unsafe { OpenProcess(desired_access, false, pid) }
    [1m[96m|[0m                       [1m[93m^^^^^^^^^^^^^^^^^^^^^^^^^^^^^^^^^^^^^^^^^^^^^^^^^^[0m

[1m[93mwarning[0m[1m[97m: usage of an `unsafe` block[0m
   [1m[96m--> [0msrc\core\inject\inject_runtime.rs:288:13
    [1m[96m|[0m
[1m[96m288[0m [1m[96m|[0m [1m[93m/[0m             unsafe {
[1m[96m289[0m [1m[96m|[0m [1m[93m|[0m                 configure_remote_console(process.raw(), pid, &log)?;
[1m[96m290[0m [1m[96m|[0m [1m[93m|[0m             }
    [1m[96m|[0m [1m[93m|_____________^[0m

[1m[93mwarning[0m[1m[97m: usage of an `unsafe` block[0m
   [1m[96m--> [0msrc\core\inject\inject_runtime.rs:295:29
    [1m[96m|[0m
[1m[96m295[0m [1m[96m|[0m           let remote_memory = unsafe {
    [1m[96m|[0m [1m[93m _____________________________^[0m
[1m[96m296[0m [1m[96m|[0m [1m[93m|[0m             VirtualAllocEx(
[1m[96m297[0m [1m[96m|[0m [1m[93m|[0m                 process.raw(),
[1m[96m298[0m [1m[96m|[0m [1m[93m|[0m                 None,
[1m[96m...[0m   [1m[93m|[0m
[1m[96m303[0m [1m[96m|[0m [1m[93m|[0m         };
    [1m[96m|[0m [1m[93m|_________^[0m

[1m[93mwarning[0m[1m[97m: usage of an `unsafe` block[0m
   [1m[96m--> [0msrc\core\inject\inject_runtime.rs:305:24
    [1m[96m|[0m
[1m[96m305[0m [1m[96m|[0m             let code = unsafe { GetLastError() }.0;
    [1m[96m|[0m                        [1m[93m^^^^^^^^^^^^^^^^^^^^^^^^^[0m

[1m[93mwarning[0m[1m[97m: usage of an `unsafe` block[0m
   [1m[96m--> [0msrc\core\inject\inject_runtime.rs:310:9
    [1m[96m|[0m
[1m[96m310[0m [1m[96m|[0m [1m[93m/[0m         unsafe {
[1m[96m311[0m [1m[96m|[0m [1m[93m|[0m             WriteProcessMemory(
[1m[96m312[0m [1m[96m|[0m [1m[93m|[0m                 process.raw(),
[1m[96m313[0m [1m[96m|[0m [1m[93m|[0m                 remote_memory.address,
[1m[96m...[0m   [1m[93m|[0m
[1m[96m318[0m [1m[96m|[0m [1m[93m|[0m         }
    [1m[96m|[0m [1m[93m|_________^[0m

[1m[93mwarning[0m[1m[97m: usage of an `unsafe` block[0m
   [1m[96m--> [0msrc\core\inject\inject_runtime.rs:321:22
    [1m[96m|[0m
[1m[96m321[0m [1m[96m|[0m         let kernel = unsafe { GetModuleHandleW(windows::core::w!("kernel32.dll")) }
    [1m[96m|[0m                      [1m[93m^^^^^^^^^^^^^^^^^^^^^^^^^^^^^^^^^^^^^^^^^^^^^^^^^^^^^^^^^^^^^^[0m

[1m[93mwarning[0m[1m[97m: usage of an `unsafe` block[0m
   [1m[96m--> [0msrc\core\inject\inject_runtime.rs:323:28
    [1m[96m|[0m
[1m[96m323[0m [1m[96m|[0m         let load_library = unsafe { GetProcAddress(kernel, PCSTR(b"LoadLibraryW\0".as_ptr())) }
    [1m[96m|[0m                            [1m[93m^^^^^^^^^^^^^^^^^^^^^^^^^^^^^^^^^^^^^^^^^^^^^^^^^^^^^^^^^^^^^^^^^^^^[0m

[1m[93mwarning[0m[1m[97m: usage of an `unsafe` block[0m
   [1m[96m--> [0msrc\core\inject\inject_runtime.rs:326:29
    [1m[96m|[0m
[1m[96m326[0m [1m[96m|[0m           let remote_thread = unsafe {
    [1m[96m|[0m [1m[93m _____________________________^[0m
[1m[96m327[0m [1m[96m|[0m [1m[93m|[0m             CreateRemoteThread(
[1m[96m328[0m [1m[96m|[0m [1m[93m|[0m                 process.raw(),
[1m[96m329[0m [1m[96m|[0m [1m[93m|[0m                 None,
[1m[96m...[0m   [1m[93m|[0m
[1m[96m336[0m [1m[96m|[0m [1m[93m|[0m         }
    [1m[96m|[0m [1m[93m|_________^[0m

[1m[93mwarning[0m[1m[97m: usage of an `unsafe` block[0m
   [1m[96m--> [0msrc\core\inject\inject_runtime.rs:340:20
    [1m[96m|[0m
[1m[96m340[0m [1m[96m|[0m         let wait = unsafe { WaitForSingleObject(remote_thread.raw(), INJECT_THREAD_TIMEOUT_MS) };
    [1m[96m|[0m                    [1m[93m^^^^^^^^^^^^^^^^^^^^^^^^^^^^^^^^^^^^^^^^^^^^^^^^^^^^^^^^^^^^^^^^^^^^^^^^^^^^^[0m

[1m[93mwarning[0m[1m[97m: usage of an `unsafe` block[0m
   [1m[96m--> [0msrc\core\inject\inject_runtime.rs:348:24
    [1m[96m|[0m
[1m[96m348[0m [1m[96m|[0m             let code = unsafe { GetLastError() }.0;
    [1m[96m|[0m                        [1m[93m^^^^^^^^^^^^^^^^^^^^^^^^^[0m

[1m[93mwarning[0m[1m[97m: usage of an `unsafe` block[0m
   [1m[96m--> [0msrc\core\inject\inject_runtime.rs:363:9
    [1m[96m|[0m
[1m[96m363[0m [1m[96m|[0m         unsafe { GetExitCodeThread(remote_thread.raw(), &mut exit_code) }
    [1m[96m|[0m         [1m[93m^^^^^^^^^^^^^^^^^^^^^^^^^^^^^^^^^^^^^^^^^^^^^^^^^^^^^^^^^^^^^^^^^[0m

[1m[93mwarning[0m[1m[97m: usage of an `unsafe extern` block[0m
  [1m[96m--> [0msrc\core\inject\inject.rs:59:1
   [1m[96m|[0m
[1m[96m59[0m [1m[96m|[0m [1m[93m/[0m unsafe extern "system" {
[1m[96m60[0m [1m[96m|[0m [1m[93m|[0m     #[link_name = "CreateNamedPipeW"]
[1m[96m61[0m [1m[96m|[0m [1m[93m|[0m     fn create_named_pipe_w(
[1m[96m62[0m [1m[96m|[0m [1m[93m|[0m         name: *const u16,
[1m[96m...[0m  [1m[93m|[0m
[1m[96m94[0m [1m[96m|[0m [1m[93m|[0m     fn local_free(memory: *mut c_void) -> *mut c_void;
[1m[96m95[0m [1m[96m|[0m [1m[93m|[0m }
   [1m[96m|[0m [1m[93m|_^[0m

[1m[93mwarning[0m[1m[97m: usage of an `unsafe extern` block[0m
   [1m[96m--> [0msrc\core\inject\inject.rs:98:1
    [1m[96m|[0m
[1m[96m 98[0m [1m[96m|[0m [1m[93m/[0m unsafe extern "system" {
[1m[96m 99[0m [1m[96m|[0m [1m[93m|[0m     #[link_name = "ConvertStringSecurityDescriptorToSecurityDescriptorW"]
[1m[96m100[0m [1m[96m|[0m [1m[93m|[0m     fn convert_sddl(
[1m[96m101[0m [1m[96m|[0m [1m[93m|[0m         descriptor: *const u16,
[1m[96m...[0m   [1m[93m|[0m
[1m[96m105[0m [1m[96m|[0m [1m[93m|[0m     ) -> i32;
[1m[96m106[0m [1m[96m|[0m [1m[93m|[0m }
    [1m[96m|[0m [1m[93m|_^[0m

[1m[93mwarning[0m[1m[97m: usage of an `unsafe` block[0m
   [1m[96m--> [0msrc\core\inject\inject.rs:134:24
    [1m[96m|[0m
[1m[96m134[0m [1m[96m|[0m     let launcher_pid = unsafe { get_current_process_id_raw() };
    [1m[96m|[0m                        [1m[93m^^^^^^^^^^^^^^^^^^^^^^^^^^^^^^^^^^^^^^^[0m

[1m[93mwarning[0m[1m[97m: usage of an `unsafe` block[0m
   [1m[96m--> [0msrc\core\inject\inject.rs:253:9
    [1m[96m|[0m
[1m[96m253[0m [1m[96m|[0m [1m[93m/[0m         unsafe {
[1m[96m254[0m [1m[96m|[0m [1m[93m|[0m             let log = |message: &str| {
[1m[96m255[0m [1m[96m|[0m [1m[93m|[0m                 if let Some(callback) = &callback {
[1m[96m256[0m [1m[96m|[0m [1m[93m|[0m                     callback(message.to_string());
[1m[96m...[0m   [1m[93m|[0m
[1m[96m426[0m [1m[96m|[0m [1m[93m|[0m             Ok(pid)
[1m[96m427[0m [1m[96m|[0m [1m[93m|[0m         }
    [1m[96m|[0m [1m[93m|_________^[0m

[1m[93mwarning[0m[1m[97m: usage of an `unsafe` block[0m
   [1m[96m--> [0msrc\core\inject\inject.rs:449:25
    [1m[96m|[0m
[1m[96m449[0m [1m[96m|[0m           let converted = unsafe {
    [1m[96m|[0m [1m[93m _________________________^[0m
[1m[96m450[0m [1m[96m|[0m [1m[93m|[0m             convert_sddl(
[1m[96m451[0m [1m[96m|[0m [1m[93m|[0m                 sddl.as_ptr(),
[1m[96m452[0m [1m[96m|[0m [1m[93m|[0m                 SDDL_REVISION_1,
[1m[96m...[0m   [1m[93m|[0m
[1m[96m456[0m [1m[96m|[0m [1m[93m|[0m         };
    [1m[96m|[0m [1m[93m|_________^[0m

[1m[93mwarning[0m[1m[97m: usage of an `unsafe` block[0m
   [1m[96m--> [0msrc\core\inject\inject.rs:466:20
    [1m[96m|[0m
[1m[96m466[0m [1m[96m|[0m           let pipe = unsafe {
    [1m[96m|[0m [1m[93m ____________________^[0m
[1m[96m467[0m [1m[96m|[0m [1m[93m|[0m             create_named_pipe_w(
[1m[96m468[0m [1m[96m|[0m [1m[93m|[0m                 pipe_name.as_ptr(),
[1m[96m469[0m [1m[96m|[0m [1m[93m|[0m                 PIPE_ACCESS_OUTBOUND | FILE_FLAG_FIRST_PIPE_INSTANCE,
[1m[96m...[0m   [1m[93m|[0m
[1m[96m477[0m [1m[96m|[0m [1m[93m|[0m         };
    [1m[96m|[0m [1m[93m|_________^[0m

[1m[93mwarning[0m[1m[97m: usage of an `unsafe` block[0m
   [1m[96m--> [0msrc\core\inject\inject.rs:478:9
    [1m[96m|[0m
[1m[96m478[0m [1m[96m|[0m [1m[93m/[0m         unsafe {
[1m[96m479[0m [1m[96m|[0m [1m[93m|[0m             local_free(descriptor);
[1m[96m480[0m [1m[96m|[0m [1m[93m|[0m         }
    [1m[96m|[0m [1m[93m|_________^[0m

[1m[93mwarning[0m[1m[97m: usage of an `unsafe` block[0m
   [1m[96m--> [0msrc\core\inject\inject.rs:501:16
    [1m[96m|[0m
[1m[96m501[0m [1m[96m|[0m             if unsafe { connect_named_pipe(self.pipe, ptr::null_mut()) } != 0 {
    [1m[96m|[0m                [1m[93m^^^^^^^^^^^^^^^^^^^^^^^^^^^^^^^^^^^^^^^^^^^^^^^^^^^^^^^^^[0m

[1m[93mwarning[0m[1m[97m: usage of an `unsafe` block[0m
   [1m[96m--> [0msrc\core\inject\inject.rs:504:25
    [1m[96m|[0m
[1m[96m504[0m [1m[96m|[0m             let error = unsafe { get_last_error_raw() };
    [1m[96m|[0m                         [1m[93m^^^^^^^^^^^^^^^^^^^^^^^^^^^^^^^[0m

[1m[93mwarning[0m[1m[97m: usage of an `unsafe` block[0m
   [1m[96m--> [0msrc\core\inject\inject.rs:517:13
    [1m[96m|[0m
[1m[96m517[0m [1m[96m|[0m [1m[93m/[0m             unsafe {
[1m[96m518[0m [1m[96m|[0m [1m[93m|[0m                 close_handle_raw(self.pipe);
[1m[96m519[0m [1m[96m|[0m [1m[93m|[0m             }
    [1m[96m|[0m [1m[93m|_____________^[0m

[1m[93mwarning[0m[1m[97m: usage of an `unsafe` block[0m
   [1m[96m--> [0msrc\core\inject\inject.rs:524:12
    [1m[96m|[0m
[1m[96m524[0m [1m[96m|[0m         if unsafe { get_named_pipe_client_process_id(self.pipe, &mut client_pid) } == 0
    [1m[96m|[0m            [1m[93m^^^^^^^^^^^^^^^^^^^^^^^^^^^^^^^^^^^^^^^^^^^^^^^^^^^^^^^^^^^^^^^^^^^^^^^[0m

[1m[93mwarning[0m[1m[97m: usage of an `unsafe` block[0m
   [1m[96m--> [0msrc\core\inject\inject.rs:527:13
    [1m[96m|[0m
[1m[96m527[0m [1m[96m|[0m [1m[93m/[0m             unsafe {
[1m[96m528[0m [1m[96m|[0m [1m[93m|[0m                 disconnect_named_pipe(self.pipe);
[1m[96m529[0m [1m[96m|[0m [1m[93m|[0m                 close_handle_raw(self.pipe);
[1m[96m530[0m [1m[96m|[0m [1m[93m|[0m             }
    [1m[96m|[0m [1m[93m|_____________^[0m

[1m[93mwarning[0m[1m[97m: usage of an `unsafe` block[0m
   [1m[96m--> [0msrc\core\inject\inject.rs:536:28
    [1m[96m|[0m
[1m[96m536[0m [1m[96m|[0m         let launcher_pid = unsafe { get_current_process_id_raw() };
    [1m[96m|[0m                            [1m[93m^^^^^^^^^^^^^^^^^^^^^^^^^^^^^^^^^^^^^^^[0m

[1m[93mwarning[0m[1m[97m: usage of an `unsafe` block[0m
   [1m[96m--> [0msrc\core\inject\inject.rs:550:9
    [1m[96m|[0m
[1m[96m550[0m [1m[96m|[0m [1m[93m/[0m         unsafe {
[1m[96m551[0m [1m[96m|[0m [1m[93m|[0m             flush_file_buffers(self.pipe);
[1m[96m552[0m [1m[96m|[0m [1m[93m|[0m             disconnect_named_pipe(self.pipe);
[1m[96m553[0m [1m[96m|[0m [1m[93m|[0m             close_handle_raw(self.pipe);
[1m[96m554[0m [1m[96m|[0m [1m[93m|[0m         }
    [1m[96m|[0m [1m[93m|_________^[0m

[1m[93mwarning[0m[1m[97m: usage of an `unsafe` block[0m
   [1m[96m--> [0msrc\core\inject\inject.rs:565:13
    [1m[96m|[0m
[1m[96m565[0m [1m[96m|[0m [1m[93m/[0m             unsafe {
[1m[96m566[0m [1m[96m|[0m [1m[93m|[0m                 close_handle_raw(self.pipe);
[1m[96m567[0m [1m[96m|[0m [1m[93m|[0m             }
    [1m[96m|[0m [1m[93m|_____________^[0m

[1m[93mwarning[0m[1m[97m: usage of an `unsafe` block[0m
   [1m[96m--> [0msrc\core\inject\inject.rs:578:18
    [1m[96m|[0m
[1m[96m578[0m [1m[96m|[0m           let ok = unsafe {
    [1m[96m|[0m [1m[93m __________________^[0m
[1m[96m579[0m [1m[96m|[0m [1m[93m|[0m             write_file(
[1m[96m580[0m [1m[96m|[0m [1m[93m|[0m                 handle,
[1m[96m581[0m [1m[96m|[0m [1m[93m|[0m                 bytes[offset..].as_ptr().cast(),
[1m[96m...[0m   [1m[93m|[0m
[1m[96m586[0m [1m[96m|[0m [1m[93m|[0m         };
    [1m[96m|[0m [1m[93m|_________^[0m

[1m[93mwarning[0m[1m[97m: usage of an `unsafe` block[0m
   [1m[96m--> [0msrc\core\inject\inject.rs:616:9
    [1m[96m|[0m
[1m[96m616[0m [1m[96m|[0m [1m[93m/[0m         unsafe {
[1m[96m617[0m [1m[96m|[0m [1m[93m|[0m             let log = |message: &str| {
[1m[96m618[0m [1m[96m|[0m [1m[93m|[0m                 if let Some(callback) = &callback {
[1m[96m619[0m [1m[96m|[0m [1m[93m|[0m                     callback(message.to_string());
[1m[96m...[0m   [1m[93m|[0m
[1m[96m712[0m [1m[96m|[0m [1m[93m|[0m             Ok(())
[1m[96m713[0m [1m[96m|[0m [1m[93m|[0m         }
    [1m[96m|[0m [1m[93m|_________^[0m

[1m[93mwarning[0m[1m[97m: unused import: `LeviLaminaInstallSnapshot`[0m
  [1m[96m--> [0msrc\core\levilamina.rs:13:56
   [1m[96m|[0m
[1m[96m13[0m [1m[96m|[0m     LeviLaminaInstallHandle, LeviLaminaInstallRequest, LeviLaminaInstallSnapshot,
   [1m[96m|[0m                                                        [1m[93m^^^^^^^^^^^^^^^^^^^^^^^^^[0m

[1m[93mwarning[0m[1m[97m: unused import: `loader_versions_for_game`[0m
  [1m[96m--> [0msrc\core\levilamina.rs:19:5
   [1m[96m|[0m
[1m[96m19[0m [1m[96m|[0m     loader_versions_for_game,
   [1m[96m|[0m     [1m[93m^^^^^^^^^^^^^^^^^^^^^^^^[0m

[1m[93mwarning[0m[1m[97m: unused import: `uuid::Uuid`[0m
 [1m[96m--> [0msrc\core\minecraft\gdk\header.rs:4:5
  [1m[96m|[0m
[1m[96m4[0m [1m[96m|[0m use uuid::Uuid;
  [1m[96m|[0m     [1m[93m^^^^^^^^^^[0m

[1m[93mwarning[0m[1m[97m: declaration of an `unsafe` function[0m
   [1m[96m--> [0msrc\core\minecraft\gdk\stream.rs:111:1
    [1m[96m|[0m
[1m[96m111[0m [1m[96m|[0m [1m[93m/[0m unsafe fn read_struct_at<T: Copy>(buffer: &[u8], offset: usize) -> Result<T, String> {
[1m[96m112[0m [1m[96m|[0m [1m[93m|[0m     let size = std::mem::size_of::<T>();
[1m[96m113[0m [1m[96m|[0m [1m[93m|[0m     if offset + size > buffer.len() {
[1m[96m114[0m [1m[96m|[0m [1m[93m|[0m         return Err(format!(
[1m[96m...[0m   [1m[93m|[0m
[1m[96m123[0m [1m[96m|[0m [1m[93m|[0m     ))
[1m[96m124[0m [1m[96m|[0m [1m[93m|[0m }
    [1m[96m|[0m [1m[93m|_^[0m

[1m[93mwarning[0m[1m[97m: usage of an `unsafe` block[0m
   [1m[96m--> [0msrc\core\minecraft\gdk\stream.rs:642:9
    [1m[96m|[0m
[1m[96m642[0m [1m[96m|[0m         unsafe { read_struct_at(&header_bytes, 0) }
    [1m[96m|[0m         [1m[93m^^^^^^^^^^^^^^^^^^^^^^^^^^^^^^^^^^^^^^^^^^^[0m

[1m[93mwarning[0m[1m[97m: usage of an `unsafe` block[0m
   [1m[96m--> [0msrc\core\minecraft\gdk\stream.rs:654:48
    [1m[96m|[0m
[1m[96m654[0m [1m[96m|[0m         let user_data_header: UserDataHeader = unsafe { read_struct_at(&user_data_buffer, 0)? };
    [1m[96m|[0m                                                [1m[93m^^^^^^^^^^^^^^^^^^^^^^^^^^^^^^^^^^^^^^^^^^^^^^^^[0m

[1m[93mwarning[0m[1m[97m: usage of an `unsafe` block[0m
   [1m[96m--> [0msrc\core\minecraft\gdk\stream.rs:660:17
    [1m[96m|[0m
[1m[96m660[0m [1m[96m|[0m                 unsafe { read_struct_at(&user_data_buffer, user_data_header.length as usize)? };
    [1m[96m|[0m                 [1m[93m^^^^^^^^^^^^^^^^^^^^^^^^^^^^^^^^^^^^^^^^^^^^^^^^^^^^^^^^^^^^^^^^^^^^^^^^^^^^^^^[0m

[1m[93mwarning[0m[1m[97m: usage of an `unsafe` block[0m
   [1m[96m--> [0msrc\core\minecraft\gdk\stream.rs:665:55
    [1m[96m|[0m
[1m[96m665[0m [1m[96m|[0m                   let entry: UserDataPackageFileEntry = unsafe {
    [1m[96m|[0m [1m[93m _______________________________________________________^[0m
[1m[96m666[0m [1m[96m|[0m [1m[93m|[0m                     read_struct_at(
[1m[96m667[0m [1m[96m|[0m [1m[93m|[0m                         &user_data_buffer,
[1m[96m668[0m [1m[96m|[0m [1m[93m|[0m                         entries_offset + i * std::mem::size_of::<UserDataPackageFileEntry>(),
[1m[96m669[0m [1m[96m|[0m [1m[93m|[0m                     )?
[1m[96m670[0m [1m[96m|[0m [1m[93m|[0m                 };
    [1m[96m|[0m [1m[93m|_________________^[0m

[1m[93mwarning[0m[1m[97m: usage of an `unsafe` block[0m
   [1m[96m--> [0msrc\core\minecraft\gdk\stream.rs:701:29
    [1m[96m|[0m
[1m[96m701[0m [1m[96m|[0m         let info: XvcInfo = unsafe { read_struct_at(&buf, 0)? };
    [1m[96m|[0m                             [1m[93m^^^^^^^^^^^^^^^^^^^^^^^^^^^^^^^^^^^[0m

[1m[93mwarning[0m[1m[97m: usage of an `unsafe` block[0m
   [1m[96m--> [0msrc\core\minecraft\gdk\stream.rs:714:23
    [1m[96m|[0m
[1m[96m714[0m [1m[96m|[0m                 .push(unsafe { read_struct_at(&buf, curr)? });
    [1m[96m|[0m                       [1m[93m^^^^^^^^^^^^^^^^^^^^^^^^^^^^^^^^^^^^^^[0m

[1m[93mwarning[0m[1m[97m: usage of an `unsafe` block[0m
   [1m[96m--> [0msrc\core\minecraft\gdk\stream.rs:719:23
    [1m[96m|[0m
[1m[96m719[0m [1m[96m|[0m                 .push(unsafe { read_struct_at(&buf, curr)? });
    [1m[96m|[0m                       [1m[93m^^^^^^^^^^^^^^^^^^^^^^^^^^^^^^^^^^^^^^[0m

[1m[93mwarning[0m[1m[97m: usage of an `unsafe` block[0m
   [1m[96m--> [0msrc\core\minecraft\gdk\stream.rs:726:45
    [1m[96m|[0m
[1m[96m726[0m [1m[96m|[0m         let header: SegmentMetadataHeader = unsafe { read_struct_at(data, 0)? };
    [1m[96m|[0m                                             [1m[93m^^^^^^^^^^^^^^^^^^^^^^^^^^^^^^^^^^^[0m

[1m[93mwarning[0m[1m[97m: usage of an `unsafe` block[0m
   [1m[96m--> [0msrc\core\minecraft\gdk\stream.rs:729:32
    [1m[96m|[0m
[1m[96m729[0m [1m[96m|[0m             self.segments.push(unsafe { read_struct_at(data, curr)? });
    [1m[96m|[0m                                [1m[93m^^^^^^^^^^^^^^^^^^^^^^^^^^^^^^^^^^^^^^[0m

[1m[93mwarning[0m[1m[97m: unused import: `Write`[0m
 [1m[96m--> [0msrc\core\minecraft\import.rs:9:35
  [1m[96m|[0m
[1m[96m9[0m [1m[96m|[0m use std::io::{Cursor, Read, Seek, Write};
  [1m[96m|[0m                                   [1m[93m^^^^^[0m

[1m[93mwarning[0m[1m[97m: usage of an `unsafe` block[0m
  [1m[96m--> [0msrc\core\minecraft\launcher\bloader.rs:38:16
   [1m[96m|[0m
[1m[96m38[0m [1m[96m|[0m     let info = unsafe { &*(fixed as *const _ as *const VsFixedFileInfoWin32) };
   [1m[96m|[0m                [1m[93m^^^^^^^^^^^^^^^^^^^^^^^^^^^^^^^^^^^^^^^^^^^^^^^^^^^^^^^^^^^^^^^[0m

[1m[93mwarning[0m[1m[97m: unused import: `HANDLE`[0m
  [1m[96m--> [0msrc\core\minecraft\launcher\start.rs:12:47
   [1m[96m|[0m
[1m[96m12[0m [1m[96m|[0m use windows::Win32::Foundation::{CloseHandle, HANDLE, WIN32_ERROR};
   [1m[96m|[0m                                               [1m[93m^^^^^^[0m

[1m[93mwarning[0m[1m[97m: unused import: `CREATE_NO_WINDOW`[0m
  [1m[96m--> [0msrc\core\minecraft\launcher\start.rs:21:5
   [1m[96m|[0m
[1m[96m21[0m [1m[96m|[0m     CREATE_NO_WINDOW, INFINITE, OpenProcess, PROCESS_ACCESS_RIGHTS,
   [1m[96m|[0m     [1m[93m^^^^^^^^^^^^^^^^[0m

[1m[93mwarning[0m[1m[97m: unused import: `PCWSTR`[0m
  [1m[96m--> [0msrc\core\minecraft\launcher\start.rs:28:39
   [1m[96m|[0m
[1m[96m28[0m [1m[96m|[0m use windows::core::{HRESULT, HSTRING, PCWSTR, Result as WindowsResult};
   [1m[96m|[0m                                       [1m[93m^^^^^^[0m

[1m[93mwarning[0m[1m[97m: usage of an `unsafe` block[0m
  [1m[96m--> [0msrc\core\minecraft\launcher\start.rs:32:5
   [1m[96m|[0m
[1m[96m32[0m [1m[96m|[0m [1m[93m/[0m     unsafe {
[1m[96m33[0m [1m[96m|[0m [1m[93m|[0m         let Ok(h_proc) = OpenProcess(PROCESS_QUERY_LIMITED_INFORMATION, false, pid) else {
[1m[96m34[0m [1m[96m|[0m [1m[93m|[0m             return false;
[1m[96m35[0m [1m[96m|[0m [1m[93m|[0m         };
[1m[96m...[0m  [1m[93m|[0m
[1m[96m57[0m [1m[96m|[0m [1m[93m|[0m     }
   [1m[96m|[0m [1m[93m|_____^[0m

[1m[93mwarning[0m[1m[97m: usage of an `unsafe` block[0m
  [1m[96m--> [0msrc\core\minecraft\launcher\start.rs:64:5
   [1m[96m|[0m
[1m[96m64[0m [1m[96m|[0m [1m[93m/[0m     unsafe {
[1m[96m65[0m [1m[96m|[0m [1m[93m|[0m         let Ok(snapshot) = CreateToolhelp32Snapshot(TH32CS_SNAPPROCESS, 0) else {
[1m[96m66[0m [1m[96m|[0m [1m[93m|[0m             return pids;
[1m[96m67[0m [1m[96m|[0m [1m[93m|[0m         };
[1m[96m...[0m  [1m[93m|[0m
[1m[96m83[0m [1m[96m|[0m [1m[93m|[0m         let _ = CloseHandle(snapshot);
[1m[96m84[0m [1m[96m|[0m [1m[93m|[0m     }
   [1m[96m|[0m [1m[93m|_____^[0m

[1m[93mwarning[0m[1m[97m: usage of an `unsafe` block[0m
  [1m[96m--> [0msrc\core\minecraft\launcher\start.rs:97:5
   [1m[96m|[0m
[1m[96m97[0m [1m[96m|[0m [1m[93m/[0m     unsafe {
[1m[96m98[0m [1m[96m|[0m [1m[93m|[0m         let _ = CoInitializeEx(Some(ptr::null()), COINIT_APARTMENTTHREADED);
[1m[96m99[0m [1m[96m|[0m [1m[93m|[0m     };
   [1m[96m|[0m [1m[93m|_____^[0m

[1m[93mwarning[0m[1m[97m: usage of an `unsafe` block[0m
   [1m[96m--> [0msrc\core\minecraft\launcher\start.rs:120:9
    [1m[96m|[0m
[1m[96m120[0m [1m[96m|[0m         unsafe { CoCreateInstance(&ApplicationActivationManager, None, CLSCTX_ALL)? };
    [1m[96m|[0m         [1m[93m^^^^^^^^^^^^^^^^^^^^^^^^^^^^^^^^^^^^^^^^^^^^^^^^^^^^^^^^^^^^^^^^^^^^^^^^^^^^^[0m

[1m[93mwarning[0m[1m[97m: usage of an `unsafe` block[0m
   [1m[96m--> [0msrc\core\minecraft\launcher\start.rs:129:22
    [1m[96m|[0m
[1m[96m129[0m [1m[96m|[0m       let process_id = unsafe {
    [1m[96m|[0m [1m[93m ______________________^[0m
[1m[96m130[0m [1m[96m|[0m [1m[93m|[0m         activator.ActivateApplication(
[1m[96m131[0m [1m[96m|[0m [1m[93m|[0m             &HSTRING::from(app_user_model_id),
[1m[96m132[0m [1m[96m|[0m [1m[93m|[0m             &args_hstring,
[1m[96m...[0m   [1m[93m|[0m
[1m[96m135[0m [1m[96m|[0m [1m[93m|[0m     }?;
    [1m[96m|[0m [1m[93m|_____^[0m

[1m[93mwarning[0m[1m[97m: usage of an `unsafe` block[0m
   [1m[96m--> [0msrc\core\minecraft\launcher\start.rs:167:52
    [1m[96m|[0m
[1m[96m167[0m [1m[96m|[0m       crate::tasks::runtime::run_io_blocking(move || unsafe {
    [1m[96m|[0m [1m[93m ____________________________________________________^[0m
[1m[96m168[0m [1m[96m|[0m [1m[93m|[0m         const SYNCHRONIZE_ACCESS: PROCESS_ACCESS_RIGHTS = PROCESS_ACCESS_RIGHTS(0x0010_0000);
[1m[96m169[0m [1m[96m|[0m [1m[93m|[0m         let process = OpenProcess(SYNCHRONIZE_ACCESS, false, process_id)
[1m[96m170[0m [1m[96m|[0m [1m[93m|[0m             .map_err(|error| format!("无法打开游戏进程 {process_id}：{error}"))?;
[1m[96m...[0m   [1m[93m|[0m
[1m[96m177[0m [1m[96m|[0m [1m[93m|[0m         Ok(())
[1m[96m178[0m [1m[96m|[0m [1m[93m|[0m     })
    [1m[96m|[0m [1m[93m|_____^[0m

[1m[93mwarning[0m[1m[97m: usage of an `unsafe` block[0m
   [1m[96m--> [0msrc\core\minecraft\launcher\start.rs:188:5
    [1m[96m|[0m
[1m[96m188[0m [1m[96m|[0m [1m[93m/[0m     unsafe {
[1m[96m189[0m [1m[96m|[0m [1m[93m|[0m         let _ = CoInitializeEx(Some(ptr::null()), COINIT_APARTMENTTHREADED);
[1m[96m190[0m [1m[96m|[0m [1m[93m|[0m     };
    [1m[96m|[0m [1m[93m|_____^[0m

[1m[93mwarning[0m[1m[97m: usage of an `unsafe` block[0m
   [1m[96m--> [0msrc\core\minecraft\launcher\start.rs:207:14
    [1m[96m|[0m
[1m[96m207[0m [1m[96m|[0m     let hr = unsafe { CoInitializeEx(Some(ptr::null()), COINIT_APARTMENTTHREADED) };
    [1m[96m|[0m              [1m[93m^^^^^^^^^^^^^^^^^^^^^^^^^^^^^^^^^^^^^^^^^^^^^^^^^^^^^^^^^^^^^^^^^^^^^^[0m

[1m[93mwarning[0m[1m[97m: usage of an `unsafe` block[0m
   [1m[96m--> [0msrc\core\minecraft\launcher\start.rs:211:9
    [1m[96m|[0m
[1m[96m211[0m [1m[96m|[0m         unsafe { CoCreateInstance(&ApplicationActivationManager, None, CLSCTX_ALL)? };
    [1m[96m|[0m         [1m[93m^^^^^^^^^^^^^^^^^^^^^^^^^^^^^^^^^^^^^^^^^^^^^^^^^^^^^^^^^^^^^^^^^^^^^^^^^^^^^[0m

[1m[93mwarning[0m[1m[97m: usage of an `unsafe` block[0m
   [1m[96m--> [0msrc\core\minecraft\launcher\start.rs:219:18
    [1m[96m|[0m
[1m[96m219[0m [1m[96m|[0m       let result = unsafe {
    [1m[96m|[0m [1m[93m __________________^[0m
[1m[96m220[0m [1m[96m|[0m [1m[93m|[0m         activator.ActivateApplication(
[1m[96m221[0m [1m[96m|[0m [1m[93m|[0m             &HSTRING::from(app_user_model_id),
[1m[96m222[0m [1m[96m|[0m [1m[93m|[0m             &args_h,
[1m[96m...[0m   [1m[93m|[0m
[1m[96m225[0m [1m[96m|[0m [1m[93m|[0m     };
    [1m[96m|[0m [1m[93m|_____^[0m

[1m[93mwarning[0m[1m[97m: unused imports: `launch_uwp` and `wait_for_uwp_pid`[0m
  [1m[96m--> [0msrc\core\minecraft\launcher\mod.rs:12:17
   [1m[96m|[0m
[1m[96m12[0m [1m[96m|[0m pub use start::{launch_uwp, wait_for_uwp_pid};
   [1m[96m|[0m                 [1m[93m^^^^^^^^^^[0m  [1m[93m^^^^^^^^^^^^^^^^[0m

[1m[93mwarning[0m[1m[97m: usage of an `unsafe` block[0m
  [1m[96m--> [0msrc\core\minecraft\mouse_lock.rs:20:5
   [1m[96m|[0m
[1m[96m20[0m [1m[96m|[0m [1m[93m/[0m     unsafe {
[1m[96m21[0m [1m[96m|[0m [1m[93m|[0m         let len = GetClassNameW(hwnd, &mut class_name);
[1m[96m22[0m [1m[96m|[0m [1m[93m|[0m         if len == 0 {
[1m[96m23[0m [1m[96m|[0m [1m[93m|[0m             return None;
[1m[96m24[0m [1m[96m|[0m [1m[93m|[0m         }
[1m[96m25[0m [1m[96m|[0m [1m[93m|[0m         Some(String::from_utf16_lossy(&class_name[..len as usize]))
[1m[96m26[0m [1m[96m|[0m [1m[93m|[0m     }
   [1m[96m|[0m [1m[93m|_____^[0m

[1m[93mwarning[0m[1m[97m: declaration of an `unsafe` function[0m
  [1m[96m--> [0msrc\core\minecraft\mouse_lock.rs:36:5
   [1m[96m|[0m
[1m[96m36[0m [1m[96m|[0m [1m[93m/[0m     unsafe extern "system" fn enum_host(hwnd: HWND, lparam: LPARAM) -> BOOL {
[1m[96m37[0m [1m[96m|[0m [1m[93m|[0m         let data = &mut *(lparam.0 as *mut D);
[1m[96m38[0m [1m[96m|[0m [1m[93m|[0m         if !IsWindowVisible(hwnd).as_bool() {
[1m[96m39[0m [1m[96m|[0m [1m[93m|[0m             return TRUE;
[1m[96m...[0m  [1m[93m|[0m
[1m[96m62[0m [1m[96m|[0m [1m[93m|[0m         TRUE
[1m[96m63[0m [1m[96m|[0m [1m[93m|[0m     }
   [1m[96m|[0m [1m[93m|_____^[0m

[1m[93mwarning[0m[1m[97m: usage of an `unsafe` block[0m
  [1m[96m--> [0msrc\core\minecraft\mouse_lock.rs:69:5
   [1m[96m|[0m
[1m[96m69[0m [1m[96m|[0m [1m[93m/[0m     unsafe {
[1m[96m70[0m [1m[96m|[0m [1m[93m|[0m         let _ = EnumWindows(Some(enum_host), LPARAM(&mut data as *mut _ as isize));
[1m[96m71[0m [1m[96m|[0m [1m[93m|[0m     }
   [1m[96m|[0m [1m[93m|_____^[0m

[1m[93mwarning[0m[1m[97m: usage of an `unsafe` block[0m
  [1m[96m--> [0msrc\core\minecraft\mouse_lock.rs:81:5
   [1m[96m|[0m
[1m[96m81[0m [1m[96m|[0m [1m[93m/[0m     unsafe {
[1m[96m82[0m [1m[96m|[0m [1m[93m|[0m         let mut rc = RECT::default();
[1m[96m83[0m [1m[96m|[0m [1m[93m|[0m         // GetWindowRect 返回 Result<(), Error>
[1m[96m84[0m [1m[96m|[0m [1m[93m|[0m         if GetWindowRect(hwnd, &mut rc).is_ok() {
[1m[96m...[0m  [1m[93m|[0m
[1m[96m93[0m [1m[96m|[0m [1m[93m|[0m     }
   [1m[96m|[0m [1m[93m|_____^[0m

[1m[93mwarning[0m[1m[97m: usage of an `unsafe` block[0m
   [1m[96m--> [0msrc\core\minecraft\mouse_lock.rs:98:5
    [1m[96m|[0m
[1m[96m 98[0m [1m[96m|[0m [1m[93m/[0m     unsafe {
[1m[96m 99[0m [1m[96m|[0m [1m[93m|[0m         let _ = ClipCursor(None);
[1m[96m100[0m [1m[96m|[0m [1m[93m|[0m     }
    [1m[96m|[0m [1m[93m|_____^[0m

[1m[93mwarning[0m[1m[97m: usage of an `unsafe` block[0m
   [1m[96m--> [0msrc\core\minecraft\mouse_lock.rs:106:5
    [1m[96m|[0m
[1m[96m106[0m [1m[96m|[0m [1m[93m/[0m     unsafe {
[1m[96m107[0m [1m[96m|[0m [1m[93m|[0m         let fg = GetForegroundWindow();
[1m[96m108[0m [1m[96m|[0m [1m[93m|[0m         GetAncestor(fg, GA_ROOTOWNER) == target
[1m[96m109[0m [1m[96m|[0m [1m[93m|[0m     }
    [1m[96m|[0m [1m[93m|_____^[0m

[1m[93mwarning[0m[1m[97m: usage of an `unsafe` block[0m
   [1m[96m--> [0msrc\core\minecraft\mouse_lock.rs:126:5
    [1m[96m|[0m
[1m[96m126[0m [1m[96m|[0m [1m[93m/[0m     unsafe {
[1m[96m127[0m [1m[96m|[0m [1m[93m|[0m         let state = GetAsyncKeyState(vk);
[1m[96m128[0m [1m[96m|[0m [1m[93m|[0m         // 将 mask 也作为 i16
[1m[96m129[0m [1m[96m|[0m [1m[93m|[0m         (state & 0x8000u16 as i16) != 0
[1m[96m130[0m [1m[96m|[0m [1m[93m|[0m     }
    [1m[96m|[0m [1m[93m|_____^[0m

[1m[93mwarning[0m[1m[97m: usage of an `unsafe` block[0m
   [1m[96m--> [0msrc\core\minecraft\mouse_lock.rs:161:17
    [1m[96m|[0m
[1m[96m161[0m [1m[96m|[0m                 unsafe { GetWindowThreadProcessId(host, Some(&mut pid)) };
    [1m[96m|[0m                 [1m[93m^^^^^^^^^^^^^^^^^^^^^^^^^^^^^^^^^^^^^^^^^^^^^^^^^^^^^^^^^[0m

[1m[93mwarning[0m[1m[97m: usage of an `unsafe` block[0m
   [1m[96m--> [0msrc\core\minecraft\mouse_lock.rs:172:20
    [1m[96m|[0m
[1m[96m172[0m [1m[96m|[0m                 if unsafe { IsIconic(host).as_bool() } {
    [1m[96m|[0m                    [1m[93m^^^^^^^^^^^^^^^^^^^^^^^^^^^^^^^^^^^[0m

[1m[93mwarning[0m[1m[97m: usage of an `unsafe` block[0m
   [1m[96m--> [0msrc\core\minecraft\mouse_lock.rs:211:5
    [1m[96m|[0m
[1m[96m211[0m [1m[96m|[0m [1m[93m/[0m     unsafe {
[1m[96m212[0m [1m[96m|[0m [1m[93m|[0m         match OpenProcess(PROCESS_QUERY_LIMITED_INFORMATION, false, pid) {
[1m[96m213[0m [1m[96m|[0m [1m[93m|[0m             Ok(handle) => {
[1m[96m214[0m [1m[96m|[0m [1m[93m|[0m                 let _ = CloseHandle(handle);
[1m[96m...[0m   [1m[93m|[0m
[1m[96m219[0m [1m[96m|[0m [1m[93m|[0m     }
    [1m[96m|[0m [1m[93m|_____^[0m

[1m[93mwarning[0m[1m[97m: usage of an `unsafe` block[0m
   [1m[96m--> [0msrc\core\minecraft\process.rs:93:27
    [1m[96m|[0m
[1m[96m 93[0m [1m[96m|[0m           let size_result = unsafe {
    [1m[96m|[0m [1m[93m ___________________________^[0m
[1m[96m 94[0m [1m[96m|[0m [1m[93m|[0m             GetExtendedUdpTable(
[1m[96m 95[0m [1m[96m|[0m [1m[93m|[0m                 None,
[1m[96m 96[0m [1m[96m|[0m [1m[93m|[0m                 &mut byte_size,
[1m[96m...[0m   [1m[93m|[0m
[1m[96m102[0m [1m[96m|[0m [1m[93m|[0m         };
    [1m[96m|[0m [1m[93m|_________^[0m

[1m[93mwarning[0m[1m[97m: usage of an `unsafe` block[0m
   [1m[96m--> [0msrc\core\minecraft\process.rs:111:28
    [1m[96m|[0m
[1m[96m111[0m [1m[96m|[0m           let query_result = unsafe {
    [1m[96m|[0m [1m[93m ____________________________^[0m
[1m[96m112[0m [1m[96m|[0m [1m[93m|[0m             GetExtendedUdpTable(
[1m[96m113[0m [1m[96m|[0m [1m[93m|[0m                 Some(buffer.as_mut_ptr().cast()),
[1m[96m114[0m [1m[96m|[0m [1m[93m|[0m                 &mut byte_size,
[1m[96m...[0m   [1m[93m|[0m
[1m[96m120[0m [1m[96m|[0m [1m[93m|[0m         };
    [1m[96m|[0m [1m[93m|_________^[0m

[1m[93mwarning[0m[1m[97m: usage of an `unsafe` block[0m
   [1m[96m--> [0msrc\core\minecraft\process.rs:132:27
    [1m[96m|[0m
[1m[96m132[0m [1m[96m|[0m         let entry_count = unsafe { std::ptr::read_unaligned(buffer.as_ptr().cast::<u32>()) };
    [1m[96m|[0m                           [1m[93m^^^^^^^^^^^^^^^^^^^^^^^^^^^^^^^^^^^^^^^^^^^^^^^^^^^^^^^^^^^^^^^^^^[0m

[1m[93mwarning[0m[1m[97m: usage of an `unsafe` block[0m
   [1m[96m--> [0msrc\core\minecraft\process.rs:148:17
    [1m[96m|[0m
[1m[96m148[0m [1m[96m|[0m                 unsafe { std::ptr::read_unaligned(buffer.as_ptr().add(row_offset).cast::<Row>()) };
    [1m[96m|[0m                 [1m[93m^^^^^^^^^^^^^^^^^^^^^^^^^^^^^^^^^^^^^^^^^^^^^^^^^^^^^^^^^^^^^^^^^^^^^^^^^^^^^^^^^^[0m

[1m[93mwarning[0m[1m[97m: usage of an `unsafe` block[0m
  [1m[96m--> [0msrc\core\minecraft\uwp_minimize_fix.rs:16:5
   [1m[96m|[0m
[1m[96m16[0m [1m[96m|[0m [1m[93m/[0m     unsafe {
[1m[96m17[0m [1m[96m|[0m [1m[93m|[0m         CoInitializeEx(None, COINIT_APARTMENTTHREADED | COINIT_DISABLE_OLE1DDE).ok()?;
[1m[96m18[0m [1m[96m|[0m [1m[93m|[0m
[1m[96m19[0m [1m[96m|[0m [1m[93m|[0m         let clsid_pkg_debug = GUID::from_u128(0xb1aec16f_2383_4852_b0e9_8f0b1dc66b4d);
[1m[96m...[0m  [1m[93m|[0m
[1m[96m47[0m [1m[96m|[0m [1m[93m|[0m         Ok(())
[1m[96m48[0m [1m[96m|[0m [1m[93m|[0m     }
   [1m[96m|[0m [1m[93m|_____^[0m

[1m[93mwarning[0m[1m[97m: usage of an `unsafe` block[0m
   [1m[96m--> [0msrc\core\online\paperconnect_guest.rs:96:18
    [1m[96m|[0m
[1m[96m 96[0m [1m[96m|[0m       let result = unsafe {
    [1m[96m|[0m [1m[93m __________________^[0m
[1m[96m 97[0m [1m[96m|[0m [1m[93m|[0m         setsockopt(
[1m[96m 98[0m [1m[96m|[0m [1m[93m|[0m             SOCKET(raw_socket),
[1m[96m 99[0m [1m[96m|[0m [1m[93m|[0m             SOL_SOCKET,
[1m[96m...[0m   [1m[93m|[0m
[1m[96m103[0m [1m[96m|[0m [1m[93m|[0m     };
    [1m[96m|[0m [1m[93m|_____^[0m

[1m[93mwarning[0m[1m[97m: unused import: `Ipv4Addr`[0m
  [1m[96m--> [0msrc\core\online\paperconnect_transport.rs:15:16
   [1m[96m|[0m
[1m[96m15[0m [1m[96m|[0m use std::net::{Ipv4Addr, SocketAddr};
   [1m[96m|[0m                [1m[93m^^^^^^^^[0m

[1m[93mwarning[0m[1m[97m: unused import: `info`[0m
 [1m[96m--> [0msrc\core\version\gdk_users.rs:5:29
  [1m[96m|[0m
[1m[96m5[0m [1m[96m|[0m use tracing::{debug, error, info, warn};
  [1m[96m|[0m                             [1m[93m^^^^[0m

[1m[93mwarning[0m[1m[97m: usage of an `unsafe extern` block[0m
  [1m[96m--> [0msrc\core\windows_terminal.rs:22:1
   [1m[96m|[0m
[1m[96m22[0m [1m[96m|[0m [1m[93m/[0m unsafe extern "system" {
[1m[96m23[0m [1m[96m|[0m [1m[93m|[0m     #[link_name = "AttachConsole"]
[1m[96m24[0m [1m[96m|[0m [1m[93m|[0m     fn attach_console_raw(process_id: u32) -> i32;
[1m[96m25[0m [1m[96m|[0m [1m[93m|[0m     #[link_name = "GetCurrentProcessId"]
[1m[96m...[0m  [1m[93m|[0m
[1m[96m32[0m [1m[96m|[0m [1m[93m|[0m     fn close_handle_raw(handle: *mut c_void) -> i32;
[1m[96m33[0m [1m[96m|[0m [1m[93m|[0m }
   [1m[96m|[0m [1m[93m|_^[0m

[1m[93mwarning[0m[1m[97m: usage of an `unsafe` block[0m
   [1m[96m--> [0msrc\core\windows_terminal.rs:228:8
    [1m[96m|[0m
[1m[96m228[0m [1m[96m|[0m     if unsafe { GetConsoleWindow().0.is_null() } {
    [1m[96m|[0m        [1m[93m^^^^^^^^^^^^^^^^^^^^^^^^^^^^^^^^^^^^^^^^^[0m

[1m[93mwarning[0m[1m[97m: usage of an `unsafe` block[0m
   [1m[96m--> [0msrc\core\windows_terminal.rs:229:9
    [1m[96m|[0m
[1m[96m229[0m [1m[96m|[0m [1m[93m/[0m         unsafe {
[1m[96m230[0m [1m[96m|[0m [1m[93m|[0m             let _ = attach_console_raw(ATTACH_PARENT_PROCESS);
[1m[96m231[0m [1m[96m|[0m [1m[93m|[0m         }
    [1m[96m|[0m [1m[93m|_________^[0m

[1m[93mwarning[0m[1m[97m: usage of an `unsafe` block[0m
   [1m[96m--> [0msrc\core\windows_terminal.rs:233:8
    [1m[96m|[0m
[1m[96m233[0m [1m[96m|[0m     if unsafe { GetConsoleWindow().0.is_null() } {
    [1m[96m|[0m        [1m[93m^^^^^^^^^^^^^^^^^^^^^^^^^^^^^^^^^^^^^^^^^[0m

[1m[93mwarning[0m[1m[97m: usage of an `unsafe` block[0m
   [1m[96m--> [0msrc\core\windows_terminal.rs:245:20
    [1m[96m|[0m
[1m[96m245[0m [1m[96m|[0m     let host_pid = unsafe { get_current_process_id_raw() };
    [1m[96m|[0m                    [1m[93m^^^^^^^^^^^^^^^^^^^^^^^^^^^^^^^^^^^^^^^[0m

[1m[93mwarning[0m[1m[97m: usage of an `unsafe` block[0m
   [1m[96m--> [0msrc\core\windows_terminal.rs:278:5
    [1m[96m|[0m
[1m[96m278[0m [1m[96m|[0m [1m[93m/[0m     unsafe {
[1m[96m279[0m [1m[96m|[0m [1m[93m|[0m         let process = open_process_raw(SYNCHRONIZE_ACCESS, 0, minecraft_pid);
[1m[96m280[0m [1m[96m|[0m [1m[93m|[0m         if !process.is_null() {
[1m[96m281[0m [1m[96m|[0m [1m[93m|[0m             let _ = wait_for_single_object_raw(process, INFINITE_WAIT);
[1m[96m...[0m   [1m[93m|[0m
[1m[96m284[0m [1m[96m|[0m [1m[93m|[0m     }
    [1m[96m|[0m [1m[93m|_____^[0m

[1m[93mwarning[0m[1m[97m: unused import: `protocol::WuDownloadFile`[0m
 [1m[96m--> [0msrc\downloads\wu_client\mod.rs:4:9
  [1m[96m|[0m
[1m[96m4[0m [1m[96m|[0m pub use protocol::WuDownloadFile;
  [1m[96m|[0m         [1m[93m^^^^^^^^^^^^^^^^^^^^^^^^[0m

[1m[93mwarning[0m[1m[97m: unused import: `manager::DownloadOptions`[0m
  [1m[96m--> [0msrc\downloads\mod.rs:11:9
   [1m[96m|[0m
[1m[96m11[0m [1m[96m|[0m pub use manager::DownloadOptions;
   [1m[96m|[0m         [1m[93m^^^^^^^^^^^^^^^^^^^^^^^^[0m

[1m[93mwarning[0m[1m[97m: unused import: `File`[0m
  [1m[96m--> [0msrc\plugins\runtime.rs:14:21
   [1m[96m|[0m
[1m[96m14[0m [1m[96m|[0m use std::fs::{self, File};
   [1m[96m|[0m                     [1m[93m^^^^[0m

[1m[93mwarning[0m[1m[97m: usage of an `unsafe` block[0m
  [1m[96m--> [0msrc\startup.rs:29:22
   [1m[96m|[0m
[1m[96m29[0m [1m[96m|[0m     let hwnd = match unsafe { FindWindowW(PCWSTR::null(), PCWSTR(wide_window_title.as_ptr())) } {
   [1m[96m|[0m                      [1m[93m^^^^^^^^^^^^^^^^^^^^^^^^^^^^^^^^^^^^^^^^^^^^^^^^^^^^^^^^^^^^^^^^^^^^^^^^^^[0m

[1m[93mwarning[0m[1m[97m: usage of an `unsafe` block[0m
  [1m[96m--> [0msrc\startup.rs:38:8
   [1m[96m|[0m
[1m[96m38[0m [1m[96m|[0m     if unsafe { IsIconic(hwnd).as_bool() } {
   [1m[96m|[0m        [1m[93m^^^^^^^^^^^^^^^^^^^^^^^^^^^^^^^^^^^[0m

[1m[93mwarning[0m[1m[97m: usage of an `unsafe` block[0m
  [1m[96m--> [0msrc\startup.rs:40:17
   [1m[96m|[0m
[1m[96m40[0m [1m[96m|[0m         let _ = unsafe { ShowWindow(hwnd, SW_RESTORE) };
   [1m[96m|[0m                 [1m[93m^^^^^^^^^^^^^^^^^^^^^^^^^^^^^^^^^^^^^^^[0m

[1m[93mwarning[0m[1m[97m: usage of an `unsafe` block[0m
  [1m[96m--> [0msrc\startup.rs:44:13
   [1m[96m|[0m
[1m[96m44[0m [1m[96m|[0m     let _ = unsafe { SetForegroundWindow(hwnd) };
   [1m[96m|[0m             [1m[93m^^^^^^^^^^^^^^^^^^^^^^^^^^^^^^^^^^^^[0m

[1m[93mwarning[0m[1m[97m: usage of an `unsafe` block[0m
  [1m[96m--> [0msrc\startup.rs:73:30
   [1m[96m|[0m
[1m[96m73[0m [1m[96m|[0m     let mutex_handle = match unsafe { CreateMutexW(None, true, PCWSTR(wide_name.as_ptr())) } {
   [1m[96m|[0m                              [1m[93m^^^^^^^^^^^^^^^^^^^^^^^^^^^^^^^^^^^^^^^^^^^^^^^^^^^^^^^^^^^^^^^[0m

[1m[93mwarning[0m[1m[97m: usage of an `unsafe` block[0m
  [1m[96m--> [0msrc\startup.rs:82:8
   [1m[96m|[0m
[1m[96m82[0m [1m[96m|[0m     if unsafe { GetLastError() }.0 == ERROR_ALREADY_EXISTS.0 {
   [1m[96m|[0m        [1m[93m^^^^^^^^^^^^^^^^^^^^^^^^^[0m

[1m[93mwarning[0m[1m[97m: usage of an `unsafe` block[0m
  [1m[96m--> [0msrc\startup.rs:84:17
   [1m[96m|[0m
[1m[96m84[0m [1m[96m|[0m         let _ = unsafe { CloseHandle(mutex_handle) };
   [1m[96m|[0m                 [1m[93m^^^^^^^^^^^^^^^^^^^^^^^^^^^^^^^^^^^^[0m

[1m[93mwarning[0m[1m[97m: unused import: `debug`[0m
  [1m[96m--> [0msrc\ui\main_window.rs:24:15
   [1m[96m|[0m
[1m[96m24[0m [1m[96m|[0m use tracing::{debug, info, trace, warn};
   [1m[96m|[0m               [1m[93m^^^^^[0m

[1m[93mwarning[0m[1m[97m: unused import: `ease_out_cubic`[0m
 [1m[96m--> [0msrc\ui\views\download.rs:1:28
  [1m[96m|[0m
[1m[96m1[0m [1m[96m|[0m use crate::ui::animation::{ease_out_cubic, request_animation_frame_if};
  [1m[96m|[0m                            [1m[93m^^^^^^^^^^^^^^[0m

[1m[93mwarning[0m[1m[97m: unused import: `gpui::prelude::FluentBuilder as _`[0m
 [1m[96m--> [0msrc\ui\views\download\common.rs:2:5
  [1m[96m|[0m
[1m[96m2[0m [1m[96m|[0m use gpui::prelude::FluentBuilder as _;
  [1m[96m|[0m     [1m[93m^^^^^^^^^^^^^^^^^^^^^^^^^^^^^^^^^[0m

[1m[93mwarning[0m[1m[97m: unused import: `InputState`[0m
 [1m[96m--> [0msrc\ui\views\download\curseforge.rs:6:43
  [1m[96m|[0m
[1m[96m6[0m [1m[96m|[0m use crate::ui::components::input::{Input, InputState, Paste};
  [1m[96m|[0m                                           [1m[93m^^^^^^^^^^[0m

[1m[93mwarning[0m[1m[97m: unused import: `anyhow::Result`[0m
  [1m[96m--> [0msrc\ui\views\download\curseforge.rs:13:5
   [1m[96m|[0m
[1m[96m13[0m [1m[96m|[0m use anyhow::Result;
   [1m[96m|[0m     [1m[93m^^^^^^^^^^^^^^[0m

[1m[93mwarning[0m[1m[97m: unused import: `info`[0m
  [1m[96m--> [0msrc\ui\views\download\game.rs:24:15
   [1m[96m|[0m
[1m[96m24[0m [1m[96m|[0m use tracing::{info, warn};
   [1m[96m|[0m               [1m[93m^^^^[0m

[1m[93mwarning[0m[1m[97m: unused import: `tracing::warn`[0m
  [1m[96m--> [0msrc\ui\views\manage\data.rs:11:5
   [1m[96m|[0m
[1m[96m11[0m [1m[96m|[0m use tracing::warn;
   [1m[96m|[0m     [1m[93m^^^^^^^^^^^^^[0m

[1m[93mwarning[0m[1m[97m: unused import: `settings_sub_row`[0m
 [1m[96m--> [0msrc\ui\views\settings\launcher\download.rs:9:66
  [1m[96m|[0m
[1m[96m9[0m [1m[96m|[0m     settings_card, settings_card_header, settings_sub_input_row, settings_sub_row,
  [1m[96m|[0m                                                                  [1m[93m^^^^^^^^^^^^^^^^[0m

[1m[93mwarning[0m[1m[97m: unused import: `task_card_bg`[0m
  [1m[96m--> [0msrc\ui\views\tasks\render.rs:24:52
   [1m[96m|[0m
[1m[96m24[0m [1m[96m|[0m     TaskVisualKind, page_shell, task_border_color, task_card_bg, task_card_hover_bg,
   [1m[96m|[0m                                                    [1m[93m^^^^^^^^^^^^[0m

[1m[93mwarning[0m[1m[97m: unused import: `gpui::prelude::FluentBuilder as _`[0m
 [1m[96m--> [0msrc\ui\views\tools\online\controls.rs:4:5
  [1m[96m|[0m
[1m[96m4[0m [1m[96m|[0m use gpui::prelude::FluentBuilder as _;
  [1m[96m|[0m     [1m[93m^^^^^^^^^^^^^^^^^^^^^^^^^^^^^^^^^[0m

[1m[93mwarning[0m[1m[97m: unused import: `crate::ui::components::scroll::ScrollableElement as _`[0m
 [1m[96m--> [0msrc\ui\views\tools\online\peers.rs:2:5
  [1m[96m|[0m
[1m[96m2[0m [1m[96m|[0m use crate::ui::components::scroll::ScrollableElement as _;
  [1m[96m|[0m     [1m[93m^^^^^^^^^^^^^^^^^^^^^^^^^^^^^^^^^^^^^^^^^^^^^^^^^^^^^[0m

[1m[93mwarning[0m[1m[97m: unused imports: `GamePathOptions` and `get_game_root`[0m
 [1m[96m--> [0msrc\ui\window\import\view.rs:8:57
  [1m[96m|[0m
[1m[96m8[0m [1m[96m|[0m use crate::core::minecraft::paths::{BuildType, Edition, GamePathOptions, get_game_root};
  [1m[96m|[0m                                                         [1m[93m^^^^^^^^^^^^^^^[0m  [1m[93m^^^^^^^^^^^^^[0m

[1m[93mwarning[0m[1m[97m: unused imports: `RegionManager` and `TileLoadState`[0m
  [1m[96m--> [0msrc\ui\window\map_viewer\canvas.rs:19:52
   [1m[96m|[0m
[1m[96m19[0m [1m[96m|[0m use super::tile_state::{MapRenderRange, PaintTile, RegionManager, TileLoadState};
   [1m[96m|[0m                                                    [1m[93m^^^^^^^^^^^^^[0m  [1m[93m^^^^^^^^^^^^^[0m

[1m[93mwarning[0m[1m[97m: unused import: `paint_tile_bounds_for_viewport`[0m
  [1m[96m--> [0msrc\ui\window\map_viewer\canvas.rs:21:17
   [1m[96m|[0m
[1m[96m21[0m [1m[96m|[0m     TileBounds, paint_tile_bounds_for_viewport, region_render_range_for_viewport, ruler_blocks,
   [1m[96m|[0m                 [1m[93m^^^^^^^^^^^^^^^^^^^^^^^^^^^^^^[0m

[1m[93mwarning[0m[1m[97m: unused import: `std::collections::BTreeSet`[0m
  [1m[96m--> [0msrc\ui\window\map_viewer\exact_selection_ops_v2.rs:13:5
   [1m[96m|[0m
[1m[96m13[0m [1m[96m|[0m use std::collections::BTreeSet;
   [1m[96m|[0m     [1m[93m^^^^^^^^^^^^^^^^^^^^^^^^^^[0m

[1m[93mwarning[0m[1m[97m: unused import: `MAP_QUERY_CONCURRENCY`[0m
 [1m[96m--> [0msrc\ui\window\map_viewer\model.rs:7:37
  [1m[96m|[0m
[1m[96m7[0m [1m[96m|[0m pub(super) use super::query_cache::{MAP_QUERY_CONCURRENCY, MapQueryBudget};
  [1m[96m|[0m                                     [1m[93m^^^^^^^^^^^^^^^^^^^^^[0m

[1m[93mwarning[0m[1m[97m: unused import: `PlayerInventoryKind`[0m
 [1m[96m--> [0msrc\ui\window\map_viewer\player_item_menu.rs:6:22
  [1m[96m|[0m
[1m[96m6[0m [1m[96m|[0m use super::players::{PlayerInventoryKind, player_id_label, player_inventory_entries};
  [1m[96m|[0m                      [1m[93m^^^^^^^^^^^^^^^^^^^[0m

[1m[93mwarning[0m[1m[97m: unused import: `super::viewport::viewport_screen_for_block`[0m
 [1m[96m--> [0msrc\ui\window\map_viewer\players.rs:6:5
  [1m[96m|[0m
[1m[96m6[0m [1m[96m|[0m use super::viewport::viewport_screen_for_block;
  [1m[96m|[0m     [1m[93m^^^^^^^^^^^^^^^^^^^^^^^^^^^^^^^^^^^^^^^^^^[0m

[1m[93mwarning[0m[1m[97m: unused imports: `screen_image_bounds` and `selection_cursor_for_target`[0m
  [1m[96m--> [0msrc\ui\window\map_viewer\prelude.rs:11:5
   [1m[96m|[0m
[1m[96m11[0m [1m[96m|[0m     screen_image_bounds, screen_image_viewports_transformable, selection_cursor_for_target,
   [1m[96m|[0m     [1m[93m^^^^^^^^^^^^^^^^^^^[0m                                        [1m[93m^^^^^^^^^^^^^^^^^^^^^^^^^^^[0m

[1m[93mwarning[0m[1m[97m: unused import: `CHROME_ICON_SIZE`[0m
  [1m[96m--> [0msrc\ui\window\map_viewer\prelude.rs:15:51
   [1m[96m|[0m
[1m[96m15[0m [1m[96m|[0m     CHROME_ELEVATED_ALPHA, CHROME_HAIRLINE_ALPHA, CHROME_ICON_SIZE, CHROME_SECTION_GAP,
   [1m[96m|[0m                                                   [1m[93m^^^^^^^^^^^^^^^^[0m

[1m[93mwarning[0m[1m[97m: unused imports: `MapHistoryChunkVisualKind`, `capture_before_with_progress`, and `complete_after_with_progress`[0m
  [1m[96m--> [0msrc\ui\window\map_viewer\prelude.rs:21:5
   [1m[96m|[0m
[1m[96m21[0m [1m[96m|[0m     MapHistoryChunkVisualKind, MapHistoryEntry, MapHistoryEntryKind, MapHistoryEntryStatus,
   [1m[96m|[0m     [1m[93m^^^^^^^^^^^^^^^^^^^^^^^^^[0m
[1m[96m...[0m
[1m[96m24[0m [1m[96m|[0m     capture_before_with_progress, capture_before_with_world_and_progress, complete_after,
   [1m[96m|[0m     [1m[93m^^^^^^^^^^^^^^^^^^^^^^^^^^^^[0m
[1m[96m25[0m [1m[96m|[0m     complete_after_with_progress, complete_after_with_world_and_progress, complete_failed,
   [1m[96m|[0m     [1m[93m^^^^^^^^^^^^^^^^^^^^^^^^^^^^[0m

[1m[93mwarning[0m[1m[97m: unused imports: `PlayerInspectorMode` and `PlayerItemSelection`[0m
  [1m[96m--> [0msrc\ui\window\map_viewer\prelude.rs:32:5
   [1m[96m|[0m
[1m[96m32[0m [1m[96m|[0m     PlayerInspectorMode, PlayerItemSelection, PlayerWorkspaceCenter, PlayerWorkspaceState,
   [1m[96m|[0m     [1m[93m^^^^^^^^^^^^^^^^^^^[0m  [1m[93m^^^^^^^^^^^^^^^^^^^[0m

[1m[93mwarning[0m[1m[97m: unused imports: `RightSelectionIntent` and `SelectionResizeHandle`[0m
  [1m[96m--> [0msrc\ui\window\map_viewer\prelude.rs:46:66
   [1m[96m|[0m
[1m[96m46[0m [1m[96m|[0m     ChunkSelection, ExistingSelectionTarget, RightSelectionDrag, RightSelectionIntent,
   [1m[96m|[0m                                                                  [1m[93m^^^^^^^^^^^^^^^^^^^^[0m
[1m[96m47[0m [1m[96m|[0m     RightSelectionReleaseAction, SelectionPointerButton, SelectionResizeHandle,
   [1m[96m|[0m                                                          [1m[93m^^^^^^^^^^^^^^^^^^^^^[0m

[1m[93mwarning[0m[1m[97m: unused import: `InputSize`[0m
  [1m[96m--> [0msrc\ui\window\map_viewer\prelude.rs:73:66
   [1m[96m|[0m
[1m[96m73[0m [1m[96m|[0m pub(super) use crate::ui::components::input::{Input, InputEvent, InputSize, InputState};
   [1m[96m|[0m                                                                  [1m[93m^^^^^^^^^[0m

[1m[93mwarning[0m[1m[97m: unused import: `query_region_overlays_blocking_with_control`[0m
   [1m[96m--> [0msrc\ui\window\map_viewer\prelude.rs:101:38
    [1m[96m|[0m
[1m[96m101[0m [1m[96m|[0m         query_chunk_detail_blocking, query_region_overlays_blocking_with_control,
    [1m[96m|[0m                                      [1m[93m^^^^^^^^^^^^^^^^^^^^^^^^^^^^^^^^^^^^^^^^^^^[0m

[1m[93mwarning[0m[1m[97m: unused import: `VecDeque`[0m
   [1m[96m--> [0msrc\ui\window\map_viewer\prelude.rs:134:55
    [1m[96m|[0m
[1m[96m134[0m [1m[96m|[0m pub(super) use std::collections::{BTreeMap, BTreeSet, VecDeque};
    [1m[96m|[0m                                                       [1m[93m^^^^^^^^[0m

[1m[93mwarning[0m[1m[97m: unused imports: `HeightMap2d` and `LegacyBiomeSample`[0m
  [1m[96m--> [0msrc\ui\window\map_viewer.rs:32:27
   [1m[96m|[0m
[1m[96m32[0m [1m[96m|[0m         Biome2d, Biome3d, HeightMap2d, LegacyBiomeSample, ParsedBiomeStorage,
   [1m[96m|[0m                           [1m[93m^^^^^^^^^^^[0m  [1m[93m^^^^^^^^^^^^^^^^^[0m

[1m[93mwarning[0m[1m[97m: unused imports: `BlockEntityRecord`, `BlockPalette`, `BlockPos`, and `ParsedBlockEntity`[0m
  [1m[96m--> [0msrc\ui\window\map_viewer.rs:35:9
   [1m[96m|[0m
[1m[96m35[0m [1m[96m|[0m         BlockEntityRecord, BlockPalette, BlockPos, BlockState, ParsedBlockEntity,
   [1m[96m|[0m         [1m[93m^^^^^^^^^^^^^^^^^[0m  [1m[93m^^^^^^^^^^^^[0m  [1m[93m^^^^^^^^[0m              [1m[93m^^^^^^^^^^^^^^^^^[0m

[1m[93mwarning[0m[1m[97m: unused imports: `ChunkPos`, `ChunkRecordTag`, `ChunkRecord`, `Dimension`, `HardcodedSpawnAreaKind`, `ParsedChunkData`, `ParsedChunkRecord`, and `ParsedHardcodedSpawnArea`[0m
  [1m[96m--> [0msrc\ui\window\map_viewer.rs:39:26
   [1m[96m|[0m
[1m[96m39[0m [1m[96m|[0m         Chunk, ChunkKey, ChunkPos, ChunkRecord, ChunkRecordTag, ChunkVersion, Dimension,
   [1m[96m|[0m                          [1m[93m^^^^^^^^[0m  [1m[93m^^^^^^^^^^^[0m  [1m[93m^^^^^^^^^^^^^^[0m                [1m[93m^^^^^^^^^[0m
[1m[96m40[0m [1m[96m|[0m         HardcodedSpawnAreaKind, LegacyTerrain, ParsedChunkData, ParsedChunkRecord,
   [1m[96m|[0m         [1m[93m^^^^^^^^^^^^^^^^^^^^^^[0m                 [1m[93m^^^^^^^^^^^^^^^[0m  [1m[93m^^^^^^^^^^^^^^^^^[0m
[1m[96m41[0m [1m[96m|[0m         ParsedChunkRecordValue, ParsedHardcodedSpawnArea, SubChunk, SubChunkDecodeMode,
   [1m[96m|[0m                                 [1m[93m^^^^^^^^^^^^^^^^^^^^^^^^[0m

[1m[93mwarning[0m[1m[97m: unused imports: `BedrockLevelDbStorage`, `MemoryStorage`, `PartitionedWorldStorage`, `StorageCachePolicy`, `StorageCancelFlag`, `StorageEntryRef`, `StorageEntry`, `StorageOp`, `StoragePipelineOptions`, `StorageProgressSink`, `StorageReadOptions`, `StorageScanMode`, `StorageScanOutcome`, `StorageScanProgress`, `StorageThreadingOptions`, `StorageVisitorControl`, and `WorldStorage`[0m
  [1m[96m--> [0msrc\ui\window\map_viewer.rs:45:23
   [1m[96m|[0m
[1m[96m45[0m [1m[96m|[0m         BedrockDbKey, BedrockLevelDbStorage, MemoryStorage, PartitionedWorldStorage, StorageBatch,
   [1m[96m|[0m                       [1m[93m^^^^^^^^^^^^^^^^^^^^^[0m  [1m[93m^^^^^^^^^^^^^[0m  [1m[93m^^^^^^^^^^^^^^^^^^^^^^^[0m
[1m[96m46[0m [1m[96m|[0m         StorageCachePolicy, StorageCancelFlag, StorageEntry, StorageEntryRef, StorageOp,
   [1m[96m|[0m         [1m[93m^^^^^^^^^^^^^^^^^^[0m  [1m[93m^^^^^^^^^^^^^^^^^[0m  [1m[93m^^^^^^^^^^^^[0m  [1m[93m^^^^^^^^^^^^^^^[0m  [1m[93m^^^^^^^^^[0m
[1m[96m47[0m [1m[96m|[0m         StoragePipelineOptions, StorageProgressSink, StorageReadOptions, StorageScanMode,
   [1m[96m|[0m         [1m[93m^^^^^^^^^^^^^^^^^^^^^^[0m  [1m[93m^^^^^^^^^^^^^^^^^^^[0m  [1m[93m^^^^^^^^^^^^^^^^^^[0m  [1m[93m^^^^^^^^^^^^^^^[0m
[1m[96m48[0m [1m[96m|[0m         StorageScanOutcome, StorageScanProgress, StorageThreadingOptions, StorageVisitorControl,
   [1m[96m|[0m         [1m[93m^^^^^^^^^^^^^^^^^^[0m  [1m[93m^^^^^^^^^^^^^^^^^^^[0m  [1m[93m^^^^^^^^^^^^^^^^^^^^^^^[0m  [1m[93m^^^^^^^^^^^^^^^^^^^^^[0m
[1m[96m49[0m [1m[96m|[0m         WorldStorage,
   [1m[96m|[0m         [1m[93m^^^^^^^^^^^^[0m

[1m[93mwarning[0m[1m[97m: unused imports: `ActorDigestKey`, `ActorRecord`, `ActorSource`, `ActorUid`, and `ParsedEntity`[0m
  [1m[96m--> [0msrc\ui\window\map_viewer.rs:53:9
   [1m[96m|[0m
[1m[96m53[0m [1m[96m|[0m         ActorDigestKey, ActorRecord, ActorResolution, ActorSource, ActorUid, ParsedEntity,
   [1m[96m|[0m         [1m[93m^^^^^^^^^^^^^^[0m  [1m[93m^^^^^^^^^^^[0m                   [1m[93m^^^^^^^^^^^[0m  [1m[93m^^^^^^^^[0m  [1m[93m^^^^^^^^^^^^[0m

[1m[93mwarning[0m[1m[97m: unused import: `BedrockWorldErrorKind`[0m
  [1m[96m--> [0msrc\ui\window\map_viewer.rs:55:64
   [1m[96m|[0m
[1m[96m55[0m [1m[96m|[0m     pub(crate) use ::bedrock_world::error::{BedrockWorldError, BedrockWorldErrorKind, Result};
   [1m[96m|[0m                                                                [1m[93m^^^^^^^^^^^^^^^^^^^^^[0m

[1m[93mwarning[0m[1m[97m: unused imports: `MapKnownFields`, `MapPixels`, `MapRecordId`, and `ParsedMapData`[0m
  [1m[96m--> [0msrc\ui\window\map_viewer.rs:58:43
   [1m[96m|[0m
[1m[96m58[0m [1m[96m|[0m     pub(crate) use ::bedrock_world::map::{MapKnownFields, MapPixels, MapRecordId, ParsedMapData};
   [1m[96m|[0m                                           [1m[93m^^^^^^^^^^^^^^[0m  [1m[93m^^^^^^^^^[0m  [1m[93m^^^^^^^^^^^[0m  [1m[93m^^^^^^^^^^^^^[0m

[1m[93mwarning[0m[1m[97m: unused imports: `PlayerData` and `PlayerId`[0m
  [1m[96m--> [0msrc\ui\window\map_viewer.rs:60:46
   [1m[96m|[0m
[1m[96m60[0m [1m[96m|[0m     pub(crate) use ::bedrock_world::player::{PlayerData, PlayerId};
   [1m[96m|[0m                                              [1m[93m^^^^^^^^^^[0m  [1m[93m^^^^^^^^[0m

[1m[93mwarning[0m[1m[97m: unused import: `McStructureBlock`[0m
  [1m[96m--> [0msrc\ui\window\map_viewer.rs:63:9
   [1m[96m|[0m
[1m[96m63[0m [1m[96m|[0m         McStructureBlock, McStructureFile, McStructurePaletteEntry, McStructurePlacement,
   [1m[96m|[0m         [1m[93m^^^^^^^^^^^^^^^^[0m

[1m[93mwarning[0m[1m[97m: unused import: `::bedrock_world::biome::*`[0m
  [1m[96m--> [0msrc\ui\window\map_viewer.rs:69:24
   [1m[96m|[0m
[1m[96m69[0m [1m[96m|[0m         pub(crate) use ::bedrock_world::biome::*;
   [1m[96m|[0m                        [1m[93m^^^^^^^^^^^^^^^^^^^^^^^^^[0m

[1m[93mwarning[0m[1m[97m: unused import: `::bedrock_world::block::*`[0m
  [1m[96m--> [0msrc\ui\window\map_viewer.rs:72:24
   [1m[96m|[0m
[1m[96m72[0m [1m[96m|[0m         pub(crate) use ::bedrock_world::block::*;
   [1m[96m|[0m                        [1m[93m^^^^^^^^^^^^^^^^^^^^^^^^^[0m

[1m[93mwarning[0m[1m[97m: unused import: `::bedrock_world::database::*`[0m
  [1m[96m--> [0msrc\ui\window\map_viewer.rs:78:24
   [1m[96m|[0m
[1m[96m78[0m [1m[96m|[0m         pub(crate) use ::bedrock_world::database::*;
   [1m[96m|[0m                        [1m[93m^^^^^^^^^^^^^^^^^^^^^^^^^^^^[0m

[1m[93mwarning[0m[1m[97m: unused import: `::bedrock_world::entity::*`[0m
  [1m[96m--> [0msrc\ui\window\map_viewer.rs:81:24
   [1m[96m|[0m
[1m[96m81[0m [1m[96m|[0m         pub(crate) use ::bedrock_world::entity::*;
   [1m[96m|[0m                        [1m[93m^^^^^^^^^^^^^^^^^^^^^^^^^^[0m

[1m[93mwarning[0m[1m[97m: unused import: `::bedrock_world::error::*`[0m
  [1m[96m--> [0msrc\ui\window\map_viewer.rs:84:24
   [1m[96m|[0m
[1m[96m84[0m [1m[96m|[0m         pub(crate) use ::bedrock_world::error::*;
   [1m[96m|[0m                        [1m[93m^^^^^^^^^^^^^^^^^^^^^^^^^[0m

[1m[93mwarning[0m[1m[97m: unused import: `::bedrock_world::item::*`[0m
  [1m[96m--> [0msrc\ui\window\map_viewer.rs:87:24
   [1m[96m|[0m
[1m[96m87[0m [1m[96m|[0m         pub(crate) use ::bedrock_world::item::*;
   [1m[96m|[0m                        [1m[93m^^^^^^^^^^^^^^^^^^^^^^^^[0m

[1m[93mwarning[0m[1m[97m: unused import: `::bedrock_world::level::*`[0m
  [1m[96m--> [0msrc\ui\window\map_viewer.rs:90:24
   [1m[96m|[0m
[1m[96m90[0m [1m[96m|[0m         pub(crate) use ::bedrock_world::level::*;
   [1m[96m|[0m                        [1m[93m^^^^^^^^^^^^^^^^^^^^^^^^^[0m

[1m[93mwarning[0m[1m[97m: unused import: `::bedrock_world::map::*`[0m
  [1m[96m--> [0msrc\ui\window\map_viewer.rs:93:24
   [1m[96m|[0m
[1m[96m93[0m [1m[96m|[0m         pub(crate) use ::bedrock_world::map::*;
   [1m[96m|[0m                        [1m[93m^^^^^^^^^^^^^^^^^^^^^^^[0m

[1m[93mwarning[0m[1m[97m: unused import: `::bedrock_world::nbt::*`[0m
  [1m[96m--> [0msrc\ui\window\map_viewer.rs:96:24
   [1m[96m|[0m
[1m[96m96[0m [1m[96m|[0m         pub(crate) use ::bedrock_world::nbt::*;
   [1m[96m|[0m                        [1m[93m^^^^^^^^^^^^^^^^^^^^^^^[0m

[1m[93mwarning[0m[1m[97m: unused imports: `ParsedChunkData`, `ParsedChunkRecordValue`, `ParsedChunkRecord`, and `parse_chunk_records`[0m
   [1m[96m--> [0msrc\ui\window\map_viewer.rs:100:13
    [1m[96m|[0m
[1m[96m100[0m [1m[96m|[0m             ParsedChunkData, ParsedChunkRecord, ParsedChunkRecordValue, parse_chunk_records,
    [1m[96m|[0m             [1m[93m^^^^^^^^^^^^^^^[0m  [1m[93m^^^^^^^^^^^^^^^^^[0m  [1m[93m^^^^^^^^^^^^^^^^^^^^^^[0m  [1m[93m^^^^^^^^^^^^^^^^^^^[0m

[1m[93mwarning[0m[1m[97m: unused import: `::bedrock_world::player::*`[0m
   [1m[96m--> [0msrc\ui\window\map_viewer.rs:113:24
    [1m[96m|[0m
[1m[96m113[0m [1m[96m|[0m         pub(crate) use ::bedrock_world::player::*;
    [1m[96m|[0m                        [1m[93m^^^^^^^^^^^^^^^^^^^^^^^^^^[0m

[1m[93mwarning[0m[1m[97m: unused import: `::bedrock_world::query::*`[0m
   [1m[96m--> [0msrc\ui\window\map_viewer.rs:116:24
    [1m[96m|[0m
[1m[96m116[0m [1m[96m|[0m         pub(crate) use ::bedrock_world::query::*;
    [1m[96m|[0m                        [1m[93m^^^^^^^^^^^^^^^^^^^^^^^^^[0m

[1m[93mwarning[0m[1m[97m: unused import: `::bedrock_world::structure::*`[0m
   [1m[96m--> [0msrc\ui\window\map_viewer.rs:119:24
    [1m[96m|[0m
[1m[96m119[0m [1m[96m|[0m         pub(crate) use ::bedrock_world::structure::*;
    [1m[96m|[0m                        [1m[93m^^^^^^^^^^^^^^^^^^^^^^^^^^^^^[0m

[1m[93mwarning[0m[1m[97m: unused import: `::bedrock_world::world::*`[0m
   [1m[96m--> [0msrc\ui\window\map_viewer.rs:122:24
    [1m[96m|[0m
[1m[96m122[0m [1m[96m|[0m         pub(crate) use ::bedrock_world::world::*;
    [1m[96m|[0m                        [1m[93m^^^^^^^^^^^^^^^^^^^^^^^^^[0m

[1m[93mwarning[0m[1m[97m: unused import: `preview_3d_draw_parameters`[0m
 [1m[96m--> [0msrc\ui\window\map_viewer/preview_3d.rs:4:72
  [1m[96m|[0m
[1m[96m4[0m [1m[96m|[0m     Preview3dStatus, preview_3d_bounds_depth, preview_3d_bounds_width, preview_3d_draw_parameters,
  [1m[96m|[0m                                                                        [1m[93m^^^^^^^^^^^^^^^^^^^^^^^^^^[0m

[1m[93mwarning[0m[1m[97m: unused imports: `BTreeMap` and `BTreeSet`[0m
  [1m[96m--> [0msrc\ui\window\map_viewer/preview_3d.rs:16:24
   [1m[96m|[0m
[1m[96m16[0m [1m[96m|[0m use std::collections::{BTreeMap, BTreeSet};
   [1m[96m|[0m                        [1m[93m^^^^^^^^[0m  [1m[93m^^^^^^^^[0m

[1m[93mwarning[0m[1m[97m: unused import: `canonical_block_name_for_state`[0m
 [1m[96m--> [0msrc\ui\window\map_viewer/preview_3d_source.rs:7:28
  [1m[96m|[0m
[1m[96m7[0m [1m[96m|[0m     block_face_for_normal, canonical_block_name_for_state, detail_material_block_name_for_state,
  [1m[96m|[0m                            [1m[93m^^^^^^^^^^^^^^^^^^^^^^^^^^^^^^[0m

[1m[93mwarning[0m[1m[97m: unused import: `ExactSurfaceSubchunkPolicy`[0m
  [1m[96m--> [0msrc\ui\window\map_viewer/preview_3d_source.rs:14:42
   [1m[96m|[0m
[1m[96m14[0m [1m[96m|[0m     ChunkLoadOptions, ChunkLoadPriority, ExactSurfaceSubchunkPolicy, ParsedBiomeStorage,
   [1m[96m|[0m                                          [1m[93m^^^^^^^^^^^^^^^^^^^^^^^^^^[0m

[1m[93mwarning[0m[1m[97m: unused imports: `PluginWindowView` and `open_plugin_window`[0m
 [1m[96m--> [0msrc\ui\window\plugin.rs:1:34
  [1m[96m|[0m
[1m[96m1[0m [1m[96m|[0m pub use crate::plugins::window::{PluginWindowView, open_plugin_window};
  [1m[96m|[0m                                  [1m[93m^^^^^^^^^^^^^^^^[0m  [1m[93m^^^^^^^^^^^^^^^^^^[0m

[1m[93mwarning[0m[1m[97m: unused import: `sub3`[0m
  [1m[96m--> [0msrc\ui\window\skin_pack\custom_geometry.rs:22:91
   [1m[96m|[0m
[1m[96m22[0m [1m[96m|[0m     bedrock_to_preview, clamp_image_index, normalize, rotate_point_around, rotate_vector, sub3,
   [1m[96m|[0m                                                                                           [1m[93m^^^^[0m

[1m[93mwarning[0m[1m[97m: usage of an `unsafe` block[0m
  [1m[96m--> [0msrc\utils\developer_mode.rs:31:20
   [1m[96m|[0m
[1m[96m31[0m [1m[96m|[0m       let elevated = unsafe {
   [1m[96m|[0m [1m[93m ____________________^[0m
[1m[96m32[0m [1m[96m|[0m [1m[93m|[0m         let mut token = HANDLE::default();
[1m[96m33[0m [1m[96m|[0m [1m[93m|[0m         if OpenProcessToken(GetCurrentProcess(), TOKEN_QUERY, &mut token).is_err() {
[1m[96m34[0m [1m[96m|[0m [1m[93m|[0m             return false;
[1m[96m...[0m  [1m[93m|[0m
[1m[96m48[0m [1m[96m|[0m [1m[93m|[0m         result.is_ok() && elevation.TokenIsElevated != 0
[1m[96m49[0m [1m[96m|[0m [1m[93m|[0m     };
   [1m[96m|[0m [1m[93m|_____^[0m

[1m[93mwarning[0m[1m[97m: usage of an `unsafe` block[0m
   [1m[96m--> [0msrc\utils\developer_mode.rs:80:5
    [1m[96m|[0m
[1m[96m 80[0m [1m[96m|[0m [1m[93m/[0m     unsafe {
[1m[96m 81[0m [1m[96m|[0m [1m[93m|[0m         let operation = HSTRING::from("open");
[1m[96m 82[0m [1m[96m|[0m [1m[93m|[0m         let uri = HSTRING::from("ms-settings:developers");
[1m[96m 83[0m [1m[96m|[0m [1m[93m|[0m         let result = ShellExecuteW(
[1m[96m...[0m   [1m[93m|[0m
[1m[96m102[0m [1m[96m|[0m [1m[93m|[0m     }
    [1m[96m|[0m [1m[93m|_____^[0m

[1m[93mwarning[0m[1m[97m: unused import: `DateTime`[0m
 [1m[96m--> [0msrc\utils\diagnostics.rs:5:14
  [1m[96m|[0m
[1m[96m5[0m [1m[96m|[0m use chrono::{DateTime, Utc};
  [1m[96m|[0m              [1m[93m^^^^^^^^[0m

[1m[93mwarning[0m[1m[97m: usage of an `unsafe` block[0m
   [1m[96m--> [0msrc\utils\logger.rs:288:22
    [1m[96m|[0m
[1m[96m288[0m [1m[96m|[0m         let record = unsafe { (*exception_info).ExceptionRecord };
    [1m[96m|[0m                      [1m[93m^^^^^^^^^^^^^^^^^^^^^^^^^^^^^^^^^^^^^^^^^^^^[0m

[1m[93mwarning[0m[1m[97m: usage of an `unsafe` block[0m
   [1m[96m--> [0msrc\utils\logger.rs:294:22
    [1m[96m|[0m
[1m[96m294[0m [1m[96m|[0m         let record = unsafe { &*record };
    [1m[96m|[0m                      [1m[93m^^^^^^^^^^^^^^^^^^^[0m

[1m[93mwarning[0m[1m[97m: declaration of an `unsafe` function[0m
   [1m[96m--> [0msrc\utils\logger.rs:301:5
    [1m[96m|[0m
[1m[96m301[0m [1m[96m|[0m [1m[93m/[0m     unsafe extern "system" fn handle_vectored_exception(
[1m[96m302[0m [1m[96m|[0m [1m[93m|[0m         exception_info: *mut EXCEPTION_POINTERS,
[1m[96m303[0m [1m[96m|[0m [1m[93m|[0m     ) -> i32 {
[1m[96m304[0m [1m[96m|[0m [1m[93m|[0m         let (code, address) = exception_summary(exception_info);
[1m[96m...[0m   [1m[93m|[0m
[1m[96m311[0m [1m[96m|[0m [1m[93m|[0m         EXCEPTION_CONTINUE_SEARCH
[1m[96m312[0m [1m[96m|[0m [1m[93m|[0m     }
    [1m[96m|[0m [1m[93m|_____^[0m

[1m[93mwarning[0m[1m[97m: declaration of an `unsafe` function[0m
   [1m[96m--> [0msrc\utils\logger.rs:314:5
    [1m[96m|[0m
[1m[96m314[0m [1m[96m|[0m [1m[93m/[0m     unsafe extern "system" fn handle_unhandled_exception(
[1m[96m315[0m [1m[96m|[0m [1m[93m|[0m         exception_info: *const EXCEPTION_POINTERS,
[1m[96m316[0m [1m[96m|[0m [1m[93m|[0m     ) -> i32 {
[1m[96m317[0m [1m[96m|[0m [1m[93m|[0m         let (code, address) = exception_summary(exception_info);
[1m[96m...[0m   [1m[93m|[0m
[1m[96m326[0m [1m[96m|[0m [1m[93m|[0m         EXCEPTION_EXECUTE_HANDLER
[1m[96m327[0m [1m[96m|[0m [1m[93m|[0m     }
    [1m[96m|[0m [1m[93m|_____^[0m

[1m[93mwarning[0m[1m[97m: usage of an `unsafe` block[0m
   [1m[96m--> [0msrc\utils\logger.rs:330:5
    [1m[96m|[0m
[1m[96m330[0m [1m[96m|[0m [1m[93m/[0m     unsafe {
[1m[96m331[0m [1m[96m|[0m [1m[93m|[0m         let _ = AddVectoredExceptionHandler(1, Some(handle_vectored_exception));
[1m[96m332[0m [1m[96m|[0m [1m[93m|[0m         let _ = SetUnhandledExceptionFilter(Some(handle_unhandled_exception));
[1m[96m333[0m [1m[96m|[0m [1m[93m|[0m     }
    [1m[96m|[0m [1m[93m|_____^[0m

[1m[93mwarning[0m[1m[97m: unused import: `is_windows_app_sdk_runtime_installed`[0m
  [1m[96m--> [0msrc\utils\mc_dependency.rs:41:38
   [1m[96m|[0m
[1m[96m41[0m [1m[96m|[0m     install_windows_app_sdk_runtime, is_windows_app_sdk_runtime_installed,
   [1m[96m|[0m                                      [1m[93m^^^^^^^^^^^^^^^^^^^^^^^^^^^^^^^^^^^^[0m

[1m[93mwarning[0m[1m[97m: usage of an `unsafe` block[0m
   [1m[96m--> [0msrc\utils\mc_dependency.rs:847:5
    [1m[96m|[0m
[1m[96m847[0m [1m[96m|[0m [1m[93m/[0m     unsafe {
[1m[96m848[0m [1m[96m|[0m [1m[93m|[0m         let previous_ui = MsiSetInternalUI(INSTALLUILEVEL_NONE, None);
[1m[96m849[0m [1m[96m|[0m [1m[93m|[0m         let result = MsiInstallProductW(PCWSTR(installer.as_ptr()), PCWSTR::null());
[1m[96m850[0m [1m[96m|[0m [1m[93m|[0m         let _ = MsiSetInternalUI(previous_ui, None);
[1m[96m...[0m   [1m[93m|[0m
[1m[96m858[0m [1m[96m|[0m [1m[93m|[0m     }
    [1m[96m|[0m [1m[93m|_____^[0m

[1m[93mwarning[0m[1m[97m: usage of an `unsafe` block[0m
  [1m[96m--> [0msrc\utils\memory.rs:36:9
   [1m[96m|[0m
[1m[96m36[0m [1m[96m|[0m [1m[93m/[0m         unsafe {
[1m[96m37[0m [1m[96m|[0m [1m[93m|[0m             let process = GetCurrentProcess();
[1m[96m38[0m [1m[96m|[0m [1m[93m|[0m             let mut mem_info = PROCESS_MEMORY_COUNTERS_EX::default();
[1m[96m39[0m [1m[96m|[0m [1m[93m|[0m             let cb = size_of::<PROCESS_MEMORY_COUNTERS_EX>() as u32;
[1m[96m...[0m  [1m[93m|[0m
[1m[96m52[0m [1m[96m|[0m [1m[93m|[0m         }
   [1m[96m|[0m [1m[93m|_________^[0m

[1m[93mwarning[0m[1m[97m: usage of an `unsafe` block[0m
  [1m[96m--> [0msrc\utils\memory.rs:76:5
   [1m[96m|[0m
[1m[96m76[0m [1m[96m|[0m [1m[93m/[0m     unsafe {
[1m[96m77[0m [1m[96m|[0m [1m[93m|[0m         libmimalloc_sys::mi_option_set_enabled_default(
[1m[96m78[0m [1m[96m|[0m [1m[93m|[0m             libmimalloc_sys::mi_option_show_errors,
[1m[96m79[0m [1m[96m|[0m [1m[93m|[0m             false,
[1m[96m...[0m  [1m[93m|[0m
[1m[96m86[0m [1m[96m|[0m [1m[93m|[0m         libmimalloc_sys::mi_option_set_default(libmimalloc_sys::mi_option_reserve_os_memory, 0);
[1m[96m87[0m [1m[96m|[0m [1m[93m|[0m     }
   [1m[96m|[0m [1m[93m|_____^[0m

[1m[93mwarning[0m[1m[97m: usage of an `unsafe` block[0m
   [1m[96m--> [0msrc\utils\memory.rs:107:5
    [1m[96m|[0m
[1m[96m107[0m [1m[96m|[0m [1m[93m/[0m     unsafe {
[1m[96m108[0m [1m[96m|[0m [1m[93m|[0m         let process = GetCurrentProcess();
[1m[96m...[0m   [1m[93m|[0m
[1m[96m133[0m [1m[96m|[0m [1m[93m|[0m         stats
[1m[96m134[0m [1m[96m|[0m [1m[93m|[0m     }
    [1m[96m|[0m [1m[93m|_____^[0m

[1m[93mwarning[0m[1m[97m: usage of an `unsafe` block[0m
   [1m[96m--> [0msrc\utils\memory.rs:156:5
    [1m[96m|[0m
[1m[96m156[0m [1m[96m|[0m [1m[93m/[0m     unsafe {
[1m[96m157[0m [1m[96m|[0m [1m[93m|[0m         libmimalloc_sys::mi_collect(force);
[1m[96m158[0m [1m[96m|[0m [1m[93m|[0m     }
    [1m[96m|[0m [1m[93m|_____^[0m

[1m[93mwarning[0m[1m[97m: usage of an `unsafe` block[0m
  [1m[96m--> [0msrc\utils\open_path.rs:12:9
   [1m[96m|[0m
[1m[96m12[0m [1m[96m|[0m [1m[93m/[0m         unsafe {
[1m[96m13[0m [1m[96m|[0m [1m[93m|[0m             // SAFETY: ShellExecuteW is an OS API. We pass valid null-terminated wide strings
[1m[96m14[0m [1m[96m|[0m [1m[93m|[0m             // backed by HSTRING, and we do not dereference the returned handle.
[1m[96m15[0m [1m[96m|[0m [1m[93m|[0m             let path_h = HSTRING::from(&path);
[1m[96m...[0m  [1m[93m|[0m
[1m[96m30[0m [1m[96m|[0m [1m[93m|[0m         }
   [1m[96m|[0m [1m[93m|_________^[0m

[1m[93mwarning[0m[1m[97m: usage of an `unsafe` block[0m
   [1m[96m--> [0msrc\utils\registry.rs:144:5
    [1m[96m|[0m
[1m[96m144[0m [1m[96m|[0m [1m[93m/[0m     unsafe {
[1m[96m145[0m [1m[96m|[0m [1m[93m|[0m         SHChangeNotify(SHCNE_ASSOCCHANGED, SHCNF_IDLIST, None, None);
[1m[96m146[0m [1m[96m|[0m [1m[93m|[0m     }
    [1m[96m|[0m [1m[93m|_____^[0m

[1m[93mwarning[0m[1m[97m: usage of an `unsafe` block[0m
  [1m[96m--> [0msrc\utils\shortcut.rs:26:5
   [1m[96m|[0m
[1m[96m26[0m [1m[96m|[0m [1m[93m/[0m     unsafe {
[1m[96m27[0m [1m[96m|[0m [1m[93m|[0m         let _ = CoInitializeEx(None, COINIT_APARTMENTTHREADED);
[1m[96m28[0m [1m[96m|[0m [1m[93m|[0m
[1m[96m29[0m [1m[96m|[0m [1m[93m|[0m         let shell_link: IShellLinkW = CoCreateInstance(&ShellLink, None, CLSCTX_INPROC_SERVER)
[1m[96m...[0m  [1m[93m|[0m
[1m[96m56[0m [1m[96m|[0m [1m[93m|[0m         persist_file.Save(PCWSTR(shortcut_path_wide.as_ptr()), true)?;
[1m[96m57[0m [1m[96m|[0m [1m[93m|[0m     }
   [1m[96m|[0m [1m[93m|_____^[0m

[1m[93mwarning[0m[1m[97m: usage of an `unsafe` block[0m
  [1m[96m--> [0msrc\utils\shortcut.rs:84:5
   [1m[96m|[0m
[1m[96m84[0m [1m[96m|[0m [1m[93m/[0m     unsafe {
[1m[96m85[0m [1m[96m|[0m [1m[93m|[0m         if let Ok(path_ptr) = SHGetKnownFolderPath(&FOLDERID_Desktop, KF_FLAG_DEFAULT, None) {
[1m[96m86[0m [1m[96m|[0m [1m[93m|[0m             let path_str = path_ptr.to_string()?;
[1m[96m87[0m [1m[96m|[0m [1m[93m|[0m             CoTaskMemFree(Some(path_ptr.as_ptr() as *const _));
[1m[96m...[0m  [1m[93m|[0m
[1m[96m90[0m [1m[96m|[0m [1m[93m|[0m     }
   [1m[96m|[0m [1m[93m|_____^[0m

[1m[93mwarning[0m[1m[97m: implementation of an `unsafe` trait[0m
  [1m[96m--> [0msrc\utils\single_instance.rs:18:1
   [1m[96m|[0m
[1m[96m18[0m [1m[96m|[0m unsafe impl Send for RawHandle {}
   [1m[96m|[0m [1m[93m^^^^^^^^^^^^^^^^^^^^^^^^^^^^^^^^^[0m

[1m[93mwarning[0m[1m[97m: implementation of an `unsafe` trait[0m
  [1m[96m--> [0msrc\utils\single_instance.rs:20:1
   [1m[96m|[0m
[1m[96m20[0m [1m[96m|[0m unsafe impl Sync for RawHandle {}
   [1m[96m|[0m [1m[93m^^^^^^^^^^^^^^^^^^^^^^^^^^^^^^^^^[0m

[1m[93mwarning[0m[1m[97m: usage of an `unsafe` block[0m
  [1m[96m--> [0msrc\utils\single_instance.rs:37:9
   [1m[96m|[0m
[1m[96m37[0m [1m[96m|[0m [1m[93m/[0m         unsafe {
[1m[96m38[0m [1m[96m|[0m [1m[93m|[0m             let handle = HANDLE(ptr);
[1m[96m39[0m [1m[96m|[0m [1m[93m|[0m             let _ = windows::Win32::System::Threading::ReleaseMutex(handle);
[1m[96m40[0m [1m[96m|[0m [1m[93m|[0m             let _ = windows::Win32::Foundation::CloseHandle(handle);
[1m[96m41[0m [1m[96m|[0m [1m[93m|[0m         }
   [1m[96m|[0m [1m[93m|_________^[0m

[1m[93mwarning[0m[1m[97m: unused import: `std::path::Path`[0m
 [1m[96m--> [0msrc\utils\stats.rs:9:5
  [1m[96m|[0m
[1m[96m9[0m [1m[96m|[0m use std::path::Path;
  [1m[96m|[0m     [1m[93m^^^^^^^^^^^^^^^[0m

[1m[93mwarning[0m[1m[97m: usage of an `unsafe` block[0m
  [1m[96m--> [0msrc\utils\system_info.rs:15:5
   [1m[96m|[0m
[1m[96m15[0m [1m[96m|[0m     unsafe { GetACP() }
   [1m[96m|[0m     [1m[93m^^^^^^^^^^^^^^^^^^^[0m

[1m[93mwarning[0m[1m[97m: usage of an `unsafe` block[0m
  [1m[96m--> [0msrc\utils\system_info.rs:27:5
   [1m[96m|[0m
[1m[96m27[0m [1m[96m|[0m [1m[93m/[0m     unsafe {
[1m[96m28[0m [1m[96m|[0m [1m[93m|[0m         let lang_id = GetUserDefaultUILanguage();
[1m[96m29[0m [1m[96m|[0m [1m[93m|[0m         let mut buf = [0u16; 16];
[1m[96m30[0m [1m[96m|[0m [1m[93m|[0m         let len = GetLocaleInfoW(lang_id as u32, LOCALE_SNAME, Some(&mut buf));
[1m[96m...[0m  [1m[93m|[0m
[1m[96m36[0m [1m[96m|[0m [1m[93m|[0m     }
   [1m[96m|[0m [1m[93m|_____^[0m

[1m[93mwarning[0m[1m[97m: usage of an `unsafe` block[0m
   [1m[96m--> [0msrc\utils\system_info.rs:117:5
    [1m[96m|[0m
[1m[96m117[0m [1m[96m|[0m [1m[93m/[0m     unsafe {
[1m[96m118[0m [1m[96m|[0m [1m[93m|[0m         let mut info: SYSTEM_INFO = std::mem::zeroed();
[1m[96m119[0m [1m[96m|[0m [1m[93m|[0m         GetSystemInfo(&mut info);
[1m[96m120[0m [1m[96m|[0m [1m[93m|[0m         match info.Anonymous.Anonymous.wProcessorArchitecture {
[1m[96m...[0m   [1m[93m|[0m
[1m[96m126[0m [1m[96m|[0m [1m[93m|[0m     }
    [1m[96m|[0m [1m[93m|_____^[0m

[1m[93mwarning[0m[1m[97m: variable does not need to be mutable[0m
   [1m[96m--> [0msrc\ui\window\map_viewer\view.rs:231:13
    [1m[96m|[0m
[1m[96m231[0m [1m[96m|[0m         let mut root = div()
    [1m[96m|[0m             [1m[96m----[0m[1m[93m^^^^[0m
    [1m[96m|[0m             [1m[96m|[0m
    [1m[96m|[0m             [1m[96mhelp: remove this `mut`[0m
    [1m[96m|[0m
    [1m[96m= [0m[1m[97mnote[0m: `#[warn(unused_mut)]` (part of `#[warn(unused)]`) on by default

[1m[93mwarning[0m[1m[97m: use of deprecated method `md5::Context::compute`: Use `finalize`.[0m
  [1m[96m--> [0msrc\downloads\md5.rs:30:22
   [1m[96m|[0m
[1m[96m30[0m [1m[96m|[0m     let digest = ctx.compute();
   [1m[96m|[0m                      [1m[93m^^^^^^^[0m
   [1m[96m|[0m
   [1m[96m= [0m[1m[97mnote[0m: `#[warn(deprecated)]` on by default

[1m[93mwarning[0m[1m[97m: use of deprecated method `futures::futures_channel::mpsc::UnboundedReceiver::<T>::try_next`: please use `try_recv` instead[0m
    [1m[96m--> [0msrc\ui\window\map_viewer\interactions.rs:4028:48
     [1m[96m|[0m
[1m[96m4028[0m [1m[96m|[0m     while let Ok(Some(event)) = event_receiver.try_next() {
     [1m[96m|[0m                                                [1m[93m^^^^^^^^[0m

[1m[93mwarning[0m[1m[97m: use of deprecated method `futures::futures_channel::mpsc::UnboundedReceiver::<T>::try_next`: please use `try_recv` instead[0m
  [1m[96m--> [0msrc\ui\window\map_viewer\tile_render.rs:35:33
   [1m[96m|[0m
[1m[96m35[0m [1m[96m|[0m         match buffered_receiver.try_next() {
   [1m[96m|[0m                                 [1m[93m^^^^^^^^[0m

[1m[93mwarning[0m[1m[97m: unused import: `ConfigRpc`[0m
 [1m[96m--> [0msrc\core\online\online.rs:8:24
  [1m[96m|[0m
[1m[96m8[0m [1m[96m|[0m     ConfigPatchAction, ConfigRpc as _, InstanceConfigPatch, PatchConfigRequest, PortForwardPatch,
  [1m[96m|[0m                        [1m[93m^^^^^^^^^[0m

[1m[93mwarning[0m[1m[97m: unused import: `Read`[0m
  [1m[96m--> [0msrc\plugins\runtime.rs:15:15
   [1m[96m|[0m
[1m[96m15[0m [1m[96m|[0m use std::io::{Read, Write};
   [1m[96m|[0m               [1m[93m^^^^[0m

[1m[93mwarning[0m[1m[97m: unused import: `Write`[0m
  [1m[96m--> [0msrc\plugins\runtime.rs:15:21
   [1m[96m|[0m
[1m[96m15[0m [1m[96m|[0m use std::io::{Read, Write};
   [1m[96m|[0m                     [1m[93m^^^^^[0m

[1m[93mwarning[0m[1m[97m: unused import: `AppContext`[0m
 [1m[96m--> [0msrc\ui\onboarding\uwp_backup_tools.rs:4:12
  [1m[96m|[0m
[1m[96m4[0m [1m[96m|[0m use gpui::{AppContext as _, BorrowAppContext as _, *};
  [1m[96m|[0m            [1m[93m^^^^^^^^^^[0m

[1m[93mwarning[0m[1m[97m: unused import: `AppContext`[0m
 [1m[96m--> [0msrc\ui\onboarding\uwp_safety.rs:4:12
  [1m[96m|[0m
[1m[96m4[0m [1m[96m|[0m use gpui::{AppContext as _, BorrowAppContext as _, *};
  [1m[96m|[0m            [1m[93m^^^^^^^^^^[0m

[1m[93mwarning[0m[1m[97m: unused import: `StatefulInteractiveElement`[0m
  [1m[96m--> [0msrc\ui\overlays\update.rs:18:26
   [1m[96m|[0m
[1m[96m18[0m [1m[96m|[0m use gpui::{AnimationExt, StatefulInteractiveElement as _};
   [1m[96m|[0m                          [1m[93m^^^^^^^^^^^^^^^^^^^^^^^^^^[0m

[1m[93mwarning[0m[1m[97m: unused import: `gpui::prelude::FluentBuilder`[0m
 [1m[96m--> [0msrc\ui\views\download\mods.rs:8:5
  [1m[96m|[0m
[1m[96m8[0m [1m[96m|[0m use gpui::prelude::FluentBuilder as _;
  [1m[96m|[0m     [1m[93m^^^^^^^^^^^^^^^^^^^^^^^^^^^^[0m

[1m[93mwarning[0m[1m[97m: unused import: `crate::ui::components::scroll::ScrollableElement`[0m
 [1m[96m--> [0msrc\ui\views\manage\statistics_tab.rs:2:5
  [1m[96m|[0m
[1m[96m2[0m [1m[96m|[0m use crate::ui::components::scroll::ScrollableElement as _;
  [1m[96m|[0m     [1m[93m^^^^^^^^^^^^^^^^^^^^^^^^^^^^^^^^^^^^^^^^^^^^^^^^[0m

[1m[93mwarning[0m[1m[97m: unused import: `gpui::prelude::FluentBuilder`[0m
 [1m[96m--> [0msrc\ui\views\settings\tabs.rs:5:5
  [1m[96m|[0m
[1m[96m5[0m [1m[96m|[0m use gpui::prelude::FluentBuilder;
  [1m[96m|[0m     [1m[93m^^^^^^^^^^^^^^^^^^^^^^^^^^^^[0m

[1m[93mwarning[0m[1m[97m: unused import: `gpui::prelude::FluentBuilder`[0m
 [1m[96m--> [0msrc\ui\views\tasks\render\card.rs:8:5
  [1m[96m|[0m
[1m[96m8[0m [1m[96m|[0m use gpui::prelude::FluentBuilder as _;
  [1m[96m|[0m     [1m[93m^^^^^^^^^^^^^^^^^^^^^^^^^^^^[0m

[1m[93mwarning[0m[1m[97m: unused import: `gpui::prelude::FluentBuilder`[0m
 [1m[96m--> [0msrc\ui\views\tasks\render\page.rs:7:5
  [1m[96m|[0m
[1m[96m7[0m [1m[96m|[0m use gpui::prelude::FluentBuilder as _;
  [1m[96m|[0m     [1m[93m^^^^^^^^^^^^^^^^^^^^^^^^^^^^[0m

[1m[93mwarning[0m[1m[97m: unused import: `crate::ui::components::scroll::ScrollableElement`[0m
 [1m[96m--> [0msrc\ui\views\tasks\render\page.rs:3:5
  [1m[96m|[0m
[1m[96m3[0m [1m[96m|[0m use crate::ui::components::scroll::ScrollableElement as _;
  [1m[96m|[0m     [1m[93m^^^^^^^^^^^^^^^^^^^^^^^^^^^^^^^^^^^^^^^^^^^^^^^^[0m

[1m[93mwarning[0m[1m[97m: unused import: `Hasher`[0m
  [1m[96m--> [0msrc\ui\window\map_viewer/preview_3d.rs:17:23
   [1m[96m|[0m
[1m[96m17[0m [1m[96m|[0m use std::hash::{Hash, Hasher};
   [1m[96m|[0m                       [1m[93m^^^^^^[0m

[1m[93mwarning[0m[1m[97m: unused variable: `file_alignment_off`[0m
   [1m[96m--> [0msrc\core\inject\pe.rs:240:9
    [1m[96m|[0m
[1m[96m240[0m [1m[96m|[0m     let file_alignment_off = opt_header_pos + 36;
    [1m[96m|[0m         [1m[93m^^^^^^^^^^^^^^^^^^[0m [1m[93mhelp: if this is intentional, prefix it with an underscore: `_file_alignment_off`[0m
    [1m[96m|[0m
    [1m[96m= [0m[1m[97mnote[0m: `#[warn(unused_variables)]` (part of `#[warn(unused)]`) on by default

[1m[93mwarning[0m[1m[97m: value assigned to `thunk_value_64` is never read[0m
   [1m[96m--> [0msrc\core\inject\pe.rs:344:30
    [1m[96m|[0m
[1m[96m344[0m [1m[96m|[0m     let mut thunk_value_64 = 0u64;
    [1m[96m|[0m                              [1m[93m^^^^[0m
    [1m[96m|[0m
    [1m[96m= [0m[1m[97mhelp[0m: maybe it is overwritten before being read?
    [1m[96m= [0m[1m[97mnote[0m: `#[warn(unused_assignments)]` (part of `#[warn(unused)]`) on by default

[1m[93mwarning[0m[1m[97m: value assigned to `thunk_value_32` is never read[0m
   [1m[96m--> [0msrc\core\inject\pe.rs:345:30
    [1m[96m|[0m
[1m[96m345[0m [1m[96m|[0m     let mut thunk_value_32 = 0u32;
    [1m[96m|[0m                              [1m[93m^^^^[0m
    [1m[96m|[0m
    [1m[96m= [0m[1m[97mhelp[0m: maybe it is overwritten before being read?

[1m[93mwarning[E0133][0m[1m[97m: call to unsafe function `std::ptr::read_unaligned` is unsafe and requires unsafe block[0m
   [1m[96m--> [0msrc\core\minecraft\gdk\stream.rs:121:8
    [1m[96m|[0m
[1m[96m121[0m [1m[96m|[0m       Ok(std::ptr::read_unaligned(
    [1m[96m|[0m [1m[93m ________^[0m
[1m[96m122[0m [1m[96m|[0m [1m[93m|[0m         buffer.as_ptr().add(offset) as *const T
[1m[96m123[0m [1m[96m|[0m [1m[93m|[0m     ))
    [1m[96m|[0m [1m[93m|_____^[0m [1m[93mcall to unsafe function[0m
    [1m[96m|[0m
    [1m[96m= [0m[1m[97mnote[0m: consult the function's documentation for information on how to avoid undefined behavior
[1m[92mnote[0m: an unsafe function restricts its caller, but its body is safe by default
   [1m[96m--> [0msrc\core\minecraft\gdk\stream.rs:111:1
    [1m[96m|[0m
[1m[96m111[0m [1m[96m|[0m unsafe fn read_struct_at<T: Copy>(buffer: &[u8], offset: usize) -> Result<T, String> {
    [1m[96m|[0m [1m[92m^^^^^^^^^^^^^^^^^^^^^^^^^^^^^^^^^^^^^^^^^^^^^^^^^^^^^^^^^^^^^^^^^^^^^^^^^^^^^^^^^^^^[0m
    [1m[96m= [0m[1m[97mnote[0m: for more information, see <https://doc.rust-lang.org/edition-guide/rust-2024/unsafe-op-in-unsafe-fn.html>
    [1m[96m= [0m[1m[97mnote[0m: `#[warn(unsafe_op_in_unsafe_fn)]` (part of `#[warn(rust_2024_compatibility)]`) on by default

[1m[93mwarning[E0133][0m[1m[97m: call to unsafe function `std::ptr::const_ptr::<impl *const T>::add` is unsafe and requires unsafe block[0m
   [1m[96m--> [0msrc\core\minecraft\gdk\stream.rs:122:9
    [1m[96m|[0m
[1m[96m122[0m [1m[96m|[0m         buffer.as_ptr().add(offset) as *const T
    [1m[96m|[0m         [1m[93m^^^^^^^^^^^^^^^^^^^^^^^^^^^[0m [1m[93mcall to unsafe function[0m
    [1m[96m|[0m
    [1m[96m= [0m[1m[97mnote[0m: consult the function's documentation for information on how to avoid undefined behavior
    [1m[96m= [0m[1m[97mnote[0m: for more information, see <https://doc.rust-lang.org/edition-guide/rust-2024/unsafe-op-in-unsafe-fn.html>

[1m[93mwarning[0m[1m[97m: unused variable: `scan`[0m
   [1m[96m--> [0msrc\core\minecraft\import.rs:778:49
    [1m[96m|[0m
[1m[96m778[0m [1m[96m|[0m     let (target_type, internal_name, pack_uuid, scan) = analyze_archive(&mut archive, file_path)?;
    [1m[96m|[0m                                                 [1m[93m^^^^[0m [1m[93mhelp: if this is intentional, prefix it with an underscore: `_scan`[0m

[1m[93mwarning[0m[1m[97m: unused variable: `scan`[0m
    [1m[96m--> [0msrc\core\minecraft\import.rs:1031:49
     [1m[96m|[0m
[1m[96m1031[0m [1m[96m|[0m     let (target_type, internal_name, pack_uuid, scan) = analyze_archive(&mut archive, file_path)?;
     [1m[96m|[0m                                                 [1m[93m^^^^[0m [1m[93mhelp: if this is intentional, prefix it with an underscore: `_scan`[0m

[1m[93mwarning[0m[1m[97m: variable does not need to be mutable[0m
    [1m[96m--> [0msrc\core\minecraft\import.rs:2026:9
     [1m[96m|[0m
[1m[96m2026[0m [1m[96m|[0m     let mut description = "".to_string();
     [1m[96m|[0m         [1m[96m----[0m[1m[93m^^^^^^^^^^^[0m
     [1m[96m|[0m         [1m[96m|[0m
     [1m[96m|[0m         [1m[96mhelp: remove this `mut`[0m

[1m[93mwarning[0m[1m[97m: variable does not need to be mutable[0m
    [1m[96m--> [0msrc\core\minecraft\import.rs:3178:9
     [1m[96m|[0m
[1m[96m3178[0m [1m[96m|[0m     let mut description = "".to_string();
     [1m[96m|[0m         [1m[96m----[0m[1m[93m^^^^^^^^^^^[0m
     [1m[96m|[0m         [1m[96m|[0m
     [1m[96m|[0m         [1m[96mhelp: remove this `mut`[0m

[1m[93mwarning[0m[1m[97m: variable does not need to be mutable[0m
    [1m[96m--> [0msrc\core\minecraft\import.rs:3300:17
     [1m[96m|[0m
[1m[96m3300[0m [1m[96m|[0m             let mut dest = parent.join(&folder_name);
     [1m[96m|[0m                 [1m[96m----[0m[1m[93m^^^^[0m
     [1m[96m|[0m                 [1m[96m|[0m
     [1m[96m|[0m                 [1m[96mhelp: remove this `mut`[0m

[1m[93mwarning[0m[1m[97m: value assigned to `launched_via_uri` is never read[0m
   [1m[96m--> [0msrc\core\minecraft\launcher\start.rs:282:17
    [1m[96m|[0m
[1m[96m282[0m [1m[96m|[0m                 launched_via_uri = true;
    [1m[96m|[0m                 [1m[93m^^^^^^^^^^^^^^^^^^^^^^^[0m
    [1m[96m|[0m
    [1m[96m= [0m[1m[97mhelp[0m: maybe it is overwritten before being read?

[1m[93mwarning[0m[1m[97m: value assigned to `launch_gamertag` is never read[0m
   [1m[96m--> [0msrc\core\minecraft\launcher\task.rs:740:47
    [1m[96m|[0m
[1m[96m740[0m [1m[96m|[0m     let mut launch_gamertag: Option<String> = None;
    [1m[96m|[0m                                               [1m[93m^^^^[0m
    [1m[96m|[0m
    [1m[96m= [0m[1m[97mhelp[0m: maybe it is overwritten before being read?

[1m[93mwarning[E0133][0m[1m[97m: dereference of raw pointer is unsafe and requires unsafe block[0m
  [1m[96m--> [0msrc\core\minecraft\mouse_lock.rs:37:25
   [1m[96m|[0m
[1m[96m37[0m [1m[96m|[0m         let data = &mut *(lparam.0 as *mut D);
   [1m[96m|[0m                         [1m[93m^^^^^^^^^^^^^^^^^^^^^[0m [1m[93mdereference of raw pointer[0m
   [1m[96m|[0m
   [1m[96m= [0m[1m[97mnote[0m: raw pointers may be null, dangling or unaligned; they can violate aliasing rules and cause data races: all of these are undefined behavior
[1m[92mnote[0m: an unsafe function restricts its caller, but its body is safe by default
  [1m[96m--> [0msrc\core\minecraft\mouse_lock.rs:36:5
   [1m[96m|[0m
[1m[96m36[0m [1m[96m|[0m     unsafe extern "system" fn enum_host(hwnd: HWND, lparam: LPARAM) -> BOOL {
   [1m[96m|[0m     [1m[92m^^^^^^^^^^^^^^^^^^^^^^^^^^^^^^^^^^^^^^^^^^^^^^^^^^^^^^^^^^^^^^^^^^^^^^^[0m
   [1m[96m= [0m[1m[97mnote[0m: for more information, see <https://doc.rust-lang.org/edition-guide/rust-2024/unsafe-op-in-unsafe-fn.html>

[1m[93mwarning[E0133][0m[1m[97m: call to unsafe function `windows::Win32::UI::WindowsAndMessaging::IsWindowVisible` is unsafe and requires unsafe block[0m
  [1m[96m--> [0msrc\core\minecraft\mouse_lock.rs:38:13
   [1m[96m|[0m
[1m[96m38[0m [1m[96m|[0m         if !IsWindowVisible(hwnd).as_bool() {
   [1m[96m|[0m             [1m[93m^^^^^^^^^^^^^^^^^^^^^[0m [1m[93mcall to unsafe function[0m
   [1m[96m|[0m
   [1m[96m= [0m[1m[97mnote[0m: consult the function's documentation for information on how to avoid undefined behavior
   [1m[96m= [0m[1m[97mnote[0m: for more information, see <https://doc.rust-lang.org/edition-guide/rust-2024/unsafe-op-in-unsafe-fn.html>

[1m[93mwarning[E0133][0m[1m[97m: call to unsafe function `windows::Win32::UI::WindowsAndMessaging::GetWindowTextLengthW` is unsafe and requires unsafe block[0m
  [1m[96m--> [0msrc\core\minecraft\mouse_lock.rs:50:19
   [1m[96m|[0m
[1m[96m50[0m [1m[96m|[0m         let len = GetWindowTextLengthW(hwnd);
   [1m[96m|[0m                   [1m[93m^^^^^^^^^^^^^^^^^^^^^^^^^^[0m [1m[93mcall to unsafe function[0m
   [1m[96m|[0m
   [1m[96m= [0m[1m[97mnote[0m: consult the function's documentation for information on how to avoid undefined behavior
   [1m[96m= [0m[1m[97mnote[0m: for more information, see <https://doc.rust-lang.org/edition-guide/rust-2024/unsafe-op-in-unsafe-fn.html>

[1m[93mwarning[E0133][0m[1m[97m: call to unsafe function `windows::Win32::UI::WindowsAndMessaging::GetWindowTextW` is unsafe and requires unsafe block[0m
  [1m[96m--> [0msrc\core\minecraft\mouse_lock.rs:53:16
   [1m[96m|[0m
[1m[96m53[0m [1m[96m|[0m             if GetWindowTextW(hwnd, &mut buf) > 0 {
   [1m[96m|[0m                [1m[93m^^^^^^^^^^^^^^^^^^^^^^^^^^^^^^[0m [1m[93mcall to unsafe function[0m
   [1m[96m|[0m
   [1m[96m= [0m[1m[97mnote[0m: consult the function's documentation for information on how to avoid undefined behavior
   [1m[96m= [0m[1m[97mnote[0m: for more information, see <https://doc.rust-lang.org/edition-guide/rust-2024/unsafe-op-in-unsafe-fn.html>

[1m[93mwarning[0m[1m[97m: value assigned to `host_port_from_hostname` is never read[0m
   [1m[96m--> [0msrc\core\online\online.rs:459:52
    [1m[96m|[0m
[1m[96m459[0m [1m[96m|[0m     let mut host_port_from_hostname: Option<u16> = None;
    [1m[96m|[0m                                                    [1m[93m^^^^[0m
    [1m[96m|[0m
    [1m[96m= [0m[1m[97mhelp[0m: maybe it is overwritten before being read?

[1m[93mwarning[0m[1m[97m: unused variable: `editor`[0m
    [1m[96m--> [0msrc\ui\components\code_editor.rs:1936:39
     [1m[96m|[0m
[1m[96m1936[0m [1m[96m|[0m                     state.update(cx, |editor, cx| cx.emit(CodeEditorEvent::FormatRequested));
     [1m[96m|[0m                                       [1m[93m^^^^^^[0m [1m[93mhelp: if this is intentional, prefix it with an underscore: `_editor`[0m

[1m[93mwarning[0m[1m[97m: unused variable: `editor`[0m
    [1m[96m--> [0msrc\ui\components\code_editor.rs:1930:39
     [1m[96m|[0m
[1m[96m1930[0m [1m[96m|[0m                     state.update(cx, |editor, cx| cx.emit(CodeEditorEvent::SaveRequested));
     [1m[96m|[0m                                       [1m[93m^^^^^^[0m [1m[93mhelp: if this is intentional, prefix it with an underscore: `_editor`[0m

[1m[93mwarning[0m[1m[97m: unused variable: `cx`[0m
   [1m[96m--> [0msrc\ui\components\color_picker.rs:839:62
    [1m[96m|[0m
[1m[96m839[0m [1m[96m|[0m             cx.update_global(|state: &mut SettingsPageState, cx| {
    [1m[96m|[0m                                                              [1m[93m^^[0m [1m[93mhelp: if this is intentional, prefix it with an underscore: `_cx`[0m

[1m[93mwarning[0m[1m[97m: unused variable: `cx`[0m
   [1m[96m--> [0msrc\ui\components\color_picker.rs:765:70
    [1m[96m|[0m
[1m[96m765[0m [1m[96m|[0m                     cx.update_global(|state: &mut SettingsPageState, cx| {
    [1m[96m|[0m                                                                      [1m[93m^^[0m [1m[93mhelp: if this is intentional, prefix it with an underscore: `_cx`[0m

[1m[93mwarning[0m[1m[97m: unused variable: `cx`[0m
   [1m[96m--> [0msrc\ui\components\color_picker.rs:760:70
    [1m[96m|[0m
[1m[96m760[0m [1m[96m|[0m                     cx.update_global(|state: &mut SettingsPageState, cx| {
    [1m[96m|[0m                                                                      [1m[93m^^[0m [1m[93mhelp: if this is intentional, prefix it with an underscore: `_cx`[0m

[1m[93mwarning[0m[1m[97m: unused variable: `cx`[0m
   [1m[96m--> [0msrc\ui\components\color_picker.rs:731:74
    [1m[96m|[0m
[1m[96m731[0m [1m[96m|[0m                         cx.update_global(|state: &mut SettingsPageState, cx| {
    [1m[96m|[0m                                                                          [1m[93m^^[0m [1m[93mhelp: if this is intentional, prefix it with an underscore: `_cx`[0m

[1m[93mwarning[0m[1m[97m: unused variable: `cx`[0m
   [1m[96m--> [0msrc\ui\components\color_picker.rs:684:70
    [1m[96m|[0m
[1m[96m684[0m [1m[96m|[0m                     cx.update_global(|state: &mut SettingsPageState, cx| {
    [1m[96m|[0m                                                                      [1m[93m^^[0m [1m[93mhelp: if this is intentional, prefix it with an underscore: `_cx`[0m

[1m[93mwarning[0m[1m[97m: unused variable: `cx`[0m
   [1m[96m--> [0msrc\ui\components\color_picker.rs:679:70
    [1m[96m|[0m
[1m[96m679[0m [1m[96m|[0m                     cx.update_global(|state: &mut SettingsPageState, cx| {
    [1m[96m|[0m                                                                      [1m[93m^^[0m [1m[93mhelp: if this is intentional, prefix it with an underscore: `_cx`[0m

[1m[93mwarning[0m[1m[97m: unused variable: `cx`[0m
   [1m[96m--> [0msrc\ui\components\color_picker.rs:650:74
    [1m[96m|[0m
[1m[96m650[0m [1m[96m|[0m                         cx.update_global(|state: &mut SettingsPageState, cx| {
    [1m[96m|[0m                                                                          [1m[93m^^[0m [1m[93mhelp: if this is intentional, prefix it with an underscore: `_cx`[0m

[1m[93mwarning[0m[1m[97m: unused variable: `cx`[0m
   [1m[96m--> [0msrc\ui\components\color_picker.rs:619:70
    [1m[96m|[0m
[1m[96m619[0m [1m[96m|[0m                     cx.update_global(|state: &mut SettingsPageState, cx| {
    [1m[96m|[0m                                                                      [1m[93m^^[0m [1m[93mhelp: if this is intentional, prefix it with an underscore: `_cx`[0m

[1m[93mwarning[0m[1m[97m: unused variable: `cx`[0m
   [1m[96m--> [0msrc\ui\components\color_picker.rs:614:70
    [1m[96m|[0m
[1m[96m614[0m [1m[96m|[0m                     cx.update_global(|state: &mut SettingsPageState, cx| {
    [1m[96m|[0m                                                                      [1m[93m^^[0m [1m[93mhelp: if this is intentional, prefix it with an underscore: `_cx`[0m

[1m[93mwarning[0m[1m[97m: unused variable: `cx`[0m
   [1m[96m--> [0msrc\ui\components\color_picker.rs:587:74
    [1m[96m|[0m
[1m[96m587[0m [1m[96m|[0m                         cx.update_global(|state: &mut SettingsPageState, cx| {
    [1m[96m|[0m                                                                          [1m[93m^^[0m [1m[93mhelp: if this is intentional, prefix it with an underscore: `_cx`[0m

[1m[93mwarning[0m[1m[97m: unused variable: `cx`[0m
   [1m[96m--> [0msrc\ui\components\color_picker.rs:557:62
    [1m[96m|[0m
[1m[96m557[0m [1m[96m|[0m             cx.update_global(|state: &mut SettingsPageState, cx| {
    [1m[96m|[0m                                                              [1m[93m^^[0m [1m[93mhelp: if this is intentional, prefix it with an underscore: `_cx`[0m

[1m[93mwarning[0m[1m[97m: unused variable: `colors`[0m
  [1m[96m--> [0msrc\ui\components\dialog.rs:59:5
   [1m[96m|[0m
[1m[96m59[0m [1m[96m|[0m     colors: &ThemeColors,
   [1m[96m|[0m     [1m[93m^^^^^^[0m [1m[93mhelp: if this is intentional, prefix it with an underscore: `_colors`[0m

[1m[93mwarning[0m[1m[97m: unreachable pattern[0m
    [1m[96m--> [0msrc\ui\components\html_renderer.rs:2172:9
     [1m[96m|[0m
[1m[96m2155[0m [1m[96m|[0m         "p" | "address" | "figcaption" | "summary" | "dt" | "dd" => {
     [1m[96m|[0m         [1m[96m--------------------------------------------------------[0m [1m[96mmatches all the relevant values[0m
[1m[96m...[0m
[1m[96m2172[0m [1m[96m|[0m         "summary" => style.inline.bold = true,
     [1m[96m|[0m         [1m[93m^^^^^^^^^[0m [1m[93mno value can reach this[0m
     [1m[96m|[0m
     [1m[96m= [0m[1m[97mnote[0m: `#[warn(unreachable_patterns)]` (part of `#[warn(unused)]`) on by default

[1m[93mwarning[0m[1m[97m: unreachable pattern[0m
   [1m[96m--> [0msrc\ui\components\minecraft_text.rs:436:17
    [1m[96m|[0m
[1m[96m404[0m [1m[96m|[0m [1m[96m/[0m                 '0'..='9'
[1m[96m405[0m [1m[96m|[0m [1m[96m|[0m                 | 'a'..='f'
[1m[96m406[0m [1m[96m|[0m [1m[96m|[0m                 | 'g'
[1m[96m407[0m [1m[96m|[0m [1m[96m|[0m                 | 'h'
[1m[96m...[0m   [1m[96m|[0m
[1m[96m416[0m [1m[96m|[0m [1m[96m|[0m                 | 'u'
[1m[96m417[0m [1m[96m|[0m [1m[96m|[0m                 | 'v' => {
    [1m[96m|[0m [1m[96m|_____________________-[0m [1m[96mmatches all the relevant values[0m
[1m[96m...[0m
[1m[96m436[0m [1m[96m|[0m                   'n' => {
    [1m[96m|[0m                   [1m[93m^^^[0m [1m[93mno value can reach this[0m

[1m[93mwarning[0m[1m[97m: unreachable pattern[0m
   [1m[96m--> [0msrc\ui\components\minecraft_text.rs:439:17
    [1m[96m|[0m
[1m[96m404[0m [1m[96m|[0m [1m[96m/[0m                 '0'..='9'
[1m[96m405[0m [1m[96m|[0m [1m[96m|[0m                 | 'a'..='f'
[1m[96m406[0m [1m[96m|[0m [1m[96m|[0m                 | 'g'
[1m[96m407[0m [1m[96m|[0m [1m[96m|[0m                 | 'h'
[1m[96m...[0m   [1m[96m|[0m
[1m[96m416[0m [1m[96m|[0m [1m[96m|[0m                 | 'u'
[1m[96m417[0m [1m[96m|[0m [1m[96m|[0m                 | 'v' => {
    [1m[96m|[0m [1m[96m|_____________________-[0m [1m[96mmatches all the relevant values[0m
[1m[96m...[0m
[1m[96m439[0m [1m[96m|[0m                   'm' => {
    [1m[96m|[0m                   [1m[93m^^^[0m [1m[93mno value can reach this[0m

[1m[93mwarning[0m[1m[97m: unused variable: `cx`[0m
   [1m[96m--> [0msrc\ui\components\toast.rs:403:47
    [1m[96m|[0m
[1m[96m403[0m [1m[96m|[0m     cx.update_global(|state: &mut ToastState, cx| {
    [1m[96m|[0m                                               [1m[93m^^[0m [1m[93mhelp: if this is intentional, prefix it with an underscore: `_cx`[0m

[1m[93mwarning[0m[1m[97m: unused variable: `cx`[0m
   [1m[96m--> [0msrc\ui\components\toast.rs:409:47
    [1m[96m|[0m
[1m[96m409[0m [1m[96m|[0m     cx.update_global(|state: &mut ToastState, cx| {
    [1m[96m|[0m                                               [1m[93m^^[0m [1m[93mhelp: if this is intentional, prefix it with an underscore: `_cx`[0m

[1m[93mwarning[0m[1m[97m: unused variable: `cx`[0m
   [1m[96m--> [0msrc\ui\components\toast.rs:415:47
    [1m[96m|[0m
[1m[96m415[0m [1m[96m|[0m     cx.update_global(|state: &mut ToastState, cx| {
    [1m[96m|[0m                                               [1m[93m^^[0m [1m[93mhelp: if this is intentional, prefix it with an underscore: `_cx`[0m

[1m[93mwarning[0m[1m[97m: unused variable: `cx`[0m
   [1m[96m--> [0msrc\ui\components\toast.rs:425:47
    [1m[96m|[0m
[1m[96m425[0m [1m[96m|[0m     cx.update_global(|state: &mut ToastState, cx| {
    [1m[96m|[0m                                               [1m[93m^^[0m [1m[93mhelp: if this is intentional, prefix it with an underscore: `_cx`[0m

[1m[93mwarning[0m[1m[97m: unused variable: `cx`[0m
   [1m[96m--> [0msrc\ui\components\toast.rs:458:47
    [1m[96m|[0m
[1m[96m458[0m [1m[96m|[0m     cx.update_global(|state: &mut ToastState, cx| {
    [1m[96m|[0m                                               [1m[93m^^[0m [1m[93mhelp: if this is intentional, prefix it with an underscore: `_cx`[0m

[1m[93mwarning[0m[1m[97m: unused variable: `cx`[0m
   [1m[96m--> [0msrc\ui\components\toast.rs:467:47
    [1m[96m|[0m
[1m[96m467[0m [1m[96m|[0m     cx.update_global(|state: &mut ToastState, cx| {
    [1m[96m|[0m                                               [1m[93m^^[0m [1m[93mhelp: if this is intentional, prefix it with an underscore: `_cx`[0m

[1m[93mwarning[0m[1m[97m: unused variable: `cx`[0m
   [1m[96m--> [0msrc\ui\components\toast.rs:475:47
    [1m[96m|[0m
[1m[96m475[0m [1m[96m|[0m     cx.update_global(|state: &mut ToastState, cx| {
    [1m[96m|[0m                                               [1m[93m^^[0m [1m[93mhelp: if this is intentional, prefix it with an underscore: `_cx`[0m

[1m[93mwarning[0m[1m[97m: unused variable: `cx`[0m
   [1m[96m--> [0msrc\ui\components\toast.rs:499:47
    [1m[96m|[0m
[1m[96m499[0m [1m[96m|[0m     cx.update_global(|state: &mut ToastState, cx| {
    [1m[96m|[0m                                               [1m[93m^^[0m [1m[93mhelp: if this is intentional, prefix it with an underscore: `_cx`[0m

[1m[93mwarning[0m[1m[97m: unused variable: `cx`[0m
   [1m[96m--> [0msrc\ui\components\toast.rs:512:53
    [1m[96m|[0m
[1m[96m512[0m [1m[96m|[0m     match cx.update_global(|state: &mut ToastState, cx| {
    [1m[96m|[0m                                                     [1m[93m^^[0m [1m[93mhelp: if this is intentional, prefix it with an underscore: `_cx`[0m

[1m[93mwarning[0m[1m[97m: unused variable: `cx`[0m
   [1m[96m--> [0msrc\ui\components\toast.rs:531:53
    [1m[96m|[0m
[1m[96m531[0m [1m[96m|[0m     match cx.update_global(|state: &mut ToastState, cx| {
    [1m[96m|[0m                                                     [1m[93m^^[0m [1m[93mhelp: if this is intentional, prefix it with an underscore: `_cx`[0m

[1m[93mwarning[0m[1m[97m: unused variable: `cx`[0m
   [1m[96m--> [0msrc\ui\components\toast.rs:552:65
    [1m[96m|[0m
[1m[96m552[0m [1m[96m|[0m     if let Err(err) = cx.update_global(|state: &mut ToastState, cx| {
    [1m[96m|[0m                                                                 [1m[93m^^[0m [1m[93mhelp: if this is intentional, prefix it with an underscore: `_cx`[0m

[1m[93mwarning[0m[1m[97m: unused variable: `cx`[0m
   [1m[96m--> [0msrc\ui\components\toast.rs:580:53
    [1m[96m|[0m
[1m[96m580[0m [1m[96m|[0m     match cx.update_global(|state: &mut ToastState, cx| {
    [1m[96m|[0m                                                     [1m[93m^^[0m [1m[93mhelp: if this is intentional, prefix it with an underscore: `_cx`[0m

[1m[93mwarning[0m[1m[97m: variable does not need to be mutable[0m
   [1m[96m--> [0msrc\ui\components\toast.rs:688:9
    [1m[96m|[0m
[1m[96m688[0m [1m[96m|[0m     let mut occupied_sizes: Vec<f32> = layout_items
    [1m[96m|[0m         [1m[96m----[0m[1m[93m^^^^^^^^^^^^^^[0m
    [1m[96m|[0m         [1m[96m|[0m
    [1m[96m|[0m         [1m[96mhelp: remove this `mut`[0m

[1m[93mwarning[0m[1m[97m: unused variable: `cx`[0m
   [1m[96m--> [0msrc\ui\components\toast.rs:723:59
    [1m[96m|[0m
[1m[96m723[0m [1m[96m|[0m                 cx.update_global(|state: &mut ToastState, cx| {
    [1m[96m|[0m                                                           [1m[93m^^[0m [1m[93mhelp: if this is intentional, prefix it with an underscore: `_cx`[0m

[1m[93mwarning[0m[1m[97m: unused variable: `appear_k`[0m
   [1m[96m--> [0msrc\ui\components\toast.rs:806:9
    [1m[96m|[0m
[1m[96m806[0m [1m[96m|[0m     let appear_k = if appear_t < 1.0 {
    [1m[96m|[0m         [1m[93m^^^^^^^^[0m [1m[93mhelp: if this is intentional, prefix it with an underscore: `_appear_k`[0m

[1m[93mwarning[0m[1m[97m: unused variable: `now`[0m
  [1m[96m--> [0msrc\ui\main_window\update_flow.rs:28:61
   [1m[96m|[0m
[1m[96m28[0m [1m[96m|[0m     fn spawn_update_markdown_cache(release: ReleaseSummary, now: Instant, cx: &mut Context<Self>) {
   [1m[96m|[0m                                                             [1m[93m^^^[0m [1m[93mhelp: if this is intentional, prefix it with an underscore: `_now`[0m

[1m[93mwarning[0m[1m[97m: unused variable: `handle`[0m
  [1m[96m--> [0msrc\ui\main_window\update_flow.rs:32:30
   [1m[96m|[0m
[1m[96m32[0m [1m[96m|[0m         cx.spawn(async move |handle, cx| {
   [1m[96m|[0m                              [1m[93m^^^^^^[0m [1m[93mhelp: if this is intentional, prefix it with an underscore: `_handle`[0m

[1m[93mwarning[0m[1m[97m: unused variable: `cx`[0m
    [1m[96m--> [0msrc\ui\main_window.rs:1191:88
     [1m[96m|[0m
[1m[96m1191[0m [1m[96m|[0m                         |s: &mut crate::ui::views::download::state::DownloadPageState, cx| {
     [1m[96m|[0m                                                                                        [1m[93m^^[0m [1m[93mhelp: if this is intentional, prefix it with an underscore: `_cx`[0m

[1m[93mwarning[0m[1m[97m: unused variable: `cx`[0m
   [1m[96m--> [0msrc\ui\overlays\update.rs:694:72
    [1m[96m|[0m
[1m[96m694[0m [1m[96m|[0m [1m[96m...[0m                   cx.update_global(|u: &mut UpdateState, cx| {
    [1m[96m|[0m                                                              [1m[93m^^[0m [1m[93mhelp: if this is intentional, prefix it with an underscore: `_cx`[0m

[1m[93mwarning[0m[1m[97m: unused variable: `cx`[0m
   [1m[96m--> [0msrc\ui\overlays\update.rs:922:72
    [1m[96m|[0m
[1m[96m922[0m [1m[96m|[0m [1m[96m...[0m                   cx.update_global(|u: &mut UpdateState, cx| {
    [1m[96m|[0m                                                              [1m[93m^^[0m [1m[93mhelp: if this is intentional, prefix it with an underscore: `_cx`[0m

[1m[93mwarning[0m[1m[97m: unused variable: `cx`[0m
   [1m[96m--> [0msrc\ui\overlays\update.rs:894:68
    [1m[96m|[0m
[1m[96m894[0m [1m[96m|[0m [1m[96m...[0m                   cx.update_global(|u: &mut UpdateState, cx| {
    [1m[96m|[0m                                                              [1m[93m^^[0m [1m[93mhelp: if this is intentional, prefix it with an underscore: `_cx`[0m

[1m[93mwarning[0m[1m[97m: unused variable: `cx`[0m
   [1m[96m--> [0msrc\ui\overlays\update.rs:403:68
    [1m[96m|[0m
[1m[96m403[0m [1m[96m|[0m [1m[96m...[0m                   cx.update_global(|u: &mut UpdateState, cx| {
    [1m[96m|[0m                                                              [1m[93m^^[0m [1m[93mhelp: if this is intentional, prefix it with an underscore: `_cx`[0m

[1m[93mwarning[0m[1m[97m: unused variable: `cx`[0m
   [1m[96m--> [0msrc\ui\overlays\user_agreement.rs:387:67
    [1m[96m|[0m
[1m[96m387[0m [1m[96m|[0m                 cx.update_global(|agreement: &mut AgreementState, cx| {
    [1m[96m|[0m                                                                   [1m[93m^^[0m [1m[93mhelp: if this is intentional, prefix it with an underscore: `_cx`[0m

[1m[93mwarning[0m[1m[97m: unused variable: `cx`[0m
 [1m[96m--> [0msrc\ui\views\download\curseforge\results_state.rs:5:74
  [1m[96m|[0m
[1m[96m5[0m [1m[96m|[0m pub(crate) fn invalidate_results_in_state(state: &mut DownloadPageState, cx: &mut App) {
  [1m[96m|[0m                                                                          [1m[93m^^[0m [1m[93mhelp: if this is intentional, prefix it with an underscore: `_cx`[0m

[1m[93mwarning[0m[1m[97m: unused variable: `cx`[0m
  [1m[96m--> [0msrc\ui\views\download\curseforge\results_state.rs:38:85
   [1m[96m|[0m
[1m[96m38[0m [1m[96m|[0m pub(crate) fn begin_page_results_transition_in_state(state: &mut DownloadPageState, cx: &mut App) {
   [1m[96m|[0m                                                                                     [1m[93m^^[0m [1m[93mhelp: if this is intentional, prefix it with an underscore: `_cx`[0m

[1m[93mwarning[0m[1m[97m: unused variable: `current_mod_count`[0m
   [1m[96m--> [0msrc\ui\views\download\curseforge\results_state.rs:120:9
    [1m[96m|[0m
[1m[96m120[0m [1m[96m|[0m         current_mod_count,
    [1m[96m|[0m         [1m[93m^^^^^^^^^^^^^^^^^[0m [1m[93mhelp: if this is intentional, prefix it with an underscore: `_current_mod_count`[0m

[1m[93mwarning[0m[1m[97m: unused variable: `cx`[0m
   [1m[96m--> [0msrc\ui\views\download\curseforge\results_state.rs:288:72
    [1m[96m|[0m
[1m[96m288[0m [1m[96m|[0m                 match cx.update_global(|state: &mut DownloadPageState, cx| {
    [1m[96m|[0m                                                                        [1m[93m^^[0m [1m[93mhelp: if this is intentional, prefix it with an underscore: `_cx`[0m

[1m[93mwarning[0m[1m[97m: unused variable: `state`[0m
   [1m[96m--> [0msrc\ui\views\download\curseforge.rs:895:5
    [1m[96m|[0m
[1m[96m895[0m [1m[96m|[0m     state: &DownloadPageState,
    [1m[96m|[0m     [1m[93m^^^^^[0m [1m[93mhelp: if this is intentional, prefix it with an underscore: `_state`[0m

[1m[93mwarning[0m[1m[97m: unused variable: `detail_image_cache`[0m
   [1m[96m--> [0msrc\ui\views\download\curseforge.rs:898:5
    [1m[96m|[0m
[1m[96m898[0m [1m[96m|[0m     detail_image_cache: &Entity<BoundedImageCache>,
    [1m[96m|[0m     [1m[93m^^^^^^^^^^^^^^^^^^[0m [1m[93mhelp: if this is intentional, prefix it with an underscore: `_detail_image_cache`[0m

[1m[93mwarning[0m[1m[97m: unused variable: `active`[0m
    [1m[96m--> [0msrc\ui\views\download\curseforge.rs:1026:66
     [1m[96m|[0m
[1m[96m1026[0m [1m[96m|[0m     let sidebar_category_icon = |icon_url: Option<SharedString>, active: bool| -> AnyElement {
     [1m[96m|[0m                                                                  [1m[93m^^^^^^[0m [1m[93mhelp: if this is intentional, prefix it with an underscore: `_active`[0m

[1m[93mwarning[0m[1m[97m: unused variable: `skeleton_card`[0m
    [1m[96m--> [0msrc\ui\views\download\curseforge.rs:1408:9
     [1m[96m|[0m
[1m[96m1408[0m [1m[96m|[0m     let skeleton_card = || {
     [1m[96m|[0m         [1m[93m^^^^^^^^^^^^^[0m [1m[93mhelp: if this is intentional, prefix it with an underscore: `_skeleton_card`[0m

[1m[93mwarning[0m[1m[97m: unused variable: `total_items`[0m
    [1m[96m--> [0msrc\ui\views\download\curseforge.rs:1769:9
     [1m[96m|[0m
[1m[96m1769[0m [1m[96m|[0m     let total_items = state
     [1m[96m|[0m         [1m[93m^^^^^^^^^^^[0m [1m[93mhelp: if this is intentional, prefix it with an underscore: `_total_items`[0m

[1m[93mwarning[0m[1m[97m: unused variable: `total_pages`[0m
    [1m[96m--> [0msrc\ui\views\download\curseforge.rs:1773:9
     [1m[96m|[0m
[1m[96m1773[0m [1m[96m|[0m     let total_pages = state
     [1m[96m|[0m         [1m[93m^^^^^^^^^^^[0m [1m[93mhelp: if this is intentional, prefix it with an underscore: `_total_pages`[0m

[1m[93mwarning[0m[1m[97m: variable does not need to be mutable[0m
   [1m[96m--> [0msrc\ui\views\download\game.rs:588:9
    [1m[96m|[0m
[1m[96m588[0m [1m[96m|[0m     let mut panel = div()
    [1m[96m|[0m         [1m[96m----[0m[1m[93m^^^^^[0m
    [1m[96m|[0m         [1m[96m|[0m
    [1m[96m|[0m         [1m[96mhelp: remove this `mut`[0m

[1m[93mwarning[0m[1m[97m: unused variable: `total_pages`[0m
   [1m[96m--> [0msrc\ui\views\download\game.rs:615:26
    [1m[96m|[0m
[1m[96m615[0m [1m[96m|[0m     let (filtered_total, total_pages, page_index, page_rows) = {
    [1m[96m|[0m                          [1m[93m^^^^^^^^^^^[0m [1m[93mhelp: if this is intentional, prefix it with an underscore: `_total_pages`[0m

[1m[93mwarning[0m[1m[97m: unused variable: `page_index`[0m
   [1m[96m--> [0msrc\ui\views\download\game.rs:615:39
    [1m[96m|[0m
[1m[96m615[0m [1m[96m|[0m     let (filtered_total, total_pages, page_index, page_rows) = {
    [1m[96m|[0m                                       [1m[93m^^^^^^^^^^[0m [1m[93mhelp: if this is intentional, prefix it with an underscore: `_page_index`[0m

[1m[93mwarning[0m[1m[97m: unused variable: `cx`[0m
   [1m[96m--> [0msrc\ui\views\download\game.rs:917:62
    [1m[96m|[0m
[1m[96m917[0m [1m[96m|[0m                 cx.update_global(|s: &mut DownloadPageState, cx| {
    [1m[96m|[0m                                                              [1m[93m^^[0m [1m[93mhelp: if this is intentional, prefix it with an underscore: `_cx`[0m

[1m[93mwarning[0m[1m[97m: unused variable: `cx`[0m
   [1m[96m--> [0msrc\ui\views\download\game.rs:870:62
    [1m[96m|[0m
[1m[96m870[0m [1m[96m|[0m                 cx.update_global(|s: &mut DownloadPageState, cx| {
    [1m[96m|[0m                                                              [1m[93m^^[0m [1m[93mhelp: if this is intentional, prefix it with an underscore: `_cx`[0m

[1m[93mwarning[0m[1m[97m: unused variable: `md5_string_outer`[0m
    [1m[96m--> [0msrc\ui\views\download\game.rs:1253:17
     [1m[96m|[0m
[1m[96m1253[0m [1m[96m|[0m             let md5_string_outer = md5.clone().map(|s| s.to_string());
     [1m[96m|[0m                 [1m[93m^^^^^^^^^^^^^^^^[0m [1m[93mhelp: if this is intentional, prefix it with an underscore: `_md5_string_outer`[0m

[1m[93mwarning[0m[1m[97m: unused variable: `cx`[0m
   [1m[96m--> [0msrc\ui\views\download\state.rs:515:52
    [1m[96m|[0m
[1m[96m515[0m [1m[96m|[0m     pub fn release_curseforge_tab_state(&mut self, cx: &mut App) {
    [1m[96m|[0m                                                    [1m[93m^^[0m [1m[93mhelp: if this is intentional, prefix it with an underscore: `_cx`[0m

[1m[93mwarning[0m[1m[97m: unused variable: `cx`[0m
   [1m[96m--> [0msrc\ui\views\download\toolbar.rs:348:62
    [1m[96m|[0m
[1m[96m348[0m [1m[96m|[0m                 cx.update_global(|s: &mut DownloadPageState, cx| {
    [1m[96m|[0m                                                              [1m[93m^^[0m [1m[93mhelp: if this is intentional, prefix it with an underscore: `_cx`[0m

[1m[93mwarning[0m[1m[97m: unused variable: `icon_btn`[0m
   [1m[96m--> [0msrc\ui\views\download\toolbar.rs:306:9
    [1m[96m|[0m
[1m[96m306[0m [1m[96m|[0m     let icon_btn = |id: &'static str, icon_path: &'static str, disabled: bool| {
    [1m[96m|[0m         [1m[93m^^^^^^^^[0m [1m[93mhelp: if this is intentional, prefix it with an underscore: `_icon_btn`[0m

[1m[93mwarning[0m[1m[97m: unused variable: `this`[0m
   [1m[96m--> [0msrc\ui\views\download.rs:378:18
    [1m[96m|[0m
[1m[96m378[0m [1m[96m|[0m                 |this, input, ev: &crate::ui::components::input::InputEvent, cx| {
    [1m[96m|[0m                  [1m[93m^^^^[0m [1m[93mhelp: if this is intentional, prefix it with an underscore: `_this`[0m

[1m[93mwarning[0m[1m[97m: unused variable: `colors`[0m
   [1m[96m--> [0msrc\ui\views\manage\common.rs:108:20
    [1m[96m|[0m
[1m[96m108[0m [1m[96m|[0m pub fn tonal_badge(colors: &ThemeColors, label: impl Into<SharedString>, accent: Hsla) -> Div {
    [1m[96m|[0m                    [1m[93m^^^^^^[0m [1m[93mhelp: if this is intentional, prefix it with an underscore: `_colors`[0m

[1m[93mwarning[0m[1m[97m: unused variable: `cx`[0m
   [1m[96m--> [0msrc\ui\views\manage\level_dat_bridge.rs:105:9
    [1m[96m|[0m
[1m[96m105[0m [1m[96m|[0m         cx: &mut Context<Self>,
    [1m[96m|[0m         [1m[93m^^[0m [1m[93mhelp: if this is intentional, prefix it with an underscore: `_cx`[0m

[1m[93mwarning[0m[1m[97m: unused variable: `cx`[0m
  [1m[96m--> [0msrc\ui\views\settings\about\sponsors.rs:18:72
   [1m[96m|[0m
[1m[96m18[0m [1m[96m|[0m     let should_load = cx.update_global(|state: &mut SettingsPageState, cx| {
   [1m[96m|[0m                                                                        [1m[93m^^[0m [1m[93mhelp: if this is intentional, prefix it with an underscore: `_cx`[0m

[1m[93mwarning[0m[1m[97m: unused variable: `cx`[0m
   [1m[96m--> [0msrc\ui\views\settings\about\sponsors.rs:148:62
    [1m[96m|[0m
[1m[96m148[0m [1m[96m|[0m     let _ = cx.update_global(|state: &mut SettingsPageState, cx| {
    [1m[96m|[0m                                                              [1m[93m^^[0m [1m[93mhelp: if this is intentional, prefix it with an underscore: `_cx`[0m

[1m[93mwarning[0m[1m[97m: unused variable: `cx`[0m
   [1m[96m--> [0msrc\ui\views\settings\about\sponsors.rs:165:71
    [1m[96m|[0m
[1m[96m165[0m [1m[96m|[0m     let request_id = cx.update_global(|state: &mut SettingsPageState, cx| {
    [1m[96m|[0m                                                                       [1m[93m^^[0m [1m[93mhelp: if this is intentional, prefix it with an underscore: `_cx`[0m

[1m[93mwarning[0m[1m[97m: unused variable: `cx`[0m
   [1m[96m--> [0msrc\ui\views\settings\about\sponsors.rs:183:68
    [1m[96m|[0m
[1m[96m183[0m [1m[96m|[0m                     .update_global(|state: &mut SettingsPageState, cx| {
    [1m[96m|[0m                                                                    [1m[93m^^[0m [1m[93mhelp: if this is intentional, prefix it with an underscore: `_cx`[0m

[1m[93mwarning[0m[1m[97m: unused variable: `cx`[0m
   [1m[96m--> [0msrc\ui\views\settings\about\sponsors.rs:216:66
    [1m[96m|[0m
[1m[96m216[0m [1m[96m|[0m         let _ = cx.update_global(|state: &mut SettingsPageState, cx| {
    [1m[96m|[0m                                                                  [1m[93m^^[0m [1m[93mhelp: if this is intentional, prefix it with an underscore: `_cx`[0m

[1m[93mwarning[0m[1m[97m: unused variable: `cx`[0m
   [1m[96m--> [0msrc\ui\views\settings\about\sponsors.rs:362:58
    [1m[96m|[0m
[1m[96m362[0m [1m[96m|[0m         cx.update_global(|state: &mut SettingsPageState, cx| {
    [1m[96m|[0m                                                          [1m[93m^^[0m [1m[93mhelp: if this is intentional, prefix it with an underscore: `_cx`[0m

[1m[93mwarning[0m[1m[97m: unused variable: `cx`[0m
   [1m[96m--> [0msrc\ui\views\settings\about\sponsors.rs:356:58
    [1m[96m|[0m
[1m[96m356[0m [1m[96m|[0m         cx.update_global(|state: &mut SettingsPageState, cx| {
    [1m[96m|[0m                                                          [1m[93m^^[0m [1m[93mhelp: if this is intentional, prefix it with an underscore: `_cx`[0m

[1m[93mwarning[0m[1m[97m: unused variable: `cx`[0m
   [1m[96m--> [0msrc\ui\views\settings\about.rs:600:58
    [1m[96m|[0m
[1m[96m600[0m [1m[96m|[0m         cx.update_global(|state: &mut SettingsPageState, cx| {
    [1m[96m|[0m                                                          [1m[93m^^[0m [1m[93mhelp: if this is intentional, prefix it with an underscore: `_cx`[0m

[1m[93mwarning[0m[1m[97m: unused variable: `cx`[0m
   [1m[96m--> [0msrc\ui\views\settings\customization\background.rs:132:85
    [1m[96m|[0m
[1m[96m132[0m [1m[96m|[0m                     let snapshot = cx.update_global(|state: &mut SettingsPageState, cx| {
    [1m[96m|[0m                                                                                     [1m[93m^^[0m [1m[93mhelp: if this is intentional, prefix it with an underscore: `_cx`[0m

[1m[93mwarning[0m[1m[97m: unused variable: `cx`[0m
   [1m[96m--> [0msrc\ui\views\settings\customization\background.rs:280:73
    [1m[96m|[0m
[1m[96m280[0m [1m[96m|[0m [1m[96m...[0m                   |state: &mut SettingsPageState, cx| {
    [1m[96m|[0m                                                       [1m[93m^^[0m [1m[93mhelp: if this is intentional, prefix it with an underscore: `_cx`[0m

[1m[93mwarning[0m[1m[97m: unused variable: `local_font_family`[0m
   [1m[96m--> [0msrc\ui\views\settings\customization\font.rs:213:47
    [1m[96m|[0m
[1m[96m213[0m [1m[96m|[0m                         let (local_font_path, local_font_family) =
    [1m[96m|[0m                                               [1m[93m^^^^^^^^^^^^^^^^^[0m [1m[93mhelp: if this is intentional, prefix it with an underscore: `_local_font_family`[0m

[1m[93mwarning[0m[1m[97m: unused variable: `cx`[0m
  [1m[96m--> [0msrc\ui\views\settings\game.rs:49:84
   [1m[96m|[0m
[1m[96m49[0m [1m[96m|[0m                 let snapshot = cx.update_global(|settings: &mut SettingsPageState, cx| {
   [1m[96m|[0m                                                                                    [1m[93m^^[0m [1m[93mhelp: if this is intentional, prefix it with an underscore: `_cx`[0m

[1m[93mwarning[0m[1m[97m: unused variable: `cx`[0m
   [1m[96m--> [0msrc\ui\views\settings\launcher\connectivity.rs:113:69
    [1m[96m|[0m
[1m[96m113[0m [1m[96m|[0m                 cx.update_global(|settings: &mut SettingsPageState, cx| {
    [1m[96m|[0m                                                                     [1m[93m^^[0m [1m[93mhelp: if this is intentional, prefix it with an underscore: `_cx`[0m

[1m[93mwarning[0m[1m[97m: unused variable: `cx`[0m
   [1m[96m--> [0msrc\ui\views\settings\launcher\connectivity.rs:516:57
    [1m[96m|[0m
[1m[96m516[0m [1m[96m|[0m     cx.update_global(|settings: &mut SettingsPageState, cx| {
    [1m[96m|[0m                                                         [1m[93m^^[0m [1m[93mhelp: if this is intentional, prefix it with an underscore: `_cx`[0m

[1m[93mwarning[0m[1m[97m: unused variable: `cx`[0m
   [1m[96m--> [0msrc\ui\views\settings\launcher\connectivity.rs:441:80
    [1m[96m|[0m
[1m[96m441[0m [1m[96m|[0m         if let Err(err) = cx.update_global(|_settings: &mut SettingsPageState, cx| {}) {
    [1m[96m|[0m                                                                                [1m[93m^^[0m [1m[93mhelp: if this is intentional, prefix it with an underscore: `_cx`[0m

[1m[93mwarning[0m[1m[97m: unused variable: `cx`[0m
   [1m[96m--> [0msrc\ui\views\settings\launcher\connectivity.rs:419:76
    [1m[96m|[0m
[1m[96m419[0m [1m[96m|[0m     let req_id = match cx.update_global(|settings: &mut SettingsPageState, cx| -> Option<u64> {
    [1m[96m|[0m                                                                            [1m[93m^^[0m [1m[93mhelp: if this is intentional, prefix it with an underscore: `_cx`[0m

[1m[93mwarning[0m[1m[97m: unused variable: `cx`[0m
   [1m[96m--> [0msrc\ui\views\settings\launcher\connectivity.rs:503:79
    [1m[96m|[0m
[1m[96m503[0m [1m[96m|[0m         if let Err(err) = cx.update_global(|settings: &mut SettingsPageState, cx| {
    [1m[96m|[0m                                                                               [1m[93m^^[0m [1m[93mhelp: if this is intentional, prefix it with an underscore: `_cx`[0m

[1m[93mwarning[0m[1m[97m: unused variable: `cx`[0m
   [1m[96m--> [0msrc\ui\views\settings\launcher\connectivity.rs:474:83
    [1m[96m|[0m
[1m[96m474[0m [1m[96m|[0m             if let Err(err) = cx.update_global(|settings: &mut SettingsPageState, cx| {
    [1m[96m|[0m                                                                                   [1m[93m^^[0m [1m[93mhelp: if this is intentional, prefix it with an underscore: `_cx`[0m

[1m[93mwarning[0m[1m[97m: unused variable: `cx`[0m
   [1m[96m--> [0msrc\ui\views\settings\launcher\connectivity.rs:447:79
    [1m[96m|[0m
[1m[96m447[0m [1m[96m|[0m         if let Err(err) = cx.update_global(|settings: &mut SettingsPageState, cx| {
    [1m[96m|[0m                                                                               [1m[93m^^[0m [1m[93mhelp: if this is intentional, prefix it with an underscore: `_cx`[0m

[1m[93mwarning[0m[1m[97m: unused variable: `cx`[0m
   [1m[96m--> [0msrc\ui\views\settings\launcher\connectivity.rs:522:57
    [1m[96m|[0m
[1m[96m522[0m [1m[96m|[0m     cx.update_global(|settings: &mut SettingsPageState, cx| {
    [1m[96m|[0m                                                         [1m[93m^^[0m [1m[93mhelp: if this is intentional, prefix it with an underscore: `_cx`[0m

[1m[93mwarning[0m[1m[97m: unused variable: `cx`[0m
   [1m[96m--> [0msrc\ui\views\settings\launcher\connectivity.rs:528:57
    [1m[96m|[0m
[1m[96m528[0m [1m[96m|[0m     cx.update_global(|settings: &mut SettingsPageState, cx| {
    [1m[96m|[0m                                                         [1m[93m^^[0m [1m[93mhelp: if this is intentional, prefix it with an underscore: `_cx`[0m

[1m[93mwarning[0m[1m[97m: unused variable: `cx`[0m
   [1m[96m--> [0msrc\ui\views\settings\launcher\download.rs:121:80
    [1m[96m|[0m
[1m[96m121[0m [1m[96m|[0m             let snapshot = cx.update_global(|settings: &mut SettingsPageState, cx| {
    [1m[96m|[0m                                                                                [1m[93m^^[0m [1m[93mhelp: if this is intentional, prefix it with an underscore: `_cx`[0m

[1m[93mwarning[0m[1m[97m: unused variable: `cx`[0m
   [1m[96m--> [0msrc\ui\views\settings\launcher\download.rs:168:80
    [1m[96m|[0m
[1m[96m168[0m [1m[96m|[0m             let snapshot = cx.update_global(|settings: &mut SettingsPageState, cx| {
    [1m[96m|[0m                                                                                [1m[93m^^[0m [1m[93mhelp: if this is intentional, prefix it with an underscore: `_cx`[0m

[1m[93mwarning[0m[1m[97m: unused variable: `cx`[0m
   [1m[96m--> [0msrc\ui\views\settings\launcher\download.rs:239:80
    [1m[96m|[0m
[1m[96m239[0m [1m[96m|[0m             let snapshot = cx.update_global(|settings: &mut SettingsPageState, cx| {
    [1m[96m|[0m                                                                                [1m[93m^^[0m [1m[93mhelp: if this is intentional, prefix it with an underscore: `_cx`[0m

[1m[93mwarning[0m[1m[97m: unused variable: `cx`[0m
   [1m[96m--> [0msrc\ui\views\settings\launcher.rs:222:62
    [1m[96m|[0m
[1m[96m222[0m [1m[96m|[0m         if let Err(err) = cx.update_global(|i18n: &mut I18n, cx| {
    [1m[96m|[0m                                                              [1m[93m^^[0m [1m[93mhelp: if this is intentional, prefix it with an underscore: `_cx`[0m

[1m[93mwarning[0m[1m[97m: unused variable: `cx`[0m
   [1m[96m--> [0msrc\ui\views\settings\launcher.rs:296:65
    [1m[96m|[0m
[1m[96m296[0m [1m[96m|[0m             cx.update_global(|settings: &mut SettingsPageState, cx| {
    [1m[96m|[0m                                                                 [1m[93m^^[0m [1m[93mhelp: if this is intentional, prefix it with an underscore: `_cx`[0m

[1m[93mwarning[0m[1m[97m: unused variable: `cx`[0m
   [1m[96m--> [0msrc\ui\views\settings\launcher.rs:362:80
    [1m[96m|[0m
[1m[96m362[0m [1m[96m|[0m             let snapshot = cx.update_global(|settings: &mut SettingsPageState, cx| {
    [1m[96m|[0m                                                                                [1m[93m^^[0m [1m[93mhelp: if this is intentional, prefix it with an underscore: `_cx`[0m

[1m[93mwarning[0m[1m[97m: unused variable: `cx`[0m
   [1m[96m--> [0msrc\ui\views\settings\launcher.rs:452:80
    [1m[96m|[0m
[1m[96m452[0m [1m[96m|[0m             let snapshot = cx.update_global(|settings: &mut SettingsPageState, cx| {
    [1m[96m|[0m                                                                                [1m[93m^^[0m [1m[93mhelp: if this is intentional, prefix it with an underscore: `_cx`[0m

[1m[93mwarning[0m[1m[97m: unused variable: `cx`[0m
   [1m[96m--> [0msrc\ui\views\settings\launcher.rs:487:80
    [1m[96m|[0m
[1m[96m487[0m [1m[96m|[0m             let snapshot = cx.update_global(|settings: &mut SettingsPageState, cx| {
    [1m[96m|[0m                                                                                [1m[93m^^[0m [1m[93mhelp: if this is intentional, prefix it with an underscore: `_cx`[0m

[1m[93mwarning[0m[1m[97m: unused variable: `cx`[0m
   [1m[96m--> [0msrc\ui\views\settings\launcher.rs:513:88
    [1m[96m|[0m
[1m[96m513[0m [1m[96m|[0m                     let snapshot = cx.update_global(|settings: &mut SettingsPageState, cx| {
    [1m[96m|[0m                                                                                        [1m[93m^^[0m [1m[93mhelp: if this is intentional, prefix it with an underscore: `_cx`[0m

[1m[93mwarning[0m[1m[97m: variable does not need to be mutable[0m
   [1m[96m--> [0msrc\ui\views\settings\plugins.rs:527:9
    [1m[96m|[0m
[1m[96m527[0m [1m[96m|[0m     let mut list = settings_card(colors, "settings-plugins-list")
    [1m[96m|[0m         [1m[96m----[0m[1m[93m^^^^[0m
    [1m[96m|[0m         [1m[96m|[0m
    [1m[96m|[0m         [1m[96mhelp: remove this `mut`[0m

[1m[93mwarning[0m[1m[97m: unused variable: `section`[0m
  [1m[96m--> [0msrc\ui\views\settings\rows.rs:56:5
   [1m[96m|[0m
[1m[96m56[0m [1m[96m|[0m     section: SharedString,
   [1m[96m|[0m     [1m[93m^^^^^^^[0m [1m[93mhelp: if this is intentional, prefix it with an underscore: `_section`[0m

[1m[93mwarning[0m[1m[97m: unused variable: `option_labels`[0m
  [1m[96m--> [0msrc\ui\views\settings\rows.rs:67:9
   [1m[96m|[0m
[1m[96m67[0m [1m[96m|[0m     let option_labels: Vec<SharedString> = options.iter().map(|opt| opt.label.clone()).collect();
   [1m[96m|[0m         [1m[93m^^^^^^^^^^^^^[0m [1m[93mhelp: if this is intentional, prefix it with an underscore: `_option_labels`[0m

[1m[93mwarning[0m[1m[97m: unused variable: `section`[0m
  [1m[96m--> [0msrc\ui\views\settings\rows.rs:87:5
   [1m[96m|[0m
[1m[96m87[0m [1m[96m|[0m     section: SharedString,
   [1m[96m|[0m     [1m[93m^^^^^^^[0m [1m[93mhelp: if this is intentional, prefix it with an underscore: `_section`[0m

[1m[93mwarning[0m[1m[97m: unused variable: `option_labels`[0m
  [1m[96m--> [0msrc\ui\views\settings\rows.rs:98:9
   [1m[96m|[0m
[1m[96m98[0m [1m[96m|[0m     let option_labels: Vec<SharedString> = options.iter().map(|opt| opt.label.clone()).collect();
   [1m[96m|[0m         [1m[93m^^^^^^^^^^^^^[0m [1m[93mhelp: if this is intentional, prefix it with an underscore: `_option_labels`[0m

[1m[93mwarning[0m[1m[97m: unused variable: `cx`[0m
   [1m[96m--> [0msrc\ui\views\settings\rows.rs:132:77
    [1m[96m|[0m
[1m[96m132[0m [1m[96m|[0m                 let snapshot = cx.update_global(|s: &mut SettingsPageState, cx| {
    [1m[96m|[0m                                                                             [1m[93m^^[0m [1m[93mhelp: if this is intentional, prefix it with an underscore: `_cx`[0m

[1m[93mwarning[0m[1m[97m: unused variable: `next_enabled`[0m
   [1m[96m--> [0msrc\ui\views\settings\rows.rs:131:21
    [1m[96m|[0m
[1m[96m131[0m [1m[96m|[0m                 let next_enabled = !enabled;
    [1m[96m|[0m                     [1m[93m^^^^^^^^^^^^[0m [1m[93mhelp: if this is intentional, prefix it with an underscore: `_next_enabled`[0m

[1m[93mwarning[0m[1m[97m: unused variable: `section`[0m
   [1m[96m--> [0msrc\ui\views\settings\rows.rs:117:5
    [1m[96m|[0m
[1m[96m117[0m [1m[96m|[0m     section: SharedString,
    [1m[96m|[0m     [1m[93m^^^^^^^[0m [1m[93mhelp: if this is intentional, prefix it with an underscore: `_section`[0m

[1m[93mwarning[0m[1m[97m: unused variable: `cx`[0m
  [1m[96m--> [0msrc\ui\views\settings\tabs.rs:38:66
   [1m[96m|[0m
[1m[96m38[0m [1m[96m|[0m         let _ = cx.update_global(|state: &mut SettingsPageState, cx| {
   [1m[96m|[0m                                                                  [1m[93m^^[0m [1m[93mhelp: if this is intentional, prefix it with an underscore: `_cx`[0m

[1m[93mwarning[0m[1m[97m: unused variable: `view`[0m
    [1m[96m--> [0msrc\ui\window\import\view.rs:1825:5
     [1m[96m|[0m
[1m[96m1825[0m [1m[96m|[0m     view: &ImportWindowView,
     [1m[96m|[0m     [1m[93m^^^^[0m [1m[93mhelp: if this is intentional, prefix it with an underscore: `_view`[0m

[1m[93mwarning[0m[1m[97m: unused variable: `view`[0m
    [1m[96m--> [0msrc\ui\window\import\view.rs:2695:5
     [1m[96m|[0m
[1m[96m2695[0m [1m[96m|[0m     view: &ImportWindowView,
     [1m[96m|[0m     [1m[93m^^^^[0m [1m[93mhelp: if this is intentional, prefix it with an underscore: `_view`[0m

[1m[93mwarning[0m[1m[97m: unused variable: `colors`[0m
   [1m[96m--> [0msrc\ui\window\level_dat\view.rs:429:17
    [1m[96m|[0m
[1m[96m429[0m [1m[96m|[0m fn status_badge(colors: &ThemeColors, label: &'static str, accent: Hsla) -> Div {
    [1m[96m|[0m                 [1m[93m^^^^^^[0m [1m[93mhelp: if this is intentional, prefix it with an underscore: `_colors`[0m

[1m[93mwarning[0m[1m[97m: unused variable: `chunk`[0m
  [1m[96m--> [0msrc\ui\window\map_viewer\menus.rs:11:9
   [1m[96m|[0m
[1m[96m11[0m [1m[96m|[0m         chunk: ChunkPos,
   [1m[96m|[0m         [1m[93m^^^^^[0m [1m[93mhelp: if this is intentional, prefix it with an underscore: `_chunk`[0m

[1m[93mwarning[0m[1m[97m: unused variable: `window`[0m
   [1m[96m--> [0msrc\ui\window\map_viewer\preview_detached.rs:144:26
    [1m[96m|[0m
[1m[96m144[0m [1m[96m|[0m     fn render(&mut self, window: &mut Window, cx: &mut Context<Self>) -> impl IntoElement {
    [1m[96m|[0m                          [1m[93m^^^^^^[0m [1m[93mhelp: if this is intentional, prefix it with an underscore: `_window`[0m

[1m[93mwarning[0m[1m[97m: variable does not need to be mutable[0m
   [1m[96m--> [0msrc\ui\window\map_viewer\tile_render_core.rs:845:9
    [1m[96m|[0m
[1m[96m845[0m [1m[96m|[0m     let mut diagnostics = RenderDiagnostics::default();
    [1m[96m|[0m         [1m[96m----[0m[1m[93m^^^^^^^^^^^[0m
    [1m[96m|[0m         [1m[96m|[0m
    [1m[96m|[0m         [1m[96mhelp: remove this `mut`[0m

[1m[93mwarning[0m[1m[97m: variable does not need to be mutable[0m
  [1m[96m--> [0msrc\utils\file_ops.rs:95:9
   [1m[96m|[0m
[1m[96m95[0m [1m[96m|[0m     let mut dirs = vec![
   [1m[96m|[0m         [1m[96m----[0m[1m[93m^^^^[0m
   [1m[96m|[0m         [1m[96m|[0m
   [1m[96m|[0m         [1m[96mhelp: remove this `mut`[0m

[1m[93mwarning[0m[1m[97m: type `ModalAnimationControl` is more private than the item `ModalDismissHandle::control`[0m
   [1m[96m--> [0msrc\ui\components\modal.rs:247:5
    [1m[96m|[0m
[1m[96m247[0m [1m[96m|[0m     pub(crate) fn control(&self) -> Rc<Cell<ModalAnimationControl>> {
    [1m[96m|[0m     [1m[93m^^^^^^^^^^^^^^^^^^^^^^^^^^^^^^^^^^^^^^^^^^^^^^^^^^^^^^^^^^^^^^^[0m [1m[93mmethod `ModalDismissHandle::control` is reachable at visibility `pub(crate)`[0m
    [1m[96m|[0m
[1m[92mnote[0m: but type `ModalAnimationControl` is only usable at visibility `pub(self)`
   [1m[96m--> [0msrc\ui\components\modal.rs:319:1
    [1m[96m|[0m
[1m[96m319[0m [1m[96m|[0m struct ModalAnimationControl {
    [1m[96m|[0m [1m[92m^^^^^^^^^^^^^^^^^^^^^^^^^^^^[0m
    [1m[96m= [0m[1m[97mnote[0m: `#[warn(private_interfaces)]` on by default

[1m[93mwarning[0m[1m[97m: type `PluginSettingsModel` is more private than the item `render_settings_page`[0m
   [1m[96m--> [0msrc\ui\views\settings.rs:128:1
    [1m[96m|[0m
[1m[96m128[0m [1m[96m|[0m [1m[93m/[0m pub fn render_settings_page(
[1m[96m129[0m [1m[96m|[0m [1m[93m|[0m     colors: ThemeColors,
[1m[96m130[0m [1m[96m|[0m [1m[93m|[0m     window_width: Pixels,
[1m[96m131[0m [1m[96m|[0m [1m[93m|[0m     window_height: Pixels,
[1m[96m...[0m   [1m[93m|[0m
[1m[96m137[0m [1m[96m|[0m [1m[93m|[0m     system_font_names: &[String],
[1m[96m138[0m [1m[96m|[0m [1m[93m|[0m ) -> impl IntoElement + use<> {
    [1m[96m|[0m [1m[93m|_____________________________^[0m [1m[93mfunction `render_settings_page` is reachable at visibility `pub(crate)`[0m
    [1m[96m|[0m
[1m[92mnote[0m: but type `PluginSettingsModel` is only usable at visibility `pub(in crate::ui::views::settings)`
   [1m[96m--> [0msrc\ui\views\settings\plugins.rs:30:1
    [1m[96m|[0m
[1m[96m 30[0m [1m[96m|[0m pub(super) struct PluginSettingsModel {
    [1m[96m|[0m [1m[92m^^^^^^^^^^^^^^^^^^^^^^^^^^^^^^^^^^^^^[0m

[1m[93mwarning[0m[1m[97m: type `TaskConfirmAction` is more private than the item `views::tasks::data::<impl views::tasks::TasksPageView>::open_confirm`[0m
   [1m[96m--> [0msrc\ui\views\tasks\data.rs:117:5
    [1m[96m|[0m
[1m[96m117[0m [1m[96m|[0m [1m[93m/[0m     pub(crate) fn open_confirm(
[1m[96m118[0m [1m[96m|[0m [1m[93m|[0m         &mut self,
[1m[96m119[0m [1m[96m|[0m [1m[93m|[0m         task_id: Arc<str>,
[1m[96m120[0m [1m[96m|[0m [1m[93m|[0m         title: impl Into<SharedString>,
[1m[96m...[0m   [1m[93m|[0m
[1m[96m123[0m [1m[96m|[0m [1m[93m|[0m         cx: &mut Context<Self>,
[1m[96m124[0m [1m[96m|[0m [1m[93m|[0m     ) {
    [1m[96m|[0m [1m[93m|_____^[0m [1m[93mmethod `views::tasks::data::<impl views::tasks::TasksPageView>::open_confirm` is reachable at visibility `pub(crate)`[0m
    [1m[96m|[0m
[1m[92mnote[0m: but type `TaskConfirmAction` is only usable at visibility `pub(in crate::ui::views)`
   [1m[96m--> [0msrc\ui\views\tasks.rs:46:1
    [1m[96m|[0m
[1m[96m 46[0m [1m[96m|[0m pub(super) enum TaskConfirmAction {
    [1m[96m|[0m [1m[92m^^^^^^^^^^^^^^^^^^^^^^^^^^^^^^^^^[0m

[1m[93mwarning[0m[1m[97m: type `TaskConfirmAction` is more private than the item `views::tasks::data::<impl views::tasks::TasksPageView>::perform_confirm_action`[0m
   [1m[96m--> [0msrc\ui\views\tasks\data.rs:139:5
    [1m[96m|[0m
[1m[96m139[0m [1m[96m|[0m [1m[93m/[0m     pub(crate) fn perform_confirm_action(
[1m[96m140[0m [1m[96m|[0m [1m[93m|[0m         &mut self,
[1m[96m141[0m [1m[96m|[0m [1m[93m|[0m         task_id: Arc<str>,
[1m[96m142[0m [1m[96m|[0m [1m[93m|[0m         action: TaskConfirmAction,
[1m[96m143[0m [1m[96m|[0m [1m[93m|[0m         cx: &mut Context<Self>,
[1m[96m144[0m [1m[96m|[0m [1m[93m|[0m     ) {
    [1m[96m|[0m [1m[93m|_____^[0m [1m[93mmethod `views::tasks::data::<impl views::tasks::TasksPageView>::perform_confirm_action` is reachable at visibility `pub(crate)`[0m
    [1m[96m|[0m
[1m[92mnote[0m: but type `TaskConfirmAction` is only usable at visibility `pub(in crate::ui::views)`
   [1m[96m--> [0msrc\ui\views\tasks.rs:46:1
    [1m[96m|[0m
[1m[96m 46[0m [1m[96m|[0m pub(super) enum TaskConfirmAction {
    [1m[96m|[0m [1m[92m^^^^^^^^^^^^^^^^^^^^^^^^^^^^^^^^^[0m

[1m[93mwarning[0m[1m[97m: type `map_history::MapHistoryApplyProgress` is more private than the item `capture_before_with_progress`[0m
   [1m[96m--> [0msrc\ui\window\map_viewer\map_history.rs:525:1
    [1m[96m|[0m
[1m[96m525[0m [1m[96m|[0m [1m[93m/[0m pub(crate) fn capture_before_with_progress(
[1m[96m526[0m [1m[96m|[0m [1m[93m|[0m     spec: MapHistoryCaptureSpec,
[1m[96m527[0m [1m[96m|[0m [1m[93m|[0m     progress: impl FnMut(MapHistoryApplyProgress),
[1m[96m528[0m [1m[96m|[0m [1m[93m|[0m ) -> Result<MapHistoryCapture, String> {
    [1m[96m|[0m [1m[93m|______________________________________^[0m [1m[93mfunction `capture_before_with_progress` is reachable at visibility `pub(crate)`[0m
    [1m[96m|[0m
[1m[92mnote[0m: but type `map_history::MapHistoryApplyProgress` is only usable at visibility `pub(in crate::ui::window::map_viewer)`
   [1m[96m--> [0msrc\ui\window\map_viewer\map_history.rs:492:1
    [1m[96m|[0m
[1m[96m492[0m [1m[96m|[0m pub(super) struct MapHistoryApplyProgress {
    [1m[96m|[0m [1m[92m^^^^^^^^^^^^^^^^^^^^^^^^^^^^^^^^^^^^^^^^^[0m
    [1m[96m= [0m[1m[97mnote[0m: `#[warn(private_bounds)]` on by default

[1m[93mwarning[0m[1m[97m: type `map_history::MapHistoryApplyProgress` is more private than the item `map_history::capture_before_with_world_and_progress`[0m
   [1m[96m--> [0msrc\ui\window\map_viewer\map_history.rs:533:1
    [1m[96m|[0m
[1m[96m533[0m [1m[96m|[0m [1m[93m/[0m pub(crate) fn capture_before_with_world_and_progress(
[1m[96m534[0m [1m[96m|[0m [1m[93m|[0m     spec: MapHistoryCaptureSpec,
[1m[96m535[0m [1m[96m|[0m [1m[93m|[0m     world: &BedrockWorld,
[1m[96m536[0m [1m[96m|[0m [1m[93m|[0m     mut progress: impl FnMut(MapHistoryApplyProgress),
[1m[96m537[0m [1m[96m|[0m [1m[93m|[0m ) -> Result<MapHistoryCapture, String> {
    [1m[96m|[0m [1m[93m|______________________________________^[0m [1m[93mfunction `map_history::capture_before_with_world_and_progress` is reachable at visibility `pub(crate)`[0m
    [1m[96m|[0m
[1m[92mnote[0m: but type `map_history::MapHistoryApplyProgress` is only usable at visibility `pub(in crate::ui::window::map_viewer)`
   [1m[96m--> [0msrc\ui\window\map_viewer\map_history.rs:492:1
    [1m[96m|[0m
[1m[96m492[0m [1m[96m|[0m pub(super) struct MapHistoryApplyProgress {
    [1m[96m|[0m [1m[92m^^^^^^^^^^^^^^^^^^^^^^^^^^^^^^^^^^^^^^^^^[0m

[1m[93mwarning[0m[1m[97m: type `map_history::MapHistoryApplyProgress` is more private than the item `complete_after_with_progress`[0m
   [1m[96m--> [0msrc\ui\window\map_viewer\map_history.rs:594:1
    [1m[96m|[0m
[1m[96m594[0m [1m[96m|[0m [1m[93m/[0m pub(crate) fn complete_after_with_progress(
[1m[96m595[0m [1m[96m|[0m [1m[93m|[0m     capture: MapHistoryCapture,
[1m[96m596[0m [1m[96m|[0m [1m[93m|[0m     message: impl Into<String>,
[1m[96m597[0m [1m[96m|[0m [1m[93m|[0m     progress: impl FnMut(MapHistoryApplyProgress),
[1m[96m598[0m [1m[96m|[0m [1m[93m|[0m ) -> Result<MapHistoryEntry, String> {
    [1m[96m|[0m [1m[93m|____________________________________^[0m [1m[93mfunction `complete_after_with_progress` is reachable at visibility `pub(crate)`[0m
    [1m[96m|[0m
[1m[92mnote[0m: but type `map_history::MapHistoryApplyProgress` is only usable at visibility `pub(in crate::ui::window::map_viewer)`
   [1m[96m--> [0msrc\ui\window\map_viewer\map_history.rs:492:1
    [1m[96m|[0m
[1m[96m492[0m [1m[96m|[0m pub(super) struct MapHistoryApplyProgress {
    [1m[96m|[0m [1m[92m^^^^^^^^^^^^^^^^^^^^^^^^^^^^^^^^^^^^^^^^^[0m

[1m[93mwarning[0m[1m[97m: type `map_history::MapHistoryApplyProgress` is more private than the item `map_history::complete_after_with_world_and_progress`[0m
   [1m[96m--> [0msrc\ui\window\map_viewer\map_history.rs:603:1
    [1m[96m|[0m
[1m[96m603[0m [1m[96m|[0m [1m[93m/[0m pub(crate) fn complete_after_with_world_and_progress(
[1m[96m604[0m [1m[96m|[0m [1m[93m|[0m     capture: MapHistoryCapture,
[1m[96m605[0m [1m[96m|[0m [1m[93m|[0m     world: &BedrockWorld,
[1m[96m606[0m [1m[96m|[0m [1m[93m|[0m     message: impl Into<String>,
[1m[96m607[0m [1m[96m|[0m [1m[93m|[0m     mut progress: impl FnMut(MapHistoryApplyProgress),
[1m[96m608[0m [1m[96m|[0m [1m[93m|[0m ) -> Result<MapHistoryEntry, String> {
    [1m[96m|[0m [1m[93m|____________________________________^[0m [1m[93mfunction `map_history::complete_after_with_world_and_progress` is reachable at visibility `pub(crate)`[0m
    [1m[96m|[0m
[1m[92mnote[0m: but type `map_history::MapHistoryApplyProgress` is only usable at visibility `pub(in crate::ui::window::map_viewer)`
   [1m[96m--> [0msrc\ui\window\map_viewer\map_history.rs:492:1
    [1m[96m|[0m
[1m[96m492[0m [1m[96m|[0m pub(super) struct MapHistoryApplyProgress {
    [1m[96m|[0m [1m[92m^^^^^^^^^^^^^^^^^^^^^^^^^^^^^^^^^^^^^^^^^[0m

[1m[93mwarning[0m[1m[97m: function `extract_zip` is never used[0m
   [1m[96m--> [0msrc\archive\zip.rs:523:14
    [1m[96m|[0m
[1m[96m523[0m [1m[96m|[0m pub async fn extract_zip<R: Read + Seek + Send + 'static>(
    [1m[96m|[0m              [1m[93m^^^^^^^^^^^[0m
    [1m[96m|[0m
    [1m[96m= [0m[1m[97mnote[0m: `#[warn(dead_code)]` (part of `#[warn(unused)]`) on by default

[1m[93mwarning[0m[1m[97m: function `load_embedded_fonts` is never used[0m
  [1m[96m--> [0msrc\assets\mod.rs:18:8
   [1m[96m|[0m
[1m[96m18[0m [1m[96m|[0m pub fn load_embedded_fonts(cx: &mut App) -> Result<()> {
   [1m[96m|[0m        [1m[93m^^^^^^^^^^^^^^^^^^^[0m

[1m[93mwarning[0m[1m[97m: function `insert` is never used[0m
  [1m[96m--> [0msrc\assets\generated.rs:15:8
   [1m[96m|[0m
[1m[96m15[0m [1m[96m|[0m pub fn insert(path: String, bytes: Vec<u8>) {
   [1m[96m|[0m        [1m[93m^^^^^^[0m

[1m[93mwarning[0m[1m[97m: function `get_config_file_path` is never used[0m
  [1m[96m--> [0msrc\config\config.rs:40:8
   [1m[96m|[0m
[1m[96m40[0m [1m[96m|[0m pub fn get_config_file_path() -> std::path::PathBuf {
   [1m[96m|[0m        [1m[93m^^^^^^^^^^^^^^^^^^^^[0m

[1m[93mwarning[0m[1m[97m: function `ensure_config_dir` is never used[0m
  [1m[96m--> [0msrc\config\config.rs:44:8
   [1m[96m|[0m
[1m[96m44[0m [1m[96m|[0m pub fn ensure_config_dir() -> std::io::Result<()> {
   [1m[96m|[0m        [1m[93m^^^^^^^^^^^^^^^^^[0m

[1m[93mwarning[0m[1m[97m: function `ensure_config_file` is never used[0m
  [1m[96m--> [0msrc\config\config.rs:48:8
   [1m[96m|[0m
[1m[96m48[0m [1m[96m|[0m pub fn ensure_config_file() -> std::io::Result<()> {
   [1m[96m|[0m        [1m[93m^^^^^^^^^^^^^^^^^^[0m

[1m[93mwarning[0m[1m[97m: function `reload_config` is never used[0m
  [1m[96m--> [0msrc\config\config.rs:65:8
   [1m[96m|[0m
[1m[96m65[0m [1m[96m|[0m pub fn reload_config() -> std::io::Result<Config> {
   [1m[96m|[0m        [1m[93m^^^^^^^^^^^^^[0m

[1m[93mwarning[0m[1m[97m: function `write_config` is never used[0m
  [1m[96m--> [0msrc\config\config.rs:69:8
   [1m[96m|[0m
[1m[96m69[0m [1m[96m|[0m pub fn write_config(config: &Config) -> std::io::Result<()> {
   [1m[96m|[0m        [1m[93m^^^^^^^^^^^^[0m

[1m[93mwarning[0m[1m[97m: function `get_nested_value` is never used[0m
   [1m[96m--> [0msrc\config\config.rs:422:8
    [1m[96m|[0m
[1m[96m422[0m [1m[96m|[0m pub fn get_nested_value(data: &Value, key: &str) -> Option<Value> {
    [1m[96m|[0m        [1m[93m^^^^^^^^^^^^^^^^[0m

[1m[93mwarning[0m[1m[97m: function `set_nested_value` is never used[0m
   [1m[96m--> [0msrc\config\config.rs:431:8
    [1m[96m|[0m
[1m[96m431[0m [1m[96m|[0m pub fn set_nested_value(data: &mut Value, key: &str, value: Value) -> Result<(), String> {
    [1m[96m|[0m        [1m[93m^^^^^^^^^^^^^^^^[0m

[1m[93mwarning[0m[1m[97m: function `merge_json_values` is never used[0m
   [1m[96m--> [0msrc\config\config.rs:454:8
    [1m[96m|[0m
[1m[96m454[0m [1m[96m|[0m pub fn merge_json_values(target: &mut Value, overlay: Value) {
    [1m[96m|[0m        [1m[93m^^^^^^^^^^^^^^^^^[0m

[1m[93mwarning[0m[1m[97m: function `default_proton_gdk_source` is never used[0m
  [1m[96m--> [0msrc\config\defaults.rs:35:15
   [1m[96m|[0m
[1m[96m35[0m [1m[96m|[0m pub(super) fn default_proton_gdk_source() -> String {
   [1m[96m|[0m               [1m[93m^^^^^^^^^^^^^^^^^^^^^^^^^[0m

[1m[93mwarning[0m[1m[97m: function `reset_onboarding` is never used[0m
   [1m[96m--> [0msrc\config\onboarding.rs:116:8
    [1m[96m|[0m
[1m[96m116[0m [1m[96m|[0m pub fn reset_onboarding() -> io::Result<()> {
    [1m[96m|[0m        [1m[93m^^^^^^^^^^^^^^^^[0m

[1m[93mwarning[0m[1m[97m: function `reload_config` is never used[0m
   [1m[96m--> [0msrc\config\storage.rs:164:8
    [1m[96m|[0m
[1m[96m164[0m [1m[96m|[0m pub fn reload_config() -> io::Result<Config> {
    [1m[96m|[0m        [1m[93m^^^^^^^^^^^^^[0m

[1m[93mwarning[0m[1m[97m: function `write_config` is never used[0m
   [1m[96m--> [0msrc\config\storage.rs:504:8
    [1m[96m|[0m
[1m[96m504[0m [1m[96m|[0m pub fn write_config(config: &Config) -> std::io::Result<()> {
    [1m[96m|[0m        [1m[93m^^^^^^^^^^^^[0m

[1m[93mwarning[0m[1m[97m: function `initialize` is never used[0m
   [1m[96m--> [0msrc\core\bedrock_auth_local.rs:119:15
    [1m[96m|[0m
[1m[96m119[0m [1m[96m|[0m pub(crate) fn initialize() {
    [1m[96m|[0m               [1m[93m^^^^^^^^^^[0m

[1m[93mwarning[0m[1m[97m: field `verification_uri` is never read[0m
  [1m[96m--> [0msrc\core\bedrock_auth\managed\msa.rs:31:5
   [1m[96m|[0m
[1m[96m28[0m [1m[96m|[0m struct DeviceCodeResponse {
   [1m[96m|[0m        [1m[96m------------------[0m [1m[96mfield in this struct[0m
[1m[96m...[0m
[1m[96m31[0m [1m[96m|[0m     verification_uri: Option<String>,
   [1m[96m|[0m     [1m[93m^^^^^^^^^^^^^^^^[0m

[1m[93mwarning[0m[1m[97m: function `grant_all_application_packages_access` is never used[0m
   [1m[96m--> [0msrc\core\inject\inject.rs:220:8
    [1m[96m|[0m
[1m[96m220[0m [1m[96m|[0m pub fn grant_all_application_packages_access(path: &Path) -> anyhow::Result<()> {
    [1m[96m|[0m        [1m[93m^^^^^^^^^^^^^^^^^^^^^^^^^^^^^^^^^^^^^[0m

[1m[93mwarning[0m[1m[97m: function `inject_existing_process` is never used[0m
   [1m[96m--> [0msrc\core\inject\inject.rs:606:14
    [1m[96m|[0m
[1m[96m606[0m [1m[96m|[0m pub async fn inject_existing_process(
    [1m[96m|[0m              [1m[93m^^^^^^^^^^^^^^^^^^^^^^^[0m

[1m[93mwarning[0m[1m[97m: constant `INJECT_SECTION_NAME_STR` is never used[0m
  [1m[96m--> [0msrc\core\inject\pe.rs:27:7
   [1m[96m|[0m
[1m[96m27[0m [1m[96m|[0m const INJECT_SECTION_NAME_STR: &str = ".nimp";
   [1m[96m|[0m       [1m[93m^^^^^^^^^^^^^^^^^^^^^^^[0m

[1m[93mwarning[0m[1m[97m: field `version` is never read[0m
  [1m[96m--> [0msrc\core\inject\pe.rs:95:5
   [1m[96m|[0m
[1m[96m94[0m [1m[96m|[0m struct PatchMarker {
   [1m[96m|[0m        [1m[96m-----------[0m [1m[96mfield in this struct[0m
[1m[96m95[0m [1m[96m|[0m     version: u32,
   [1m[96m|[0m     [1m[93m^^^^^^^[0m
   [1m[96m|[0m
   [1m[96m= [0m[1m[97mnote[0m: `PatchMarker` has derived impls for the traits `Clone` and `Debug`, but these are intentionally ignored during dead code analysis

[1m[93mwarning[0m[1m[97m: field `operation_id` is never read[0m
  [1m[96m--> [0msrc\core\levilamina\install.rs:66:9
   [1m[96m|[0m
[1m[96m65[0m [1m[96m|[0m pub struct LeviLaminaInstallSnapshot {
   [1m[96m|[0m            [1m[96m-------------------------[0m [1m[96mfield in this struct[0m
[1m[96m66[0m [1m[96m|[0m     pub operation_id: Arc<str>,
   [1m[96m|[0m         [1m[93m^^^^^^^^^^^^[0m
   [1m[96m|[0m
   [1m[96m= [0m[1m[97mnote[0m: `LeviLaminaInstallSnapshot` has derived impls for the traits `Debug` and `Clone`, but these are intentionally ignored during dead code analysis

[1m[93mwarning[0m[1m[97m: function `go_proxy_version` is never used[0m
   [1m[96m--> [0msrc\core\levilamina\lip.rs:247:15
    [1m[96m|[0m
[1m[96m247[0m [1m[96m|[0m pub(super) fn go_proxy_version(version: &str) -> String {
    [1m[96m|[0m               [1m[93m^^^^^^^^^^^^^^^^[0m

[1m[93mwarning[0m[1m[97m: function `has_xmlns_prefix` is never used[0m
  [1m[96m--> [0msrc\core\minecraft\appx\utils.rs:44:4
   [1m[96m|[0m
[1m[96m44[0m [1m[96m|[0m fn has_xmlns_prefix(attrs: &AttributeMap<String, String>, prefix: &str) -> bool {
   [1m[96m|[0m    [1m[93m^^^^^^^^^^^^^^^^[0m

[1m[93mwarning[0m[1m[97m: function `find_game_executable_in_dir` is never used[0m
   [1m[96m--> [0msrc\core\minecraft\appx\utils.rs:341:8
    [1m[96m|[0m
[1m[96m341[0m [1m[96m|[0m pub fn find_game_executable_in_dir(package_dir: &Path, identity_name: &str) -> Option<PathBuf> {
    [1m[96m|[0m        [1m[93m^^^^^^^^^^^^^^^^^^^^^^^^^^^[0m

[1m[93mwarning[0m[1m[97m: function `resolve_executable_product_version_in_dir` is never used[0m
   [1m[96m--> [0msrc\core\minecraft\appx\utils.rs:384:8
    [1m[96m|[0m
[1m[96m384[0m [1m[96m|[0m pub fn resolve_executable_product_version_in_dir(
    [1m[96m|[0m        [1m[93m^^^^^^^^^^^^^^^^^^^^^^^^^^^^^^^^^^^^^^^^^[0m

[1m[93mwarning[0m[1m[97m: method `number_of_metadata_pages` is never used[0m
  [1m[96m--> [0msrc\core\minecraft\gdk\header.rs:92:12
   [1m[96m|[0m
[1m[96m60[0m [1m[96m|[0m impl MsiXVDHeader {
   [1m[96m|[0m [1m[96m-----------------[0m [1m[96mmethod in this implementation[0m
[1m[96m...[0m
[1m[96m92[0m [1m[96m|[0m     pub fn number_of_metadata_pages(&self) -> u64 {
   [1m[96m|[0m            [1m[93m^^^^^^^^^^^^^^^^^^^^^^^^[0m

[1m[93mwarning[0m[1m[97m: variants `Fixed` and `Dynamic` are never constructed[0m
   [1m[96m--> [0msrc\core\minecraft\gdk\header.rs:110:5
    [1m[96m|[0m
[1m[96m109[0m [1m[96m|[0m pub enum MsiXVDKind {
    [1m[96m|[0m          [1m[96m----------[0m [1m[96mvariants in this enum[0m
[1m[96m110[0m [1m[96m|[0m     Fixed = 0,
    [1m[96m|[0m     [1m[93m^^^^^[0m
[1m[96m111[0m [1m[96m|[0m     Dynamic = 1,
    [1m[96m|[0m     [1m[93m^^^^^^^[0m
    [1m[96m|[0m
    [1m[96m= [0m[1m[97mnote[0m: `MsiXVDKind` has derived impls for the traits `Clone` and `Debug`, but these are intentionally ignored during dead code analysis

[1m[93mwarning[0m[1m[97m: variants `StandardOdk`, `GreenOdk`, `RedOdk`, and `Invalid` are never constructed[0m
   [1m[96m--> [0msrc\core\minecraft\gdk\header.rs:117:5
    [1m[96m|[0m
[1m[96m116[0m [1m[96m|[0m pub enum MsiXVDOdkIndex {
    [1m[96m|[0m          [1m[96m--------------[0m [1m[96mvariants in this enum[0m
[1m[96m117[0m [1m[96m|[0m     StandardOdk = 0,
    [1m[96m|[0m     [1m[93m^^^^^^^^^^^[0m
[1m[96m118[0m [1m[96m|[0m     GreenOdk = 1,
    [1m[96m|[0m     [1m[93m^^^^^^^^[0m
[1m[96m119[0m [1m[96m|[0m     RedOdk = 2,
    [1m[96m|[0m     [1m[93m^^^^^^[0m
[1m[96m120[0m [1m[96m|[0m     Invalid = 0xFFFFFFFF,
    [1m[96m|[0m     [1m[93m^^^^^^^[0m
    [1m[96m|[0m
    [1m[96m= [0m[1m[97mnote[0m: `MsiXVDOdkIndex` has derived impls for the traits `Clone` and `Debug`, but these are intentionally ignored during dead code analysis

[1m[93mwarning[0m[1m[97m: multiple variants are never constructed[0m
   [1m[96m--> [0msrc\core\minecraft\gdk\header.rs:126:5
    [1m[96m|[0m
[1m[96m125[0m [1m[96m|[0m pub enum MsiXVDContentCategory {
    [1m[96m|[0m          [1m[96m---------------------[0m [1m[96mvariants in this enum[0m
[1m[96m126[0m [1m[96m|[0m     Data = 0,
    [1m[96m|[0m     [1m[93m^^^^[0m
[1m[96m127[0m [1m[96m|[0m     Title = 1,
    [1m[96m|[0m     [1m[93m^^^^^[0m
[1m[96m128[0m [1m[96m|[0m     SystemOS = 2,
    [1m[96m|[0m     [1m[93m^^^^^^^^[0m
[1m[96m129[0m [1m[96m|[0m     EraOS = 3,
    [1m[96m|[0m     [1m[93m^^^^^[0m
[1m[96m130[0m [1m[96m|[0m     Scratch = 4,
    [1m[96m|[0m     [1m[93m^^^^^^^[0m
[1m[96m131[0m [1m[96m|[0m     ResetData = 5,
    [1m[96m|[0m     [1m[93m^^^^^^^^^[0m
[1m[96m132[0m [1m[96m|[0m     Application = 6,
    [1m[96m|[0m     [1m[93m^^^^^^^^^^^[0m
[1m[96m133[0m [1m[96m|[0m     HostOS = 7,
    [1m[96m|[0m     [1m[93m^^^^^^[0m
[1m[96m134[0m [1m[96m|[0m     X360STFS = 8,
    [1m[96m|[0m     [1m[93m^^^^^^^^[0m
[1m[96m135[0m [1m[96m|[0m     X360FATX = 9,
    [1m[96m|[0m     [1m[93m^^^^^^^^[0m
[1m[96m136[0m [1m[96m|[0m     X360GDFX = 0xA,
    [1m[96m|[0m     [1m[93m^^^^^^^^[0m
[1m[96m137[0m [1m[96m|[0m     Updater = 0xB,
    [1m[96m|[0m     [1m[93m^^^^^^^[0m
[1m[96m138[0m [1m[96m|[0m     OfflineUpdater = 0xC,
    [1m[96m|[0m     [1m[93m^^^^^^^^^^^^^^[0m
[1m[96m139[0m [1m[96m|[0m     Template = 0xD,
    [1m[96m|[0m     [1m[93m^^^^^^^^[0m
[1m[96m140[0m [1m[96m|[0m     MteHost = 0xE,
    [1m[96m|[0m     [1m[93m^^^^^^^[0m
[1m[96m141[0m [1m[96m|[0m     MteApp = 0xF,
    [1m[96m|[0m     [1m[93m^^^^^^[0m
[1m[96m142[0m [1m[96m|[0m     MteTitle = 0x10,
    [1m[96m|[0m     [1m[93m^^^^^^^^[0m
[1m[96m143[0m [1m[96m|[0m     MteEraOS = 0x11,
    [1m[96m|[0m     [1m[93m^^^^^^^^[0m
[1m[96m144[0m [1m[96m|[0m     EraTools = 0x12,
    [1m[96m|[0m     [1m[93m^^^^^^^^[0m
[1m[96m145[0m [1m[96m|[0m     SystemTools = 0x13,
    [1m[96m|[0m     [1m[93m^^^^^^^^^^^[0m
[1m[96m146[0m [1m[96m|[0m     SystemAux = 0x14,
    [1m[96m|[0m     [1m[93m^^^^^^^^^[0m
[1m[96m147[0m [1m[96m|[0m     AcousticModel = 0x15,
    [1m[96m|[0m     [1m[93m^^^^^^^^^^^^^[0m
[1m[96m148[0m [1m[96m|[0m     SystemCodecsVolume = 0x16,
    [1m[96m|[0m     [1m[93m^^^^^^^^^^^^^^^^^^[0m
[1m[96m149[0m [1m[96m|[0m     QasltPackage = 0x17,
    [1m[96m|[0m     [1m[93m^^^^^^^^^^^^[0m
[1m[96m150[0m [1m[96m|[0m     AppDlc = 0x18,
    [1m[96m|[0m     [1m[93m^^^^^^[0m
[1m[96m151[0m [1m[96m|[0m     TitleDlc = 0x19,
    [1m[96m|[0m     [1m[93m^^^^^^^^[0m
[1m[96m152[0m [1m[96m|[0m     UniversalDlc = 0x1A,
    [1m[96m|[0m     [1m[93m^^^^^^^^^^^^[0m
[1m[96m153[0m [1m[96m|[0m     SystemDataVolume = 0x1B,
    [1m[96m|[0m     [1m[93m^^^^^^^^^^^^^^^^[0m
[1m[96m154[0m [1m[96m|[0m     TestVolume = 0x1C,
    [1m[96m|[0m     [1m[93m^^^^^^^^^^[0m
[1m[96m155[0m [1m[96m|[0m     HardwareTestVolume = 0x1D,
    [1m[96m|[0m     [1m[93m^^^^^^^^^^^^^^^^^^[0m
[1m[96m156[0m [1m[96m|[0m     KioskContent = 0x1E,
    [1m[96m|[0m     [1m[93m^^^^^^^^^^^^[0m
[1m[96m157[0m [1m[96m|[0m     HostProfiler = 0x20,
    [1m[96m|[0m     [1m[93m^^^^^^^^^^^^[0m
[1m[96m158[0m [1m[96m|[0m     Uwa = 0x21,
    [1m[96m|[0m     [1m[93m^^^[0m
[1m[96m159[0m [1m[96m|[0m     Unknown22 = 0x22,
    [1m[96m|[0m     [1m[93m^^^^^^^^^[0m
[1m[96m160[0m [1m[96m|[0m     Unknown23 = 0x23,
    [1m[96m|[0m     [1m[93m^^^^^^^^^[0m
[1m[96m161[0m [1m[96m|[0m     Unknown24 = 0x24,
    [1m[96m|[0m     [1m[93m^^^^^^^^^[0m
[1m[96m162[0m [1m[96m|[0m     ServerAgent = 0x25,
    [1m[96m|[0m     [1m[93m^^^^^^^^^^^[0m
    [1m[96m|[0m
    [1m[96m= [0m[1m[97mnote[0m: `MsiXVDContentCategory` has derived impls for the traits `Clone` and `Debug`, but these are intentionally ignored during dead code analysis

[1m[93mwarning[0m[1m[97m: enum `MsiXvcAreaAttributes` is never used[0m
   [1m[96m--> [0msrc\core\minecraft\gdk\header.rs:167:10
    [1m[96m|[0m
[1m[96m167[0m [1m[96m|[0m pub enum MsiXvcAreaAttributes {
    [1m[96m|[0m          [1m[93m^^^^^^^^^^^^^^^^^^^^[0m

[1m[93mwarning[0m[1m[97m: variants `ReadOnly`, `LegacySectorSize`, `SraReadOnly`, `RegionIdInXts`, and `EraSpecific` are never constructed[0m
   [1m[96m--> [0msrc\core\minecraft\gdk\header.rs:180:5
    [1m[96m|[0m
[1m[96m179[0m [1m[96m|[0m pub enum MsiXVDVolumeAttributes {
    [1m[96m|[0m          [1m[96m----------------------[0m [1m[96mvariants in this enum[0m
[1m[96m180[0m [1m[96m|[0m     ReadOnly = 1,
    [1m[96m|[0m     [1m[93m^^^^^^^^[0m
[1m[96m...[0m
[1m[96m183[0m [1m[96m|[0m     LegacySectorSize = 8,
    [1m[96m|[0m     [1m[93m^^^^^^^^^^^^^^^^[0m
[1m[96m184[0m [1m[96m|[0m     ResiliencyEnabled = 0x10,
[1m[96m185[0m [1m[96m|[0m     SraReadOnly = 0x20,
    [1m[96m|[0m     [1m[93m^^^^^^^^^^^[0m
[1m[96m186[0m [1m[96m|[0m     RegionIdInXts = 0x40,
    [1m[96m|[0m     [1m[93m^^^^^^^^^^^^^[0m
[1m[96m187[0m [1m[96m|[0m     EraSpecific = 0x80,
    [1m[96m|[0m     [1m[93m^^^^^^^^^^^[0m
    [1m[96m|[0m
    [1m[96m= [0m[1m[97mnote[0m: `MsiXVDVolumeAttributes` has derived impls for the traits `Clone` and `Debug`, but these are intentionally ignored during dead code analysis

[1m[93mwarning[0m[1m[97m: enum `MsiXvcAreaPresenceInfo` is never used[0m
   [1m[96m--> [0msrc\core\minecraft\gdk\header.rs:192:10
    [1m[96m|[0m
[1m[96m192[0m [1m[96m|[0m pub enum MsiXvcAreaPresenceInfo {
    [1m[96m|[0m          [1m[93m^^^^^^^^^^^^^^^^^^^^^^[0m

[1m[93mwarning[0m[1m[97m: enum `MsiXVDUserDataCategory` is never used[0m
   [1m[96m--> [0msrc\core\minecraft\gdk\header.rs:214:10
    [1m[96m|[0m
[1m[96m214[0m [1m[96m|[0m pub enum MsiXVDUserDataCategory {
    [1m[96m|[0m          [1m[93m^^^^^^^^^^^^^^^^^^^^^^[0m

[1m[93mwarning[0m[1m[97m: enum `MsiXVDSegmentMetadataFlags` is never used[0m
   [1m[96m--> [0msrc\core\minecraft\gdk\header.rs:220:10
    [1m[96m|[0m
[1m[96m220[0m [1m[96m|[0m pub enum MsiXVDSegmentMetadataFlags {
    [1m[96m|[0m          [1m[93m^^^^^^^^^^^^^^^^^^^^^^^^^^[0m

[1m[93mwarning[0m[1m[97m: struct `XvcRegionSpecifier` is never constructed[0m
   [1m[96m--> [0msrc\core\minecraft\gdk\structs.rs:128:12
    [1m[96m|[0m
[1m[96m128[0m [1m[96m|[0m pub struct XvcRegionSpecifier {
    [1m[96m|[0m            [1m[93m^^^^^^^^^^^^^^^^^^[0m

[1m[93mwarning[0m[1m[97m: function `image_format_from_bytes` is never used[0m
  [1m[96m--> [0msrc\core\minecraft\import.rs:45:4
   [1m[96m|[0m
[1m[96m45[0m [1m[96m|[0m fn image_format_from_bytes(bytes: &[u8]) -> PreviewImageFormat {
   [1m[96m|[0m    [1m[93m^^^^^^^^^^^^^^^^^^^^^^^[0m

[1m[93mwarning[0m[1m[97m: field `is_world` is never read[0m
   [1m[96m--> [0msrc\core\minecraft\import.rs:203:9
    [1m[96m|[0m
[1m[96m202[0m [1m[96m|[0m pub struct ArchiveScanResult {
    [1m[96m|[0m            [1m[96m-----------------[0m [1m[96mfield in this struct[0m
[1m[96m203[0m [1m[96m|[0m     pub is_world: bool,
    [1m[96m|[0m         [1m[93m^^^^^^^^[0m
    [1m[96m|[0m
    [1m[96m= [0m[1m[97mnote[0m: `ArchiveScanResult` has derived impls for the traits `Clone` and `Debug`, but these are intentionally ignored during dead code analysis

[1m[93mwarning[0m[1m[97m: function `group_packs` is never used[0m
    [1m[96m--> [0msrc\core\minecraft\import.rs:1214:8
     [1m[96m|[0m
[1m[96m1214[0m [1m[96m|[0m pub fn group_packs(
     [1m[96m|[0m        [1m[93m^^^^^^^^^^^[0m

[1m[93mwarning[0m[1m[97m: function `group_compound_packs` is never used[0m
    [1m[96m--> [0msrc\core\minecraft\import.rs:1225:4
     [1m[96m|[0m
[1m[96m1225[0m [1m[96m|[0m fn group_compound_packs(packs: &[PackEntry]) -> HashMap<ImportTargetType, Vec<PackEntry>> {
     [1m[96m|[0m    [1m[93m^^^^^^^^^^^^^^^^^^^^[0m

[1m[93mwarning[0m[1m[97m: function `split_mcaddon_groups` is never used[0m
    [1m[96m--> [0msrc\core\minecraft\import.rs:1235:8
     [1m[96m|[0m
[1m[96m1235[0m [1m[96m|[0m pub fn split_mcaddon_groups(scan: &ArchiveScanResult) -> HashMap<ImportTargetType, Vec<PackEntry>> {
     [1m[96m|[0m        [1m[93m^^^^^^^^^^^^^^^^^^^^[0m

[1m[93mwarning[0m[1m[97m: function `extract_subdir_from_zip` is never used[0m
    [1m[96m--> [0msrc\core\minecraft\import.rs:1513:4
     [1m[96m|[0m
[1m[96m1513[0m [1m[96m|[0m fn extract_subdir_from_zip(archive: &mut ZipArchive<File>, root: &str, dest: &Path) -> Result<()> {
     [1m[96m|[0m    [1m[93m^^^^^^^^^^^^^^^^^^^^^^^[0m

[1m[93mwarning[0m[1m[97m: function `extract_pack_root` is never used[0m
    [1m[96m--> [0msrc\core\minecraft\import.rs:1538:4
     [1m[96m|[0m
[1m[96m1538[0m [1m[96m|[0m fn extract_pack_root(archive: &mut ZipArchive<File>, pack_root: &str, dest: &Path) -> Result<()> {
     [1m[96m|[0m    [1m[93m^^^^^^^^^^^^^^^^^[0m

[1m[93mwarning[0m[1m[97m: function `import_archive_optimized` is never used[0m
    [1m[96m--> [0msrc\core\minecraft\import.rs:3255:8
     [1m[96m|[0m
[1m[96m3255[0m [1m[96m|[0m pub fn import_archive_optimized(
     [1m[96m|[0m        [1m[93m^^^^^^^^^^^^^^^^^^^^^^^^[0m

[1m[93mwarning[0m[1m[97m: field `operation_id` is never read[0m
  [1m[96m--> [0msrc\core\minecraft\install.rs:41:9
   [1m[96m|[0m
[1m[96m40[0m [1m[96m|[0m pub struct GameInstallSnapshot {
   [1m[96m|[0m            [1m[96m-------------------[0m [1m[96mfield in this struct[0m
[1m[96m41[0m [1m[96m|[0m     pub operation_id: Arc<str>,
   [1m[96m|[0m         [1m[93m^^^^^^^^^^^^[0m
   [1m[96m|[0m
   [1m[96m= [0m[1m[97mnote[0m: `GameInstallSnapshot` has derived impls for the traits `Debug` and `Clone`, but these are intentionally ignored during dead code analysis

[1m[93mwarning[0m[1m[97m: function `launch_uwp_with_uri` is never used[0m
   [1m[96m--> [0msrc\core\minecraft\launcher\start.rs:187:10
    [1m[96m|[0m
[1m[96m187[0m [1m[96m|[0m async fn launch_uwp_with_uri(app_user_model_id: &str, uri_str: &str) -> WindowsResult<bool> {
    [1m[96m|[0m          [1m[93m^^^^^^^^^^^^^^^^^^^[0m

[1m[93mwarning[0m[1m[97m: function `launch_uwp_winapi` is never used[0m
   [1m[96m--> [0msrc\core\minecraft\launcher\start.rs:203:4
    [1m[96m|[0m
[1m[96m203[0m [1m[96m|[0m fn launch_uwp_winapi(
    [1m[96m|[0m    [1m[93m^^^^^^^^^^^^^^^^^[0m

[1m[93mwarning[0m[1m[97m: function `launch_uwp` is never used[0m
   [1m[96m--> [0msrc\core\minecraft\launcher\start.rs:230:14
    [1m[96m|[0m
[1m[96m230[0m [1m[96m|[0m pub async fn launch_uwp(edition: &str, launch_args: Option<&str>) -> io::Result<Option<u32>> {
    [1m[96m|[0m              [1m[93m^^^^^^^^^^[0m

[1m[93mwarning[0m[1m[97m: function `launch_win32` is never used[0m
   [1m[96m--> [0msrc\core\minecraft\launcher\start.rs:328:8
    [1m[96m|[0m
[1m[96m328[0m [1m[96m|[0m pub fn launch_win32(
    [1m[96m|[0m        [1m[93m^^^^^^^^^^^^[0m

[1m[93mwarning[0m[1m[97m: function `build_package_folder` is never used[0m
   [1m[96m--> [0msrc\core\minecraft\launcher\task.rs:932:8
    [1m[96m|[0m
[1m[96m932[0m [1m[96m|[0m pub fn build_package_folder(folder_name: &str) -> PathBuf {
    [1m[96m|[0m        [1m[93m^^^^^^^^^^^^^^^^^^^^[0m

[1m[93mwarning[0m[1m[97m: function `collect_world_roots_filtered` is never used[0m
   [1m[96m--> [0msrc\core\minecraft\map.rs:100:4
    [1m[96m|[0m
[1m[96m100[0m [1m[96m|[0m fn collect_world_roots_filtered(
    [1m[96m|[0m    [1m[93m^^^^^^^^^^^^^^^^^^^^^^^^^^^^[0m

[1m[93mwarning[0m[1m[97m: function `get_dir_size_sync_limited` is never used[0m
   [1m[96m--> [0msrc\core\minecraft\map.rs:326:4
    [1m[96m|[0m
[1m[96m326[0m [1m[96m|[0m fn get_dir_size_sync_limited(path: &Path, file_limit: usize) -> Option<u64> {
    [1m[96m|[0m    [1m[93m^^^^^^^^^^^^^^^^^^^^^^^^^[0m

[1m[93mwarning[0m[1m[97m: function `count_packs` is never used[0m
   [1m[96m--> [0msrc\core\minecraft\map.rs:347:4
    [1m[96m|[0m
[1m[96m347[0m [1m[96m|[0m fn count_packs(value: &Value) -> usize {
    [1m[96m|[0m    [1m[93m^^^^^^^^^^^[0m

[1m[93mwarning[0m[1m[97m: variant `DirectQuery` is never constructed[0m
   [1m[96m--> [0msrc\core\minecraft\map_info_cache.rs:119:5
    [1m[96m|[0m
[1m[96m111[0m [1m[96m|[0m pub enum MapInfoEntityCacheStatus {
    [1m[96m|[0m          [1m[96m------------------------[0m [1m[96mvariant in this enum[0m
[1m[96m...[0m
[1m[96m119[0m [1m[96m|[0m     DirectQuery,
    [1m[96m|[0m     [1m[93m^^^^^^^^^^^[0m
    [1m[96m|[0m
    [1m[96m= [0m[1m[97mnote[0m: `MapInfoEntityCacheStatus` has derived impls for the traits `Debug` and `Clone`, but these are intentionally ignored during dead code analysis

[1m[93mwarning[0m[1m[97m: function `parse_root_nbt` is never used[0m
 [1m[96m--> [0msrc\core\minecraft\nbt.rs:9:8
  [1m[96m|[0m
[1m[96m9[0m [1m[96m|[0m pub fn parse_root_nbt(data: &[u8]) -> Result<NbtTag> {
  [1m[96m|[0m        [1m[93m^^^^^^^^^^^^^^[0m

[1m[93mwarning[0m[1m[97m: function `serialize_root_nbt` is never used[0m
  [1m[96m--> [0msrc\core\minecraft\nbt.rs:13:8
   [1m[96m|[0m
[1m[96m13[0m [1m[96m|[0m pub fn serialize_root_nbt(tag: &NbtTag) -> Result<Vec<u8>> {
   [1m[96m|[0m        [1m[93m^^^^^^^^^^^^^^^^^^[0m

[1m[93mwarning[0m[1m[97m: function `validate_root_nbt_for_write` is never used[0m
  [1m[96m--> [0msrc\core\minecraft\nbt.rs:17:8
   [1m[96m|[0m
[1m[96m17[0m [1m[96m|[0m pub fn validate_root_nbt_for_write(tag: &NbtTag) -> Result<()> {
   [1m[96m|[0m        [1m[93m^^^^^^^^^^^^^^^^^^^^^^^^^^^[0m

[1m[93mwarning[0m[1m[97m: function `parse_root_nbt_header` is never used[0m
  [1m[96m--> [0msrc\core\minecraft\nbt.rs:25:8
   [1m[96m|[0m
[1m[96m25[0m [1m[96m|[0m pub fn parse_root_nbt_header(data: &[u8]) -> Result<(u32, NbtTag)> {
   [1m[96m|[0m        [1m[93m^^^^^^^^^^^^^^^^^^^^^[0m

[1m[93mwarning[0m[1m[97m: function `read_level_dat` is never used[0m
  [1m[96m--> [0msrc\core\minecraft\nbt.rs:34:8
   [1m[96m|[0m
[1m[96m34[0m [1m[96m|[0m pub fn read_level_dat(path: &Path) -> Result<NbtTag> {
   [1m[96m|[0m        [1m[93m^^^^^^^^^^^^^^[0m

[1m[93mwarning[0m[1m[97m: function `read_level_dat_with_version` is never used[0m
  [1m[96m--> [0msrc\core\minecraft\nbt.rs:38:8
   [1m[96m|[0m
[1m[96m38[0m [1m[96m|[0m pub fn read_level_dat_with_version(path: &Path) -> Result<(u32, NbtTag)> {
   [1m[96m|[0m        [1m[93m^^^^^^^^^^^^^^^^^^^^^^^^^^^[0m

[1m[93mwarning[0m[1m[97m: function `write_level_dat` is never used[0m
  [1m[96m--> [0msrc\core\minecraft\nbt.rs:47:8
   [1m[96m|[0m
[1m[96m47[0m [1m[96m|[0m pub fn write_level_dat(path: &Path, tag: &NbtTag, version: u32) -> Result<()> {
   [1m[96m|[0m        [1m[93m^^^^^^^^^^^^^^^[0m

[1m[93mwarning[0m[1m[97m: method `should_include_shared` is never used[0m
  [1m[96m--> [0msrc\core\minecraft\paths.rs:57:18
   [1m[96m|[0m
[1m[96m45[0m [1m[96m|[0m impl GameTargetDir {
   [1m[96m|[0m [1m[96m------------------[0m [1m[96mmethod in this implementation[0m
[1m[96m...[0m
[1m[96m57[0m [1m[96m|[0m     pub const fn should_include_shared(self) -> bool {
   [1m[96m|[0m                  [1m[93m^^^^^^^^^^^^^^^^^^^^^[0m

[1m[93mwarning[0m[1m[97m: function `compatibility_prefix_dir` is never used[0m
  [1m[96m--> [0msrc\core\minecraft\paths.rs:76:15
   [1m[96m|[0m
[1m[96m76[0m [1m[96m|[0m pub(crate) fn compatibility_prefix_dir(version_name: &str) -> PathBuf {
   [1m[96m|[0m               [1m[93m^^^^^^^^^^^^^^^^^^^^^^^^[0m

[1m[93mwarning[0m[1m[97m: function `sanitize_compatibility_prefix_name` is never used[0m
  [1m[96m--> [0msrc\core\minecraft\paths.rs:80:15
   [1m[96m|[0m
[1m[96m80[0m [1m[96m|[0m pub(crate) fn sanitize_compatibility_prefix_name(version_name: &str) -> String {
   [1m[96m|[0m               [1m[93m^^^^^^^^^^^^^^^^^^^^^^^^^^^^^^^^^^[0m

[1m[93mwarning[0m[1m[97m: function `parse_api_body_streaming` is never used[0m
   [1m[96m--> [0msrc\core\minecraft\remote_versions.rs:375:4
    [1m[96m|[0m
[1m[96m375[0m [1m[96m|[0m fn parse_api_body_streaming(body: &str) -> Result<(Option<String>, Vec<RemoteMinecraftVersion>)> {
    [1m[96m|[0m    [1m[93m^^^^^^^^^^^^^^^^^^^^^^^^[0m

[1m[93mwarning[0m[1m[97m: function `collect_pack_folders_filtered` is never used[0m
   [1m[96m--> [0msrc\core\minecraft\resource_packs.rs:207:4
    [1m[96m|[0m
[1m[96m207[0m [1m[96m|[0m fn collect_pack_folders_filtered(
    [1m[96m|[0m    [1m[93m^^^^^^^^^^^^^^^^^^^^^^^^^^^^^[0m

[1m[93mwarning[0m[1m[97m: function `expand_roots_to_folders` is never used[0m
   [1m[96m--> [0msrc\core\minecraft\resource_packs.rs:329:4
    [1m[96m|[0m
[1m[96m329[0m [1m[96m|[0m fn expand_roots_to_folders(
    [1m[96m|[0m    [1m[93m^^^^^^^^^^^^^^^^^^^^^^^[0m

[1m[93mwarning[0m[1m[97m: function `short_desc_from_opt` is never used[0m
   [1m[96m--> [0msrc\core\minecraft\resource_packs.rs:598:4
    [1m[96m|[0m
[1m[96m598[0m [1m[96m|[0m fn short_desc_from_opt(raw: Option<String>, max_chars: usize) -> Option<String> {
    [1m[96m|[0m    [1m[93m^^^^^^^^^^^^^^^^^^^[0m

[1m[93mwarning[0m[1m[97m: function `resolve_screenshots_dir` is never used[0m
  [1m[96m--> [0msrc\core\minecraft\screenshots.rs:29:8
   [1m[96m|[0m
[1m[96m29[0m [1m[96m|[0m pub fn resolve_screenshots_dir(options: &GamePathOptions) -> Option<PathBuf> {
   [1m[96m|[0m        [1m[93m^^^^^^^^^^^^^^^^^^^^^^^[0m

[1m[93mwarning[0m[1m[97m: function `write_external_servers` is never used[0m
  [1m[96m--> [0msrc\core\minecraft\servers.rs:51:8
   [1m[96m|[0m
[1m[96m51[0m [1m[96m|[0m pub fn write_external_servers(
   [1m[96m|[0m        [1m[93m^^^^^^^^^^^^^^^^^^^^^^[0m

[1m[93mwarning[0m[1m[97m: function `write_entries_to_file` is never used[0m
   [1m[96m--> [0msrc\core\minecraft\servers.rs:231:4
    [1m[96m|[0m
[1m[96m231[0m [1m[96m|[0m fn write_entries_to_file(file_path: &Path, entries: &[ExternalServerEntry]) -> Result<()> {
    [1m[96m|[0m    [1m[93m^^^^^^^^^^^^^^^^^^^^^[0m

[1m[93mwarning[0m[1m[97m: field `localization_name` is never read[0m
  [1m[96m--> [0msrc\core\minecraft\skin_packs.rs:51:9
   [1m[96m|[0m
[1m[96m49[0m [1m[96m|[0m pub struct McSkinPackSkinInfo {
   [1m[96m|[0m            [1m[96m------------------[0m [1m[96mfield in this struct[0m
[1m[96m50[0m [1m[96m|[0m     pub display_name: String,
[1m[96m51[0m [1m[96m|[0m     pub localization_name: Option<String>,
   [1m[96m|[0m         [1m[93m^^^^^^^^^^^^^^^^^[0m
   [1m[96m|[0m
   [1m[96m= [0m[1m[97mnote[0m: `McSkinPackSkinInfo` has derived impls for the traits `Clone` and `Debug`, but these are intentionally ignored during dead code analysis

[1m[93mwarning[0m[1m[97m: field `source_root` is never read[0m
  [1m[96m--> [0msrc\core\minecraft\skin_packs.rs:79:9
   [1m[96m|[0m
[1m[96m66[0m [1m[96m|[0m pub struct McSkinPackInfo {
   [1m[96m|[0m            [1m[96m--------------[0m [1m[96mfield in this struct[0m
[1m[96m...[0m
[1m[96m79[0m [1m[96m|[0m     pub source_root: Option<String>,
   [1m[96m|[0m         [1m[93m^^^^^^^^^^^[0m
   [1m[96m|[0m
   [1m[96m= [0m[1m[97mnote[0m: `McSkinPackInfo` has derived impls for the traits `Clone` and `Debug`, but these are intentionally ignored during dead code analysis

[1m[93mwarning[0m[1m[97m: struct `ManualUwpBackupResult` is never constructed[0m
  [1m[96m--> [0msrc\core\minecraft\uwp_backup.rs:14:12
   [1m[96m|[0m
[1m[96m14[0m [1m[96m|[0m pub struct ManualUwpBackupResult {
   [1m[96m|[0m            [1m[93m^^^^^^^^^^^^^^^^^^^^^[0m

[1m[93mwarning[0m[1m[97m: struct `ManualUwpBackupManifest` is never constructed[0m
  [1m[96m--> [0msrc\core\minecraft\uwp_backup.rs:20:8
   [1m[96m|[0m
[1m[96m20[0m [1m[96m|[0m struct ManualUwpBackupManifest {
   [1m[96m|[0m        [1m[93m^^^^^^^^^^^^^^^^^^^^^^^[0m

[1m[93mwarning[0m[1m[97m: function `migration_backup_root` is never used[0m
  [1m[96m--> [0msrc\core\minecraft\uwp_backup.rs:35:8
   [1m[96m|[0m
[1m[96m35[0m [1m[96m|[0m pub fn migration_backup_root() -> PathBuf {
   [1m[96m|[0m        [1m[93m^^^^^^^^^^^^^^^^^^^^^[0m

[1m[93mwarning[0m[1m[97m: function `user_data_path` is never used[0m
  [1m[96m--> [0msrc\core\minecraft\uwp_backup.rs:41:8
   [1m[96m|[0m
[1m[96m41[0m [1m[96m|[0m pub fn user_data_path(summary: &MinecraftDataSummary) -> PathBuf {
   [1m[96m|[0m        [1m[93m^^^^^^^^^^^^^^[0m

[1m[93mwarning[0m[1m[97m: function `walk_stats` is never used[0m
  [1m[96m--> [0msrc\core\minecraft\uwp_backup.rs:45:4
   [1m[96m|[0m
[1m[96m45[0m [1m[96m|[0m fn walk_stats(path: &Path) -> Result<(u64, u64), String> {
   [1m[96m|[0m    [1m[93m^^^^^^^^^^[0m

[1m[93mwarning[0m[1m[97m: function `remove_partial` is never used[0m
  [1m[96m--> [0msrc\core\minecraft\uwp_backup.rs:61:4
   [1m[96m|[0m
[1m[96m61[0m [1m[96m|[0m fn remove_partial(path: &Path) {
   [1m[96m|[0m    [1m[93m^^^^^^^^^^^^^^[0m

[1m[93mwarning[0m[1m[97m: function `archive_entry_path` is never used[0m
  [1m[96m--> [0msrc\core\minecraft\uwp_backup.rs:69:4
   [1m[96m|[0m
[1m[96m69[0m [1m[96m|[0m fn archive_entry_path(path: &Path) -> String {
   [1m[96m|[0m    [1m[93m^^^^^^^^^^^^^^^^^^[0m

[1m[93mwarning[0m[1m[97m: function `export_user_data_backup` is never used[0m
  [1m[96m--> [0msrc\core\minecraft\uwp_backup.rs:77:8
   [1m[96m|[0m
[1m[96m77[0m [1m[96m|[0m pub fn export_user_data_backup(
   [1m[96m|[0m        [1m[93m^^^^^^^^^^^^^^^^^^^^^^^[0m

[1m[93mwarning[0m[1m[97m: struct `RegistrationSummary` is never constructed[0m
  [1m[96m--> [0msrc\core\minecraft\uwp_migration.rs:54:8
   [1m[96m|[0m
[1m[96m54[0m [1m[96m|[0m struct RegistrationSummary {
   [1m[96m|[0m        [1m[93m^^^^^^^^^^^^^^^^^^^[0m

[1m[93mwarning[0m[1m[97m: function `read_registration` is never used[0m
  [1m[96m--> [0msrc\core\minecraft\uwp_migration.rs:71:4
   [1m[96m|[0m
[1m[96m71[0m [1m[96m|[0m fn read_registration(family_name: &str) -> RegistrationSummary {
   [1m[96m|[0m    [1m[93m^^^^^^^^^^^^^^^^^[0m

[1m[93mwarning[0m[1m[97m: function `count_directories` is never used[0m
   [1m[96m--> [0msrc\core\minecraft\uwp_migration.rs:116:4
    [1m[96m|[0m
[1m[96m116[0m [1m[96m|[0m fn count_directories(path: &Path) -> u64 {
    [1m[96m|[0m    [1m[93m^^^^^^^^^^^^^^^^^[0m

[1m[93mwarning[0m[1m[97m: function `summarize_family` is never used[0m
   [1m[96m--> [0msrc\core\minecraft\uwp_migration.rs:151:8
    [1m[96m|[0m
[1m[96m151[0m [1m[96m|[0m pub fn summarize_family(family_name: &str) -> MinecraftDataSummary {
    [1m[96m|[0m        [1m[93m^^^^^^^^^^^^^^^^[0m

[1m[93mwarning[0m[1m[97m: function `scan_onboarding_environment` is never used[0m
   [1m[96m--> [0msrc\core\minecraft\uwp_migration.rs:192:8
    [1m[96m|[0m
[1m[96m192[0m [1m[96m|[0m pub fn scan_onboarding_environment() -> OnboardingEnvironmentSummary {
    [1m[96m|[0m        [1m[93m^^^^^^^^^^^^^^^^^^^^^^^^^^^[0m

[1m[93mwarning[0m[1m[97m: fields `network_name`, `network_secret`, and `peers` are never read[0m
   [1m[96m--> [0msrc\core\online\online.rs:133:5
    [1m[96m|[0m
[1m[96m132[0m [1m[96m|[0m struct EasyTierLastStart {
    [1m[96m|[0m        [1m[96m-----------------[0m [1m[96mfields in this struct[0m
[1m[96m133[0m [1m[96m|[0m     network_name: String,
    [1m[96m|[0m     [1m[93m^^^^^^^^^^^^[0m
[1m[96m134[0m [1m[96m|[0m     network_secret: String,
    [1m[96m|[0m     [1m[93m^^^^^^^^^^^^^^[0m
[1m[96m135[0m [1m[96m|[0m     peers: Vec<String>,
    [1m[96m|[0m     [1m[93m^^^^^[0m
    [1m[96m|[0m
    [1m[96m= [0m[1m[97mnote[0m: `EasyTierLastStart` has derived impls for the traits `Clone` and `Debug`, but these are intentionally ignored during dead code analysis

[1m[93mwarning[0m[1m[97m: function `now_ms` is never used[0m
   [1m[96m--> [0msrc\core\online\online.rs:173:4
    [1m[96m|[0m
[1m[96m173[0m [1m[96m|[0m fn now_ms() -> i64 {
    [1m[96m|[0m    [1m[93m^^^^^^[0m

[1m[93mwarning[0m[1m[97m: function `online_debug_snapshot` is never used[0m
    [1m[96m--> [0msrc\core\online\online.rs:1432:14
     [1m[96m|[0m
[1m[96m1432[0m [1m[96m|[0m pub async fn online_debug_snapshot() -> serde_json::Value {
     [1m[96m|[0m              [1m[93m^^^^^^^^^^^^^^^^^^^^^[0m

[1m[93mwarning[0m[1m[97m: field `server_guid` is never read[0m
  [1m[96m--> [0msrc\core\online\paperconnect_discovery.rs:22:9
   [1m[96m|[0m
[1m[96m17[0m [1m[96m|[0m pub struct RakNetServerInfo {
   [1m[96m|[0m            [1m[96m----------------[0m [1m[96mfield in this struct[0m
[1m[96m...[0m
[1m[96m22[0m [1m[96m|[0m     pub server_guid: u64,
   [1m[96m|[0m         [1m[93m^^^^^^^^^^^[0m
   [1m[96m|[0m
   [1m[96m= [0m[1m[97mnote[0m: `RakNetServerInfo` has derived impls for the traits `Clone` and `Debug`, but these are intentionally ignored during dead code analysis

[1m[93mwarning[0m[1m[97m: variant `SignedOut` is never constructed[0m
  [1m[96m--> [0msrc\core\system_xbox_user.rs:20:5
   [1m[96m|[0m
[1m[96m18[0m [1m[96m|[0m pub(crate) enum SystemXboxUserState {
   [1m[96m|[0m                 [1m[96m-------------------[0m [1m[96mvariant in this enum[0m
[1m[96m19[0m [1m[96m|[0m     SignedIn,
[1m[96m20[0m [1m[96m|[0m     SignedOut,
   [1m[96m|[0m     [1m[93m^^^^^^^^^[0m
   [1m[96m|[0m
   [1m[96m= [0m[1m[97mnote[0m: `SystemXboxUserState` has derived impls for the traits `Debug` and `Clone`, but these are intentionally ignored during dead code analysis

[1m[93mwarning[0m[1m[97m: function `probe_default_user_xuid` is never used[0m
  [1m[96m--> [0msrc\core\system_xbox_user.rs:42:15
   [1m[96m|[0m
[1m[96m42[0m [1m[96m|[0m pub(crate) fn probe_default_user_xuid() -> Option<u64> {
   [1m[96m|[0m               [1m[93m^^^^^^^^^^^^^^^^^^^^^^^[0m

[1m[93mwarning[0m[1m[97m: field `started_at` is never read[0m
  [1m[96m--> [0msrc\core\version\game_info.rs:46:5
   [1m[96m|[0m
[1m[96m43[0m [1m[96m|[0m pub struct GameSession {
   [1m[96m|[0m            [1m[96m-----------[0m [1m[96mfield in this struct[0m
[1m[96m...[0m
[1m[96m46[0m [1m[96m|[0m     started_at: DateTime<Utc>,
   [1m[96m|[0m     [1m[93m^^^^^^^^^^[0m
   [1m[96m|[0m
   [1m[96m= [0m[1m[97mnote[0m: `GameSession` has derived impls for the traits `Debug` and `Clone`, but these are intentionally ignored during dead code analysis

[1m[93mwarning[0m[1m[97m: struct `GdkUser` is never constructed[0m
 [1m[96m--> [0msrc\core\version\gdk_users.rs:8:12
  [1m[96m|[0m
[1m[96m8[0m [1m[96m|[0m pub struct GdkUser {
  [1m[96m|[0m            [1m[93m^^^^^^^[0m

[1m[93mwarning[0m[1m[97m: function `get_gdk_users` is never used[0m
  [1m[96m--> [0msrc\core\version\gdk_users.rs:16:8
   [1m[96m|[0m
[1m[96m16[0m [1m[96m|[0m pub fn get_gdk_users(edition: String) -> Result<Vec<GdkUser>, String> {
   [1m[96m|[0m        [1m[93m^^^^^^^^^^^^^[0m

[1m[93mwarning[0m[1m[97m: function `get_appx_version_list` is never used[0m
   [1m[96m--> [0msrc\core\version\version_manager.rs:203:14
    [1m[96m|[0m
[1m[96m203[0m [1m[96m|[0m pub async fn get_appx_version_list(folder: &Path) -> Result<Vec<LaunchVersionEntry>> {
    [1m[96m|[0m              [1m[93m^^^^^^^^^^^^^^^^^^^^^[0m

[1m[93mwarning[0m[1m[97m: function `download_task_detail` is never used[0m
   [1m[96m--> [0msrc\downloads\manager.rs:102:4
    [1m[96m|[0m
[1m[96m102[0m [1m[96m|[0m fn download_task_detail(dest: &Path) -> Option<String> {
    [1m[96m|[0m    [1m[93m^^^^^^^^^^^^^^^^^^^^[0m

[1m[93mwarning[0m[1m[97m: methods `download_single_with_url_candidates` and `start_download` are never used[0m
   [1m[96m--> [0msrc\downloads\manager.rs:531:18
    [1m[96m|[0m
[1m[96m328[0m [1m[96m|[0m impl DownloaderManager {
    [1m[96m|[0m [1m[96m----------------------[0m [1m[96mmethods in this implementation[0m
[1m[96m...[0m
[1m[96m531[0m [1m[96m|[0m     pub async fn download_single_with_url_candidates(
    [1m[96m|[0m                  [1m[93m^^^^^^^^^^^^^^^^^^^^^^^^^^^^^^^^^^^[0m
[1m[96m...[0m
[1m[96m549[0m [1m[96m|[0m     pub fn start_download(&self, url: String, dest: PathBuf, options: DownloadOptions) -> String {
    [1m[96m|[0m            [1m[93m^^^^^^^^^^^^^^[0m

[1m[93mwarning[0m[1m[97m: fields `start` and `end` are never read[0m
  [1m[96m--> [0msrc\downloads\multi.rs:60:5
   [1m[96m|[0m
[1m[96m58[0m [1m[96m|[0m struct PrimaryPartition {
   [1m[96m|[0m        [1m[96m----------------[0m [1m[96mfields in this struct[0m
[1m[96m59[0m [1m[96m|[0m     id: usize,
[1m[96m60[0m [1m[96m|[0m     start: u64,
   [1m[96m|[0m     [1m[93m^^^^^[0m
[1m[96m61[0m [1m[96m|[0m     end: u64,
   [1m[96m|[0m     [1m[93m^^^[0m
   [1m[96m|[0m
   [1m[96m= [0m[1m[97mnote[0m: `PrimaryPartition` has a derived impl for the trait `Debug`, but this is intentionally ignored during dead code analysis

[1m[93mwarning[0m[1m[97m: field `total_size` is never read[0m
  [1m[96m--> [0msrc\downloads\multi.rs:79:5
   [1m[96m|[0m
[1m[96m78[0m [1m[96m|[0m struct DynamicRangeScheduler {
   [1m[96m|[0m        [1m[96m---------------------[0m [1m[96mfield in this struct[0m
[1m[96m79[0m [1m[96m|[0m     total_size: u64,
   [1m[96m|[0m     [1m[93m^^^^^^^^^^[0m

[1m[93mwarning[0m[1m[97m: methods `get_download_url` and `get_download_urls` are never used[0m
  [1m[96m--> [0msrc\downloads\wu_client\client.rs:64:18
   [1m[96m|[0m
[1m[96m16[0m [1m[96m|[0m impl WuClient {
   [1m[96m|[0m [1m[96m-------------[0m [1m[96mmethods in this implementation[0m
[1m[96m...[0m
[1m[96m64[0m [1m[96m|[0m     pub async fn get_download_url(
   [1m[96m|[0m                  [1m[93m^^^^^^^^^^^^^^^^[0m
[1m[96m...[0m
[1m[96m85[0m [1m[96m|[0m     pub async fn get_download_urls(
   [1m[96m|[0m                  [1m[93m^^^^^^^^^^^^^^^^^[0m

[1m[93mwarning[0m[1m[97m: function `apply_current_proxy_blocking` is never used[0m
   [1m[96m--> [0msrc\http\proxy.rs:311:15
    [1m[96m|[0m
[1m[96m311[0m [1m[96m|[0m pub(crate) fn apply_current_proxy_blocking(
    [1m[96m|[0m               [1m[93m^^^^^^^^^^^^^^^^^^^^^^^^^^^^[0m

[1m[93mwarning[0m[1m[97m: function `rebuild_no_proxy_client_in_cache` is never used[0m
   [1m[96m--> [0msrc\http\proxy.rs:363:8
    [1m[96m|[0m
[1m[96m363[0m [1m[96m|[0m pub fn rebuild_no_proxy_client_in_cache() {
    [1m[96m|[0m        [1m[93m^^^^^^^^^^^^^^^^^^^^^^^^^^^^^^^^[0m

[1m[93mwarning[0m[1m[97m: function `debug_check_proxy` is never used[0m
   [1m[96m--> [0msrc\http\proxy.rs:681:14
    [1m[96m|[0m
[1m[96m681[0m [1m[96m|[0m pub async fn debug_check_proxy() -> Result<(), Box<dyn std::error::Error + Send + Sync>> {
    [1m[96m|[0m              [1m[93m^^^^^^^^^^^^^^^^^[0m

[1m[93mwarning[0m[1m[97m: static `NO_REDIRECT_BLOCKING_CLIENT` is never used[0m
  [1m[96m--> [0msrc\http\request.rs:50:8
   [1m[96m|[0m
[1m[96m50[0m [1m[96m|[0m static NO_REDIRECT_BLOCKING_CLIENT: Lazy<Mutex<Option<(String, BlockingClient)>>> =
   [1m[96m|[0m        [1m[93m^^^^^^^^^^^^^^^^^^^^^^^^^^^[0m

[1m[93mwarning[0m[1m[97m: function `no_redirect_blocking_client` is never used[0m
  [1m[96m--> [0msrc\http\request.rs:78:4
   [1m[96m|[0m
[1m[96m78[0m [1m[96m|[0m fn no_redirect_blocking_client() -> Result<BlockingClient, String> {
   [1m[96m|[0m    [1m[93m^^^^^^^^^^^^^^^^^^^^^^^^^^^[0m

[1m[93mwarning[0m[1m[97m: function `should_retry_status` is never used[0m
   [1m[96m--> [0msrc\http\request.rs:112:8
    [1m[96m|[0m
[1m[96m112[0m [1m[96m|[0m pub fn should_retry_status(status: reqwest::StatusCode) -> bool {
    [1m[96m|[0m        [1m[93m^^^^^^^^^^^^^^^^^^^[0m

[1m[93mwarning[0m[1m[97m: function `send_blocking_request_with_options` is never used[0m
   [1m[96m--> [0msrc\http\request.rs:181:8
    [1m[96m|[0m
[1m[96m181[0m [1m[96m|[0m pub fn send_blocking_request_with_options(
    [1m[96m|[0m        [1m[93m^^^^^^^^^^^^^^^^^^^^^^^^^^^^^^^^^^[0m

[1m[93mwarning[0m[1m[97m: function `fetch_bytes_with_retry` is never used[0m
   [1m[96m--> [0msrc\http\request.rs:214:14
    [1m[96m|[0m
[1m[96m214[0m [1m[96m|[0m pub async fn fetch_bytes_with_retry(
    [1m[96m|[0m              [1m[93m^^^^^^^^^^^^^^^^^^^^^^[0m

[1m[93mwarning[0m[1m[97m: function `fetch_bytes_with_retry_blocking` is never used[0m
   [1m[96m--> [0msrc\http\request.rs:260:8
    [1m[96m|[0m
[1m[96m260[0m [1m[96m|[0m pub fn fetch_bytes_with_retry_blocking(
    [1m[96m|[0m        [1m[93m^^^^^^^^^^^^^^^^^^^^^^^^^^^^^^^[0m

[1m[93mwarning[0m[1m[97m: associated items `all` and `next` are never used[0m
  [1m[96m--> [0msrc\i18n\mod.rs:57:12
   [1m[96m|[0m
[1m[96m16[0m [1m[96m|[0m impl Locale {
   [1m[96m|[0m [1m[96m-----------[0m [1m[96massociated items in this implementation[0m
[1m[96m...[0m
[1m[96m57[0m [1m[96m|[0m     pub fn all() -> &'static [Locale] {
   [1m[96m|[0m            [1m[93m^^^[0m
[1m[96m...[0m
[1m[96m68[0m [1m[96m|[0m     pub fn next(self) -> Self {
   [1m[96m|[0m            [1m[93m^^^^[0m

[1m[93mwarning[0m[1m[97m: method `ensure_locale_loaded` is never used[0m
   [1m[96m--> [0msrc\i18n\mod.rs:107:12
    [1m[96m|[0m
[1m[96m 87[0m [1m[96m|[0m impl Translator {
    [1m[96m|[0m [1m[96m---------------[0m [1m[96mmethod in this implementation[0m
[1m[96m...[0m
[1m[96m107[0m [1m[96m|[0m     pub fn ensure_locale_loaded(&mut self, _locale: Locale) {}
    [1m[96m|[0m            [1m[93m^^^^^^^^^^^^^^^^^^^^[0m

[1m[93mwarning[0m[1m[97m: methods `is_import` and `is_direct_launch` are never used[0m
  [1m[96m--> [0msrc\launch.rs:37:12
   [1m[96m|[0m
[1m[96m32[0m [1m[96m|[0m impl LaunchMode {
   [1m[96m|[0m [1m[96m---------------[0m [1m[96mmethods in this implementation[0m
[1m[96m...[0m
[1m[96m37[0m [1m[96m|[0m     pub fn is_import(&self) -> bool {
   [1m[96m|[0m            [1m[93m^^^^^^^^^[0m
[1m[96m...[0m
[1m[96m41[0m [1m[96m|[0m     pub fn is_direct_launch(&self) -> bool {
   [1m[96m|[0m            [1m[93m^^^^^^^^^^^^^^^^[0m

[1m[93mwarning[0m[1m[97m: struct `InjectionRenderRequest` is never constructed[0m
  [1m[96m--> [0msrc\plugins\events.rs:87:12
   [1m[96m|[0m
[1m[96m87[0m [1m[96m|[0m pub struct InjectionRenderRequest {
   [1m[96m|[0m            [1m[93m^^^^^^^^^^^^^^^^^^^^^^[0m

[1m[93mwarning[0m[1m[97m: function `load_manifests_sorted` is never used[0m
   [1m[96m--> [0msrc\plugins\manifest.rs:559:8
    [1m[96m|[0m
[1m[96m559[0m [1m[96m|[0m pub fn load_manifests_sorted(plugins_dir: impl AsRef<Path>) -> Result<Vec<PluginManifest>> {
    [1m[96m|[0m        [1m[93m^^^^^^^^^^^^^^^^^^^^^[0m

[1m[93mwarning[0m[1m[97m: function `load_manifest_from_package` is never used[0m
   [1m[96m--> [0msrc\plugins\manifest.rs:691:8
    [1m[96m|[0m
[1m[96m691[0m [1m[96m|[0m pub fn load_manifest_from_package(
    [1m[96m|[0m        [1m[93m^^^^^^^^^^^^^^^^^^^^^^^^^^[0m

[1m[93mwarning[0m[1m[97m: constant `HOST_BUFFER_MAX_BYTES` is never used[0m
  [1m[96m--> [0msrc\plugins\runtime.rs:37:7
   [1m[96m|[0m
[1m[96m37[0m [1m[96m|[0m const HOST_BUFFER_MAX_BYTES: usize = 1024 * 1024;
   [1m[96m|[0m       [1m[93m^^^^^^^^^^^^^^^^^^^^^[0m

[1m[93mwarning[0m[1m[97m: multiple fields are never read[0m
  [1m[96m--> [0msrc\plugins\runtime.rs:81:9
   [1m[96m|[0m
[1m[96m73[0m [1m[96m|[0m pub struct PluginStatus {
   [1m[96m|[0m            [1m[96m------------[0m [1m[96mfields in this struct[0m
[1m[96m...[0m
[1m[96m81[0m [1m[96m|[0m     pub description: Option<String>,
   [1m[96m|[0m         [1m[93m^^^^^^^^^^^[0m
[1m[96m82[0m [1m[96m|[0m     pub website: Option<String>,
   [1m[96m|[0m         [1m[93m^^^^^^^[0m
[1m[96m83[0m [1m[96m|[0m     pub license: Option<String>,
   [1m[96m|[0m         [1m[93m^^^^^^^[0m
[1m[96m84[0m [1m[96m|[0m     pub tags: Vec<String>,
   [1m[96m|[0m         [1m[93m^^^^[0m
[1m[96m...[0m
[1m[96m90[0m [1m[96m|[0m     pub has_readme: bool,
   [1m[96m|[0m         [1m[93m^^^^^^^^^^[0m
[1m[96m91[0m [1m[96m|[0m     pub has_config: bool,
   [1m[96m|[0m         [1m[93m^^^^^^^^^^[0m
[1m[96m92[0m [1m[96m|[0m     pub icon_path: Option<PathBuf>,
[1m[96m93[0m [1m[96m|[0m     pub root_dir: PathBuf,
   [1m[96m|[0m         [1m[93m^^^^^^^^[0m
   [1m[96m|[0m
   [1m[96m= [0m[1m[97mnote[0m: `PluginStatus` has derived impls for the traits `Debug` and `Clone`, but these are intentionally ignored during dead code analysis

[1m[93mwarning[0m[1m[97m: field `layout` is never read[0m
   [1m[96m--> [0msrc\plugins\runtime.rs:167:9
    [1m[96m|[0m
[1m[96m164[0m [1m[96m|[0m pub struct RenderedInjection {
    [1m[96m|[0m            [1m[96m-----------------[0m [1m[96mfield in this struct[0m
[1m[96m...[0m
[1m[96m167[0m [1m[96m|[0m     pub layout: Option<InjectionLayout>,
    [1m[96m|[0m         [1m[93m^^^^^^[0m
    [1m[96m|[0m
    [1m[96m= [0m[1m[97mnote[0m: `RenderedInjection` has derived impls for the traits `Debug` and `Clone`, but these are intentionally ignored during dead code analysis

[1m[93mwarning[0m[1m[97m: field `instance` is never read[0m
   [1m[96m--> [0msrc\plugins\runtime.rs:291:5
    [1m[96m|[0m
[1m[96m289[0m [1m[96m|[0m struct PluginExecution {
    [1m[96m|[0m        [1m[96m---------------[0m [1m[96mfield in this struct[0m
[1m[96m290[0m [1m[96m|[0m     store: Store,
[1m[96m291[0m [1m[96m|[0m     instance: ModuleInstance,
    [1m[96m|[0m     [1m[93m^^^^^^^^[0m

[1m[93mwarning[0m[1m[97m: methods `cache_dir`, `plugin_readme`, `translate_plugin_resource`, and `last_error` are never used[0m
   [1m[96m--> [0msrc\plugins\runtime.rs:405:12
    [1m[96m|[0m
[1m[96m377[0m [1m[96m|[0m impl PluginRegistry {
    [1m[96m|[0m [1m[96m-------------------[0m [1m[96mmethods in this implementation[0m
[1m[96m...[0m
[1m[96m405[0m [1m[96m|[0m     pub fn cache_dir(&self) -> &Path {
    [1m[96m|[0m            [1m[93m^^^^^^^^^[0m
[1m[96m...[0m
[1m[96m540[0m [1m[96m|[0m     pub fn plugin_readme(&self, plugin_id: &str) -> Result<Option<String>> {
    [1m[96m|[0m            [1m[93m^^^^^^^^^^^^^[0m
[1m[96m...[0m
[1m[96m593[0m [1m[96m|[0m     pub fn translate_plugin_resource(&self, plugin_id: &str, key: &str) -> Option<String> {
    [1m[96m|[0m            [1m[93m^^^^^^^^^^^^^^^^^^^^^^^^^[0m
[1m[96m...[0m
[1m[96m850[0m [1m[96m|[0m     pub fn last_error(&self) -> Option<SharedString> {
    [1m[96m|[0m            [1m[93m^^^^^^^^^^[0m

[1m[93mwarning[0m[1m[97m: function `has_injections` is never used[0m
    [1m[96m--> [0msrc\plugins\runtime.rs:3637:8
     [1m[96m|[0m
[1m[96m3637[0m [1m[96m|[0m pub fn has_injections(cx: &App, slot: InjectionSlot, page: Option<&str>) -> bool {
     [1m[96m|[0m        [1m[93m^^^^^^^^^^^^^^[0m

[1m[93mwarning[0m[1m[97m: function `plugin_readme` is never used[0m
    [1m[96m--> [0msrc\plugins\runtime.rs:3649:8
     [1m[96m|[0m
[1m[96m3649[0m [1m[96m|[0m pub fn plugin_readme(cx: &App, plugin_id: &str) -> Option<String> {
     [1m[96m|[0m        [1m[93m^^^^^^^^^^^^^[0m

[1m[93mwarning[0m[1m[97m: function `translate_plugin_resource` is never used[0m
    [1m[96m--> [0msrc\plugins\runtime.rs:3698:8
     [1m[96m|[0m
[1m[96m3698[0m [1m[96m|[0m pub fn translate_plugin_resource(cx: &App, plugin_id: &str, key: &str) -> Option<String> {
     [1m[96m|[0m        [1m[93m^^^^^^^^^^^^^^^^^^^^^^^^^[0m

[1m[93mwarning[0m[1m[97m: function `dispatch_global_event` is never used[0m
    [1m[96m--> [0msrc\plugins\runtime.rs:3863:15
     [1m[96m|[0m
[1m[96m3863[0m [1m[96m|[0m pub(crate) fn dispatch_global_event(cx: &mut App, name: String, payload: String) {
     [1m[96m|[0m               [1m[93m^^^^^^^^^^^^^^^^^^^^^[0m

[1m[93mwarning[0m[1m[97m: function `render_view_tree` is never used[0m
   [1m[96m--> [0msrc\plugins\ui_dsl.rs:511:8
    [1m[96m|[0m
[1m[96m511[0m [1m[96m|[0m pub fn render_view_tree(
    [1m[96m|[0m        [1m[93m^^^^^^^^^^^^^^^^[0m

[1m[93mwarning[0m[1m[97m: variant `Stop` is never constructed[0m
  [1m[96m--> [0msrc\plugins\watcher.rs:23:5
   [1m[96m|[0m
[1m[96m20[0m [1m[96m|[0m pub enum PluginWatcherMessage {
   [1m[96m|[0m          [1m[96m--------------------[0m [1m[96mvariant in this enum[0m
[1m[96m...[0m
[1m[96m23[0m [1m[96m|[0m     Stop,
   [1m[96m|[0m     [1m[93m^^^^[0m
   [1m[96m|[0m
   [1m[96m= [0m[1m[97mnote[0m: `PluginWatcherMessage` has derived impls for the traits `Debug` and `Clone`, but these are intentionally ignored during dead code analysis

[1m[93mwarning[0m[1m[97m: field `title` is never read[0m
  [1m[96m--> [0msrc\plugins\window.rs:12:5
   [1m[96m|[0m
[1m[96m 9[0m [1m[96m|[0m pub struct PluginWindowView {
   [1m[96m|[0m            [1m[96m----------------[0m [1m[96mfield in this struct[0m
[1m[96m...[0m
[1m[96m12[0m [1m[96m|[0m     title: SharedString,
   [1m[96m|[0m     [1m[93m^^^^^[0m

[1m[93mwarning[0m[1m[97m: constant `DEFAULT_APPLICATION_ERROR_STAGE` is never used[0m
  [1m[96m--> [0msrc\result.rs:10:7
   [1m[96m|[0m
[1m[96m10[0m [1m[96m|[0m const DEFAULT_APPLICATION_ERROR_STAGE: &str = "application";
   [1m[96m|[0m       [1m[93m^^^^^^^^^^^^^^^^^^^^^^^^^^^^^^^[0m

[1m[93mwarning[0m[1m[97m: variant `UnknownContentLength` is never constructed[0m
  [1m[96m--> [0msrc\result.rs:31:5
   [1m[96m|[0m
[1m[96m14[0m [1m[96m|[0m pub enum CoreError {
   [1m[96m|[0m          [1m[96m---------[0m [1m[96mvariant in this enum[0m
[1m[96m...[0m
[1m[96m31[0m [1m[96m|[0m     UnknownContentLength,
   [1m[96m|[0m     [1m[93m^^^^^^^^^^^^^^^^^^^^[0m
   [1m[96m|[0m
   [1m[96m= [0m[1m[97mnote[0m: `CoreError` has a derived impl for the trait `Debug`, but this is intentionally ignored during dead code analysis

[1m[93mwarning[0m[1m[97m: associated functions `success`, `cancelled`, and `error` are never used[0m
  [1m[96m--> [0msrc\result.rs:65:12
   [1m[96m|[0m
[1m[96m64[0m [1m[96m|[0m impl<T> CoreResult<T> {
   [1m[96m|[0m [1m[96m---------------------[0m [1m[96massociated functions in this implementation[0m
[1m[96m65[0m [1m[96m|[0m     pub fn success(value: T) -> Self {
   [1m[96m|[0m            [1m[93m^^^^^^^[0m
[1m[96m...[0m
[1m[96m69[0m [1m[96m|[0m     pub fn cancelled() -> Self {
   [1m[96m|[0m            [1m[93m^^^^^^^^^[0m
[1m[96m...[0m
[1m[96m73[0m [1m[96m|[0m     pub fn error(err: CoreError) -> Self {
   [1m[96m|[0m            [1m[93m^^^^^[0m

[1m[93mwarning[0m[1m[97m: function `show_other_error` is never used[0m
  [1m[96m--> [0msrc\result.rs:98:8
   [1m[96m|[0m
[1m[96m98[0m [1m[96m|[0m pub fn show_other_error(title: &str, message: impl Into<String>) {
   [1m[96m|[0m        [1m[93m^^^^^^^^^^^^^^^^[0m

[1m[93mwarning[0m[1m[97m: constant `TASK_EVENT_BATCH_LIMIT` is never used[0m
  [1m[96m--> [0msrc\tasks\task_manager.rs:15:7
   [1m[96m|[0m
[1m[96m15[0m [1m[96m|[0m const TASK_EVENT_BATCH_LIMIT: usize = 256;
   [1m[96m|[0m       [1m[93m^^^^^^^^^^^^^^^^^^^^^^[0m

[1m[93mwarning[0m[1m[97m: methods `cancelled_requested` and `paused_requested` are never used[0m
   [1m[96m--> [0msrc\tasks\task_manager.rs:125:12
    [1m[96m|[0m
[1m[96m101[0m [1m[96m|[0m impl TaskControl {
    [1m[96m|[0m [1m[96m----------------[0m [1m[96mmethods in this implementation[0m
[1m[96m...[0m
[1m[96m125[0m [1m[96m|[0m     pub fn cancelled_requested(&self) -> bool {
    [1m[96m|[0m            [1m[93m^^^^^^^^^^^^^^^^^^^[0m
[1m[96m...[0m
[1m[96m129[0m [1m[96m|[0m     pub fn paused_requested(&self) -> bool {
    [1m[96m|[0m            [1m[93m^^^^^^^^^^^^^^^^[0m

[1m[93mwarning[0m[1m[97m: function `default_task_title` is never used[0m
   [1m[96m--> [0msrc\tasks\task_manager.rs:369:4
    [1m[96m|[0m
[1m[96m369[0m [1m[96m|[0m fn default_task_title(_stage: &str) -> Arc<str> {
    [1m[96m|[0m    [1m[93m^^^^^^^^^^^^^^^^^^[0m

[1m[93mwarning[0m[1m[97m: function `create_task` is never used[0m
   [1m[96m--> [0msrc\tasks\task_manager.rs:545:8
    [1m[96m|[0m
[1m[96m545[0m [1m[96m|[0m pub fn create_task(id_opt: Option<String>, initial_stage: &str, total: Option<u64>) -> String {
    [1m[96m|[0m        [1m[93m^^^^^^^^^^^[0m

[1m[93mwarning[0m[1m[97m: function `create_task_with_options` is never used[0m
   [1m[96m--> [0msrc\tasks\task_manager.rs:607:8
    [1m[96m|[0m
[1m[96m607[0m [1m[96m|[0m pub fn create_task_with_options(
    [1m[96m|[0m        [1m[93m^^^^^^^^^^^^^^^^^^^^^^^^[0m

[1m[93mwarning[0m[1m[97m: function `get_snapshot` is never used[0m
    [1m[96m--> [0msrc\tasks\task_manager.rs:1053:8
     [1m[96m|[0m
[1m[96m1053[0m [1m[96m|[0m pub fn get_snapshot(task_id: &str) -> Option<TaskSnapshot> {
     [1m[96m|[0m        [1m[93m^^^^^^^^^^^^[0m

[1m[93mwarning[0m[1m[97m: function `snapshots_map` is never used[0m
    [1m[96m--> [0msrc\tasks\task_manager.rs:1074:8
     [1m[96m|[0m
[1m[96m1074[0m [1m[96m|[0m pub fn snapshots_map() -> HashMap<String, TaskSnapshot> {
     [1m[96m|[0m        [1m[93m^^^^^^^^^^^^^[0m

[1m[93mwarning[0m[1m[97m: function `try_render_snapshots_limited` is never used[0m
    [1m[96m--> [0msrc\tasks\task_manager.rs:1189:8
     [1m[96m|[0m
[1m[96m1189[0m [1m[96m|[0m pub fn try_render_snapshots_limited(
     [1m[96m|[0m        [1m[93m^^^^^^^^^^^^^^^^^^^^^^^^^^^^[0m

[1m[93mwarning[0m[1m[97m: function `snapshots_sorted` is never used[0m
    [1m[96m--> [0msrc\tasks\task_manager.rs:1205:8
     [1m[96m|[0m
[1m[96m1205[0m [1m[96m|[0m pub fn snapshots_sorted() -> Vec<TaskSnapshot> {
     [1m[96m|[0m        [1m[93m^^^^^^^^^^^^^^^^[0m

[1m[93mwarning[0m[1m[97m: function `live_snapshots_sorted` is never used[0m
    [1m[96m--> [0msrc\tasks\task_manager.rs:1215:8
     [1m[96m|[0m
[1m[96m1215[0m [1m[96m|[0m pub fn live_snapshots_sorted() -> Vec<TaskSnapshot> {
     [1m[96m|[0m        [1m[93m^^^^^^^^^^^^^^^^^^^^^[0m

[1m[93mwarning[0m[1m[97m: function `task_ids_sorted` is never used[0m
    [1m[96m--> [0msrc\tasks\task_manager.rs:1222:8
     [1m[96m|[0m
[1m[96m1222[0m [1m[96m|[0m pub fn task_ids_sorted() -> Vec<String> {
     [1m[96m|[0m        [1m[93m^^^^^^^^^^^^^^^[0m

[1m[93mwarning[0m[1m[97m: method `target` is never used[0m
  [1m[96m--> [0msrc\ui\animation.rs:79:12
   [1m[96m|[0m
[1m[96m63[0m [1m[96m|[0m impl SpringValue {
   [1m[96m|[0m [1m[96m----------------[0m [1m[96mmethod in this implementation[0m
[1m[96m...[0m
[1m[96m79[0m [1m[96m|[0m     pub fn target(&self) -> f32 {
   [1m[96m|[0m            [1m[93m^^^^^^[0m

[1m[93mwarning[0m[1m[97m: function `ease_in_back` is never used[0m
   [1m[96m--> [0msrc\ui\animation.rs:182:8
    [1m[96m|[0m
[1m[96m182[0m [1m[96m|[0m pub fn ease_in_back(t: f32, overshoot: f32) -> f32 {
    [1m[96m|[0m        [1m[93m^^^^^^^^^^^^[0m

[1m[93mwarning[0m[1m[97m: function `ease_out_elastic` is never used[0m
   [1m[96m--> [0msrc\ui\animation.rs:187:8
    [1m[96m|[0m
[1m[96m187[0m [1m[96m|[0m pub fn ease_out_elastic(t: f32) -> f32 {
    [1m[96m|[0m        [1m[93m^^^^^^^^^^^^^^^^[0m

[1m[93mwarning[0m[1m[97m: function `eased_progress` is never used[0m
   [1m[96m--> [0msrc\ui\animation.rs:198:8
    [1m[96m|[0m
[1m[96m198[0m [1m[96m|[0m pub fn eased_progress(now: Instant, started_at: Instant, duration: Duration) -> f32 {
    [1m[96m|[0m        [1m[93m^^^^^^^^^^^^^^[0m

[1m[93mwarning[0m[1m[97m: function `ease_in_cubic_motion` is never used[0m
   [1m[96m--> [0msrc\ui\animation.rs:233:8
    [1m[96m|[0m
[1m[96m233[0m [1m[96m|[0m pub fn ease_in_cubic_motion(duration: Duration) -> Animation {
    [1m[96m|[0m        [1m[93m^^^^^^^^^^^^^^^^^^^^[0m

[1m[93mwarning[0m[1m[97m: methods `icon_size` and `label` are never used[0m
   [1m[96m--> [0msrc\ui\components\button.rs:95:12
    [1m[96m|[0m
[1m[96m 81[0m [1m[96m|[0m impl IconButton {
    [1m[96m|[0m [1m[96m---------------[0m [1m[96mmethods in this implementation[0m
[1m[96m...[0m
[1m[96m 95[0m [1m[96m|[0m     pub fn icon_size(mut self, icon_size: f32) -> Self {
    [1m[96m|[0m            [1m[93m^^^^^^^^^[0m
[1m[96m...[0m
[1m[96m105[0m [1m[96m|[0m     pub fn label(mut self, label: impl Into<SharedString>) -> Self {
    [1m[96m|[0m            [1m[93m^^^^^[0m

[1m[93mwarning[0m[1m[97m: function `secondary_button` is never used[0m
   [1m[96m--> [0msrc\ui\components\button.rs:162:8
    [1m[96m|[0m
[1m[96m162[0m [1m[96m|[0m pub fn secondary_button(
    [1m[96m|[0m        [1m[93m^^^^^^^^^^^^^^^^[0m

[1m[93mwarning[0m[1m[97m: multiple methods are never used[0m
   [1m[96m--> [0msrc\ui\components\code_editor.rs:823:8
    [1m[96m|[0m
[1m[96m211[0m [1m[96m|[0m impl CodeEditorState {
    [1m[96m|[0m [1m[96m--------------------[0m [1m[96mmethods in this implementation[0m
[1m[96m...[0m
[1m[96m823[0m [1m[96m|[0m     fn action_backspace(&mut self, _: &EditorBackspace, _: &mut Window, cx: &mut Context<Self>) {
    [1m[96m|[0m        [1m[93m^^^^^^^^^^^^^^^^[0m
[1m[96m...[0m
[1m[96m827[0m [1m[96m|[0m     fn action_delete(&mut self, _: &EditorDelete, _: &mut Window, cx: &mut Context<Self>) {
    [1m[96m|[0m        [1m[93m^^^^^^^^^^^^^[0m
[1m[96m...[0m
[1m[96m831[0m [1m[96m|[0m     fn action_left(&mut self, _: &EditorLeft, _: &mut Window, cx: &mut Context<Self>) {
    [1m[96m|[0m        [1m[93m^^^^^^^^^^^[0m
[1m[96m...[0m
[1m[96m835[0m [1m[96m|[0m     fn action_right(&mut self, _: &EditorRight, _: &mut Window, cx: &mut Context<Self>) {
    [1m[96m|[0m        [1m[93m^^^^^^^^^^^^[0m
[1m[96m...[0m
[1m[96m839[0m [1m[96m|[0m     fn action_up(&mut self, _: &EditorUp, _: &mut Window, cx: &mut Context<Self>) {
    [1m[96m|[0m        [1m[93m^^^^^^^^^[0m
[1m[96m...[0m
[1m[96m843[0m [1m[96m|[0m     fn action_down(&mut self, _: &EditorDown, _: &mut Window, cx: &mut Context<Self>) {
    [1m[96m|[0m        [1m[93m^^^^^^^^^^^[0m
[1m[96m...[0m
[1m[96m847[0m [1m[96m|[0m     fn action_select_left(&mut self, _: &EditorSelectLeft, _: &mut Window, cx: &mut Context<Self>) {
    [1m[96m|[0m        [1m[93m^^^^^^^^^^^^^^^^^^[0m
[1m[96m...[0m
[1m[96m851[0m [1m[96m|[0m     fn action_select_right(
    [1m[96m|[0m        [1m[93m^^^^^^^^^^^^^^^^^^^[0m
[1m[96m...[0m
[1m[96m860[0m [1m[96m|[0m     fn action_select_up(&mut self, _: &EditorSelectUp, _: &mut Window, cx: &mut Context<Self>) {
    [1m[96m|[0m        [1m[93m^^^^^^^^^^^^^^^^[0m
[1m[96m...[0m
[1m[96m864[0m [1m[96m|[0m     fn action_select_down(&mut self, _: &EditorSelectDown, _: &mut Window, cx: &mut Context<Self>) {
    [1m[96m|[0m        [1m[93m^^^^^^^^^^^^^^^^^^[0m
[1m[96m...[0m
[1m[96m868[0m [1m[96m|[0m     fn action_select_all(&mut self, _: &EditorSelectAll, _: &mut Window, cx: &mut Context<Self>) {
    [1m[96m|[0m        [1m[93m^^^^^^^^^^^^^^^^^[0m
[1m[96m...[0m
[1m[96m872[0m [1m[96m|[0m     fn action_home(&mut self, _: &EditorHome, _: &mut Window, cx: &mut Context<Self>) {
    [1m[96m|[0m        [1m[93m^^^^^^^^^^^[0m
[1m[96m...[0m
[1m[96m876[0m [1m[96m|[0m     fn action_end(&mut self, _: &EditorEnd, _: &mut Window, cx: &mut Context<Self>) {
    [1m[96m|[0m        [1m[93m^^^^^^^^^^[0m
[1m[96m...[0m
[1m[96m880[0m [1m[96m|[0m     fn action_enter(&mut self, _: &EditorEnter, _: &mut Window, cx: &mut Context<Self>) {
    [1m[96m|[0m        [1m[93m^^^^^^^^^^^^[0m
[1m[96m...[0m
[1m[96m884[0m [1m[96m|[0m     fn action_indent(&mut self, _: &EditorIndent, _: &mut Window, cx: &mut Context<Self>) {
    [1m[96m|[0m        [1m[93m^^^^^^^^^^^^^[0m
[1m[96m...[0m
[1m[96m888[0m [1m[96m|[0m     fn action_outdent(&mut self, _: &EditorOutdent, _: &mut Window, cx: &mut Context<Self>) {
    [1m[96m|[0m        [1m[93m^^^^^^^^^^^^^^[0m
[1m[96m...[0m
[1m[96m892[0m [1m[96m|[0m     fn action_paste(&mut self, _: &EditorPaste, _: &mut Window, cx: &mut Context<Self>) {
    [1m[96m|[0m        [1m[93m^^^^^^^^^^^^[0m
[1m[96m...[0m
[1m[96m896[0m [1m[96m|[0m     fn action_cut(&mut self, _: &EditorCut, _: &mut Window, cx: &mut Context<Self>) {
    [1m[96m|[0m        [1m[93m^^^^^^^^^^[0m
[1m[96m...[0m
[1m[96m900[0m [1m[96m|[0m     fn action_copy(&mut self, _: &EditorCopy, _: &mut Window, cx: &mut Context<Self>) {
    [1m[96m|[0m        [1m[93m^^^^^^^^^^^[0m
[1m[96m...[0m
[1m[96m904[0m [1m[96m|[0m     fn action_undo(&mut self, _: &EditorUndo, _: &mut Window, cx: &mut Context<Self>) {
    [1m[96m|[0m        [1m[93m^^^^^^^^^^^[0m
[1m[96m...[0m
[1m[96m908[0m [1m[96m|[0m     fn action_redo(&mut self, _: &EditorRedo, _: &mut Window, cx: &mut Context<Self>) {
    [1m[96m|[0m        [1m[93m^^^^^^^^^^^[0m
[1m[96m...[0m
[1m[96m912[0m [1m[96m|[0m     fn action_save(&mut self, _: &EditorSave, _: &mut Window, cx: &mut Context<Self>) {
    [1m[96m|[0m        [1m[93m^^^^^^^^^^^[0m
[1m[96m...[0m
[1m[96m916[0m [1m[96m|[0m     fn action_format(&mut self, _: &EditorFormat, _: &mut Window, cx: &mut Context<Self>) {
    [1m[96m|[0m        [1m[93m^^^^^^^^^^^^^[0m

[1m[93mwarning[0m[1m[97m: field `href` is never read[0m
  [1m[96m--> [0msrc\ui\components\html_renderer.rs:25:9
   [1m[96m|[0m
[1m[96m24[0m [1m[96m|[0m pub struct HtmlStyleSheet {
   [1m[96m|[0m            [1m[96m--------------[0m [1m[96mfield in this struct[0m
[1m[96m25[0m [1m[96m|[0m     pub href: Option<SharedString>,
   [1m[96m|[0m         [1m[93m^^^^[0m
   [1m[96m|[0m
   [1m[96m= [0m[1m[97mnote[0m: `HtmlStyleSheet` has derived impls for the traits `Clone` and `Debug`, but these are intentionally ignored during dead code analysis

[1m[93mwarning[0m[1m[97m: trait `HtmlStylesheetLoader` is never used[0m
  [1m[96m--> [0msrc\ui\components\html_renderer.rs:72:11
   [1m[96m|[0m
[1m[96m72[0m [1m[96m|[0m pub trait HtmlStylesheetLoader {
   [1m[96m|[0m           [1m[93m^^^^^^^^^^^^^^^^^^^^[0m

[1m[93mwarning[0m[1m[97m: fields `image_urls`, `stylesheet_requests`, and `css_diagnostics` are never read[0m
   [1m[96m--> [0msrc\ui\components\html_renderer.rs:187:9
    [1m[96m|[0m
[1m[96m182[0m [1m[96m|[0m pub struct HtmlDocument {
    [1m[96m|[0m            [1m[96m------------[0m [1m[96mfields in this struct[0m
[1m[96m...[0m
[1m[96m187[0m [1m[96m|[0m     pub image_urls: Vec<SharedString>,
    [1m[96m|[0m         [1m[93m^^^^^^^^^^[0m
[1m[96m188[0m [1m[96m|[0m     pub plain_text_lines: Vec<SharedString>,
[1m[96m189[0m [1m[96m|[0m     pub stylesheet_requests: Vec<HtmlStylesheetRequest>,
    [1m[96m|[0m         [1m[93m^^^^^^^^^^^^^^^^^^^[0m
[1m[96m190[0m [1m[96m|[0m     pub css_diagnostics: Vec<SharedString>,
    [1m[96m|[0m         [1m[93m^^^^^^^^^^^^^^^[0m
    [1m[96m|[0m
    [1m[96m= [0m[1m[97mnote[0m: `HtmlDocument` has derived impls for the traits `Clone` and `Debug`, but these are intentionally ignored during dead code analysis

[1m[93mwarning[0m[1m[97m: associated items `rule_count`, `diagnostics`, and `compile` are never used[0m
   [1m[96m--> [0msrc\ui\components\html_renderer.rs:385:12
    [1m[96m|[0m
[1m[96m384[0m [1m[96m|[0m impl CompiledHtmlCss {
    [1m[96m|[0m [1m[96m--------------------[0m [1m[96massociated items in this implementation[0m
[1m[96m385[0m [1m[96m|[0m     pub fn rule_count(&self) -> usize {
    [1m[96m|[0m            [1m[93m^^^^^^^^^^[0m
[1m[96m...[0m
[1m[96m389[0m [1m[96m|[0m     pub fn diagnostics(&self) -> &[SharedString] {
    [1m[96m|[0m            [1m[93m^^^^^^^^^^^[0m
[1m[96m...[0m
[1m[96m393[0m [1m[96m|[0m     pub fn compile(html: &str, options: &HtmlRenderOptions) -> Self {
    [1m[96m|[0m            [1m[93m^^^^^^^[0m

[1m[93mwarning[0m[1m[97m: function `discover_html_stylesheets` is never used[0m
   [1m[96m--> [0msrc\ui\components\html_renderer.rs:595:8
    [1m[96m|[0m
[1m[96m595[0m [1m[96m|[0m pub fn discover_html_stylesheets(html: &str, base_url: Option<&str>) -> Vec<HtmlStylesheetRequest> {
    [1m[96m|[0m        [1m[93m^^^^^^^^^^^^^^^^^^^^^^^^^[0m

[1m[93mwarning[0m[1m[97m: function `parse_html_document_with_loader` is never used[0m
   [1m[96m--> [0msrc\ui\components\html_renderer.rs:657:8
    [1m[96m|[0m
[1m[96m657[0m [1m[96m|[0m pub fn parse_html_document_with_loader<L: HtmlStylesheetLoader>(
    [1m[96m|[0m        [1m[93m^^^^^^^^^^^^^^^^^^^^^^^^^^^^^^^[0m

[1m[93mwarning[0m[1m[97m: function `parse_html_document_with_precompiled_css` is never used[0m
   [1m[96m--> [0msrc\ui\components\html_renderer.rs:701:8
    [1m[96m|[0m
[1m[96m701[0m [1m[96m|[0m pub fn parse_html_document_with_precompiled_css(
    [1m[96m|[0m        [1m[93m^^^^^^^^^^^^^^^^^^^^^^^^^^^^^^^^^^^^^^^^[0m

[1m[93mwarning[0m[1m[97m: field `secondary` is never read[0m
  [1m[96m--> [0msrc\ui\components\input.rs:81:18
   [1m[96m|[0m
[1m[96m81[0m [1m[96m|[0m     PressEnter { secondary: bool },
   [1m[96m|[0m     [1m[96m----------[0m   [1m[93m^^^^^^^^^[0m
   [1m[96m|[0m     [1m[96m|[0m
   [1m[96m|[0m     [1m[96mfield in this variant[0m
   [1m[96m|[0m
   [1m[96m= [0m[1m[97mnote[0m: `InputEvent` has a derived impl for the trait `Clone`, but this is intentionally ignored during dead code analysis

[1m[93mwarning[0m[1m[97m: method `animate_obfuscated` is never used[0m
   [1m[96m--> [0msrc\ui\components\minecraft_text.rs:110:12
    [1m[96m|[0m
[1m[96m 78[0m [1m[96m|[0m impl MinecraftFormattedText {
    [1m[96m|[0m [1m[96m---------------------------[0m [1m[96mmethod in this implementation[0m
[1m[96m...[0m
[1m[96m110[0m [1m[96m|[0m     pub fn animate_obfuscated(mut self, animate: bool) -> Self {
    [1m[96m|[0m            [1m[93m^^^^^^^^^^^^^^^^^^[0m

[1m[93mwarning[0m[1m[97m: function `contains_glyphs` is never used[0m
   [1m[96m--> [0msrc\ui\components\minecraft_text.rs:304:4
    [1m[96m|[0m
[1m[96m304[0m [1m[96m|[0m fn contains_glyphs(text: &str) -> bool {
    [1m[96m|[0m    [1m[93m^^^^^^^^^^^^^^^[0m

[1m[93mwarning[0m[1m[97m: function `page_title` is never used[0m
   [1m[96m--> [0msrc\ui\components\page_shell.rs:186:8
    [1m[96m|[0m
[1m[96m186[0m [1m[96m|[0m pub fn page_title(colors: &ThemeColors, text: impl Into<SharedString>) -> Div {
    [1m[96m|[0m        [1m[93m^^^^^^^^^^[0m

[1m[93mwarning[0m[1m[97m: struct `SplitPaneLimits` is never constructed[0m
  [1m[96m--> [0msrc\ui\components\split_pane.rs:10:12
   [1m[96m|[0m
[1m[96m10[0m [1m[96m|[0m pub struct SplitPaneLimits {
   [1m[96m|[0m            [1m[93m^^^^^^^^^^^^^^^[0m

[1m[93mwarning[0m[1m[97m: associated items `new` and `clamp` are never used[0m
  [1m[96m--> [0msrc\ui\components\split_pane.rs:17:18
   [1m[96m|[0m
[1m[96m15[0m [1m[96m|[0m impl SplitPaneLimits {
   [1m[96m|[0m [1m[96m--------------------[0m [1m[96massociated items in this implementation[0m
[1m[96m16[0m [1m[96m|[0m     #[must_use]
[1m[96m17[0m [1m[96m|[0m     pub const fn new(min: f32, max: f32) -> Self {
   [1m[96m|[0m                  [1m[93m^^^[0m
[1m[96m...[0m
[1m[96m22[0m [1m[96m|[0m     pub fn clamp(self, value: f32) -> f32 {
   [1m[96m|[0m            [1m[93m^^^^^[0m

[1m[93mwarning[0m[1m[97m: function `clamp_split_size` is never used[0m
  [1m[96m--> [0msrc\ui\components\split_pane.rs:28:8
   [1m[96m|[0m
[1m[96m28[0m [1m[96m|[0m pub fn clamp_split_size(value: f32, limits: SplitPaneLimits, available: f32) -> f32 {
   [1m[96m|[0m        [1m[93m^^^^^^^^^^^^^^^^[0m

[1m[93mwarning[0m[1m[97m: variants `BottomLeft`, `TopRight`, `TopLeft`, `TopCenter`, and `BottomCenter` are never constructed[0m
  [1m[96m--> [0msrc\ui\components\toast.rs:72:5
   [1m[96m|[0m
[1m[96m70[0m [1m[96m|[0m pub enum ToastPlacement {
   [1m[96m|[0m          [1m[96m--------------[0m [1m[96mvariants in this enum[0m
[1m[96m71[0m [1m[96m|[0m     BottomRight,
[1m[96m72[0m [1m[96m|[0m     BottomLeft,
   [1m[96m|[0m     [1m[93m^^^^^^^^^^[0m
[1m[96m73[0m [1m[96m|[0m     TopRight,
   [1m[96m|[0m     [1m[93m^^^^^^^^[0m
[1m[96m74[0m [1m[96m|[0m     TopLeft,
   [1m[96m|[0m     [1m[93m^^^^^^^[0m
[1m[96m75[0m [1m[96m|[0m     TopCenter,
   [1m[96m|[0m     [1m[93m^^^^^^^^^[0m
[1m[96m76[0m [1m[96m|[0m     BottomCenter,
   [1m[96m|[0m     [1m[93m^^^^^^^^^^^^[0m
   [1m[96m|[0m
   [1m[96m= [0m[1m[97mnote[0m: `ToastPlacement` has derived impls for the traits `Debug` and `Clone`, but these are intentionally ignored during dead code analysis

[1m[93mwarning[0m[1m[97m: variant `Down` is never constructed[0m
  [1m[96m--> [0msrc\ui\components\toast.rs:82:5
   [1m[96m|[0m
[1m[96m80[0m [1m[96m|[0m pub enum ToastStackDirection {
   [1m[96m|[0m          [1m[96m-------------------[0m [1m[96mvariant in this enum[0m
[1m[96m81[0m [1m[96m|[0m     Up,
[1m[96m82[0m [1m[96m|[0m     Down,
   [1m[96m|[0m     [1m[93m^^^^[0m
   [1m[96m|[0m
   [1m[96m= [0m[1m[97mnote[0m: `ToastStackDirection` has derived impls for the traits `Debug` and `Clone`, but these are intentionally ignored during dead code analysis

[1m[93mwarning[0m[1m[97m: variants `FromTop`, `FromBottom`, and `FromLeft` are never constructed[0m
  [1m[96m--> [0msrc\ui\components\toast.rs:87:5
   [1m[96m|[0m
[1m[96m86[0m [1m[96m|[0m pub enum ToastSlideDirection {
   [1m[96m|[0m          [1m[96m-------------------[0m [1m[96mvariants in this enum[0m
[1m[96m87[0m [1m[96m|[0m     FromTop,
   [1m[96m|[0m     [1m[93m^^^^^^^[0m
[1m[96m88[0m [1m[96m|[0m     FromBottom,
   [1m[96m|[0m     [1m[93m^^^^^^^^^^[0m
[1m[96m89[0m [1m[96m|[0m     FromLeft,
   [1m[96m|[0m     [1m[93m^^^^^^^^[0m
   [1m[96m|[0m
   [1m[96m= [0m[1m[97mnote[0m: `ToastSlideDirection` has derived impls for the traits `Debug` and `Clone`, but these are intentionally ignored during dead code analysis

[1m[93mwarning[0m[1m[97m: method `with_bottom` is never used[0m
   [1m[96m--> [0msrc\ui\components\toast.rs:111:12
    [1m[96m|[0m
[1m[96m101[0m [1m[96m|[0m impl ToastInsets {
    [1m[96m|[0m [1m[96m----------------[0m [1m[96mmethod in this implementation[0m
[1m[96m...[0m
[1m[96m111[0m [1m[96m|[0m     pub fn with_bottom(mut self, bottom: Pixels) -> Self {
    [1m[96m|[0m            [1m[93m^^^^^^^^^^^[0m

[1m[93mwarning[0m[1m[97m: associated items `new`, `with_insets`, `with_bottom_inset`, `with_stack_direction`, and `with_slide_direction` are never used[0m
   [1m[96m--> [0msrc\ui\components\toast.rs:126:12
    [1m[96m|[0m
[1m[96m125[0m [1m[96m|[0m impl ToastOverlayOptions {
    [1m[96m|[0m [1m[96m------------------------[0m [1m[96massociated items in this implementation[0m
[1m[96m126[0m [1m[96m|[0m     pub fn new(placement: ToastPlacement) -> Self {
    [1m[96m|[0m            [1m[93m^^^[0m
[1m[96m...[0m
[1m[96m133[0m [1m[96m|[0m     pub fn with_insets(mut self, insets: ToastInsets) -> Self {
    [1m[96m|[0m            [1m[93m^^^^^^^^^^^[0m
[1m[96m...[0m
[1m[96m138[0m [1m[96m|[0m     pub fn with_bottom_inset(mut self, bottom: Pixels) -> Self {
    [1m[96m|[0m            [1m[93m^^^^^^^^^^^^^^^^^[0m
[1m[96m...[0m
[1m[96m143[0m [1m[96m|[0m     pub fn with_stack_direction(mut self, direction: ToastStackDirection) -> Self {
    [1m[96m|[0m            [1m[93m^^^^^^^^^^^^^^^^^^^^[0m
[1m[96m...[0m
[1m[96m148[0m [1m[96m|[0m     pub fn with_slide_direction(mut self, direction: ToastSlideDirection) -> Self {
    [1m[96m|[0m            [1m[93m^^^^^^^^^^^^^^^^^^^^[0m

[1m[93mwarning[0m[1m[97m: method `push_breadcrumb` is never used[0m
   [1m[96m--> [0msrc\ui\components\toast.rs:268:8
    [1m[96m|[0m
[1m[96m207[0m [1m[96m|[0m impl ToastState {
    [1m[96m|[0m [1m[96m---------------[0m [1m[96mmethod in this implementation[0m
[1m[96m...[0m
[1m[96m268[0m [1m[96m|[0m     fn push_breadcrumb(
    [1m[96m|[0m        [1m[93m^^^^^^^^^^^^^^^[0m

[1m[93mwarning[0m[1m[97m: function `set_placement` is never used[0m
   [1m[96m--> [0msrc\ui\components\toast.rs:402:8
    [1m[96m|[0m
[1m[96m402[0m [1m[96m|[0m pub fn set_placement(cx: &mut App, placement: ToastPlacement) {
    [1m[96m|[0m        [1m[93m^^^^^^^^^^^^^[0m

[1m[93mwarning[0m[1m[97m: function `set_stack_direction` is never used[0m
   [1m[96m--> [0msrc\ui\components\toast.rs:408:8
    [1m[96m|[0m
[1m[96m408[0m [1m[96m|[0m pub fn set_stack_direction(cx: &mut App, direction: ToastStackDirection) {
    [1m[96m|[0m        [1m[93m^^^^^^^^^^^^^^^^^^^[0m

[1m[93mwarning[0m[1m[97m: function `set_slide_direction` is never used[0m
   [1m[96m--> [0msrc\ui\components\toast.rs:414:8
    [1m[96m|[0m
[1m[96m414[0m [1m[96m|[0m pub fn set_slide_direction(cx: &mut App, direction: ToastSlideDirection) {
    [1m[96m|[0m        [1m[93m^^^^^^^^^^^^^^^^^^^[0m

[1m[93mwarning[0m[1m[97m: function `set_margin` is never used[0m
   [1m[96m--> [0msrc\ui\components\toast.rs:420:8
    [1m[96m|[0m
[1m[96m420[0m [1m[96m|[0m pub fn set_margin(cx: &mut App, margin: Pixels) {
    [1m[96m|[0m        [1m[93m^^^^^^^^^^[0m

[1m[93mwarning[0m[1m[97m: function `set_insets` is never used[0m
   [1m[96m--> [0msrc\ui\components\toast.rs:424:8
    [1m[96m|[0m
[1m[96m424[0m [1m[96m|[0m pub fn set_insets(cx: &mut App, insets: ToastInsets) {
    [1m[96m|[0m        [1m[93m^^^^^^^^^^[0m

[1m[93mwarning[0m[1m[97m: function `resolve` is never used[0m
   [1m[96m--> [0msrc\ui\components\toast.rs:465:8
    [1m[96m|[0m
[1m[96m465[0m [1m[96m|[0m pub fn resolve(cx: &mut App, id: ToastId, kind: ToastKind, message: SharedString) {
    [1m[96m|[0m        [1m[93m^^^^^^^[0m

[1m[93mwarning[0m[1m[97m: function `dismiss` is never used[0m
   [1m[96m--> [0msrc\ui\components\toast.rs:473:8
    [1m[96m|[0m
[1m[96m473[0m [1m[96m|[0m pub fn dismiss(cx: &mut App, id: ToastId) {
    [1m[96m|[0m        [1m[93m^^^^^^^[0m

[1m[93mwarning[0m[1m[97m: function `push_breadcrumb` is never used[0m
   [1m[96m--> [0msrc\ui\components\toast.rs:481:8
    [1m[96m|[0m
[1m[96m481[0m [1m[96m|[0m pub fn push_breadcrumb(cx: &mut App, parts: &[SharedString]) -> ToastId {
    [1m[96m|[0m        [1m[93m^^^^^^^^^^^^^^^[0m

[1m[93mwarning[0m[1m[97m: function `pending_async` is never used[0m
   [1m[96m--> [0msrc\ui\components\toast.rs:525:8
    [1m[96m|[0m
[1m[96m525[0m [1m[96m|[0m pub fn pending_async(cx: &mut AsyncApp, message: SharedString) -> ToastId {
    [1m[96m|[0m        [1m[93m^^^^^^^^^^^^^[0m

[1m[93mwarning[0m[1m[97m: function `push_breadcrumb_async` is never used[0m
   [1m[96m--> [0msrc\ui\components\toast.rs:560:8
    [1m[96m|[0m
[1m[96m560[0m [1m[96m|[0m pub fn push_breadcrumb_async(cx: &mut AsyncApp, parts: &[SharedString]) -> ToastId {
    [1m[96m|[0m        [1m[93m^^^^^^^^^^^^^^^^^^^^^[0m

[1m[93mwarning[0m[1m[97m: constant `KNOB_INSET_Y` is never used[0m
  [1m[96m--> [0msrc\ui\components\toggle_switch.rs:11:7
   [1m[96m|[0m
[1m[96m11[0m [1m[96m|[0m const KNOB_INSET_Y: f32 = 1.5;
   [1m[96m|[0m       [1m[93m^^^^^^^^^^^^[0m

[1m[93mwarning[0m[1m[97m: function `compute_windowed_list_slice` is never used[0m
  [1m[96m--> [0msrc\ui\components\virtual_list.rs:89:8
   [1m[96m|[0m
[1m[96m89[0m [1m[96m|[0m pub fn compute_windowed_list_slice(
   [1m[96m|[0m        [1m[93m^^^^^^^^^^^^^^^^^^^^^^^^^^^[0m

[1m[93mwarning[0m[1m[97m: fields `modal_animating`, `task_id`, and `package_path` are never read[0m
  [1m[96m--> [0msrc\ui\hooks\use_launcher.rs:37:9
   [1m[96m|[0m
[1m[96m34[0m [1m[96m|[0m pub struct LauncherSnapshot {
   [1m[96m|[0m            [1m[96m----------------[0m [1m[96mfields in this struct[0m
[1m[96m...[0m
[1m[96m37[0m [1m[96m|[0m     pub modal_animating: bool,
   [1m[96m|[0m         [1m[93m^^^^^^^^^^^^^^^[0m
[1m[96m38[0m [1m[96m|[0m     pub modal_factor: f32,
[1m[96m39[0m [1m[96m|[0m     pub task_id: Option<Arc<str>>,
   [1m[96m|[0m         [1m[93m^^^^^^^[0m
[1m[96m...[0m
[1m[96m44[0m [1m[96m|[0m     pub package_path: SharedString,
   [1m[96m|[0m         [1m[93m^^^^^^^^^^^^[0m
   [1m[96m|[0m
   [1m[96m= [0m[1m[97mnote[0m: `LauncherSnapshot` has derived impls for the traits `Debug` and `Clone`, but these are intentionally ignored during dead code analysis

[1m[93mwarning[0m[1m[97m: function `use_launcher` is never used[0m
   [1m[96m--> [0msrc\ui\hooks\use_launcher.rs:177:8
    [1m[96m|[0m
[1m[96m177[0m [1m[96m|[0m pub fn use_launcher<Hooks, View>(hooks: &Hooks, cx: &mut Context<View>) -> LauncherSnapshot
    [1m[96m|[0m        [1m[93m^^^^^^^^^^^^[0m

[1m[93mwarning[0m[1m[97m: function `launcher_snapshot_changed` is never used[0m
    [1m[96m--> [0msrc\ui\hooks\use_launcher.rs:1504:4
     [1m[96m|[0m
[1m[96m1504[0m [1m[96m|[0m fn launcher_snapshot_changed(previous: &LauncherSnapshot, current: &LauncherSnapshot) -> bool {
     [1m[96m|[0m    [1m[93m^^^^^^^^^^^^^^^^^^^^^^^^^[0m

[1m[93mwarning[0m[1m[97m: function `game_info_summary` is never used[0m
  [1m[96m--> [0msrc\ui\hooks\use_local_versions.rs:58:8
   [1m[96m|[0m
[1m[96m58[0m [1m[96m|[0m pub fn game_info_summary(
   [1m[96m|[0m        [1m[93m^^^^^^^^^^^^^^^^^[0m

[1m[93mwarning[0m[1m[97m: function `network_background_cache_key` is never used[0m
  [1m[96m--> [0msrc\ui\main_window\background_support.rs:33:15
   [1m[96m|[0m
[1m[96m33[0m [1m[96m|[0m pub(super) fn network_background_cache_key(url: &str) -> String {
   [1m[96m|[0m               [1m[93m^^^^^^^^^^^^^^^^^^^^^^^^^^^^[0m

[1m[93mwarning[0m[1m[97m: variants `None` and `FetchedImage` are never constructed[0m
  [1m[96m--> [0msrc\ui\main_window\background_support.rs:67:5
   [1m[96m|[0m
[1m[96m66[0m [1m[96m|[0m pub(super) enum BackgroundSource {
   [1m[96m|[0m                 [1m[96m----------------[0m [1m[96mvariants in this enum[0m
[1m[96m67[0m [1m[96m|[0m     None,
   [1m[96m|[0m     [1m[93m^^^^[0m
[1m[96m68[0m [1m[96m|[0m     FetchedImage(Arc<ClipboardImage>),
   [1m[96m|[0m     [1m[93m^^^^^^^^^^^^[0m
   [1m[96m|[0m
   [1m[96m= [0m[1m[97mnote[0m: `BackgroundSource` has a derived impl for the trait `Clone`, but this is intentionally ignored during dead code analysis

[1m[93mwarning[0m[1m[97m: function `uses_embedded_default_background` is never used[0m
  [1m[96m--> [0msrc\ui\main_window\background_support.rs:88:15
   [1m[96m|[0m
[1m[96m88[0m [1m[96m|[0m pub(super) fn uses_embedded_default_background(
   [1m[96m|[0m               [1m[93m^^^^^^^^^^^^^^^^^^^^^^^^^^^^^^^^[0m

[1m[93mwarning[0m[1m[97m: associated items `from_index`, `from_pathname`, and `title` are never used[0m
  [1m[96m--> [0msrc\ui\navigation.rs:30:12
   [1m[96m|[0m
[1m[96m28[0m [1m[96m|[0m impl AppRoute {
   [1m[96m|[0m [1m[96m-------------[0m [1m[96massociated items in this implementation[0m
[1m[96m29[0m [1m[96m|[0m     #[must_use]
[1m[96m30[0m [1m[96m|[0m     pub fn from_index(index: usize) -> Self {
   [1m[96m|[0m            [1m[93m^^^^^^^^^^[0m
[1m[96m...[0m
[1m[96m54[0m [1m[96m|[0m     pub fn from_pathname(pathname: &str) -> Self {
   [1m[96m|[0m            [1m[93m^^^^^^^^^^^^^[0m
[1m[96m...[0m
[1m[96m79[0m [1m[96m|[0m     pub fn title(self) -> &'static str {
   [1m[96m|[0m            [1m[93m^^^^^[0m

[1m[93mwarning[0m[1m[97m: function `navigate_plugin` is never used[0m
   [1m[96m--> [0msrc\ui\navigation.rs:195:8
    [1m[96m|[0m
[1m[96m195[0m [1m[96m|[0m pub fn navigate_plugin(cx: &mut gpui::App, plugin_id: String, page_id: String) {
    [1m[96m|[0m        [1m[93m^^^^^^^^^^^^^^^[0m

[1m[93mwarning[0m[1m[97m: function `finish_to_download` is never used[0m
  [1m[96m--> [0msrc\ui\onboarding\mod.rs:53:8
   [1m[96m|[0m
[1m[96m53[0m [1m[96m|[0m pub fn finish_to_download(cx: &mut App) {
   [1m[96m|[0m        [1m[93m^^^^^^^^^^^^^^^^^^[0m

[1m[93mwarning[0m[1m[97m: function `finish_to_manage` is never used[0m
  [1m[96m--> [0msrc\ui\onboarding\mod.rs:57:8
   [1m[96m|[0m
[1m[96m57[0m [1m[96m|[0m pub fn finish_to_manage(cx: &mut App) {
   [1m[96m|[0m        [1m[93m^^^^^^^^^^^^^^^^[0m

[1m[93mwarning[0m[1m[97m: function `scene_is` is never used[0m
   [1m[96m--> [0msrc\ui\onboarding\mod.rs:287:15
    [1m[96m|[0m
[1m[96m287[0m [1m[96m|[0m pub(crate) fn scene_is(cx: &App, scene: OnboardingScene) -> bool {
    [1m[96m|[0m               [1m[93m^^^^^^^^[0m

[1m[93mwarning[0m[1m[97m: function `scene_label` is never used[0m
   [1m[96m--> [0msrc\ui\onboarding\mod.rs:292:15
    [1m[96m|[0m
[1m[96m292[0m [1m[96m|[0m pub(crate) fn scene_label(scene: OnboardingScene) -> SharedString {
    [1m[96m|[0m               [1m[93m^^^^^^^^^^^[0m

[1m[93mwarning[0m[1m[97m: methods `begin_platform_scan`, `apply_platform_summary`, and `set_error` are never used[0m
   [1m[96m--> [0msrc\ui\onboarding\state.rs:196:12
    [1m[96m|[0m
[1m[96m166[0m [1m[96m|[0m impl OnboardingTourState {
    [1m[96m|[0m [1m[96m------------------------[0m [1m[96mmethods in this implementation[0m
[1m[96m...[0m
[1m[96m196[0m [1m[96m|[0m     pub fn begin_platform_scan(&mut self) -> u64 {
    [1m[96m|[0m            [1m[93m^^^^^^^^^^^^^^^^^^^[0m
[1m[96m...[0m
[1m[96m204[0m [1m[96m|[0m     pub fn apply_platform_summary(
    [1m[96m|[0m            [1m[93m^^^^^^^^^^^^^^^^^^^^^^[0m
[1m[96m...[0m
[1m[96m221[0m [1m[96m|[0m     pub fn set_error(&mut self, request_id: u64, error: impl Into<String>) -> bool {
    [1m[96m|[0m            [1m[93m^^^^^^^^^[0m

[1m[93mwarning[0m[1m[97m: struct `UwpBackupToolsState` is never constructed[0m
  [1m[96m--> [0msrc\ui\onboarding\uwp_backup_tools.rs:17:12
   [1m[96m|[0m
[1m[96m17[0m [1m[96m|[0m pub struct UwpBackupToolsState {
   [1m[96m|[0m            [1m[93m^^^^^^^^^^^^^^^^^^^[0m

[1m[93mwarning[0m[1m[97m: methods `reset`, `begin_scan`, `apply_scan`, and `fail_scan` are never used[0m
  [1m[96m--> [0msrc\ui\onboarding\uwp_backup_tools.rs:30:8
   [1m[96m|[0m
[1m[96m29[0m [1m[96m|[0m impl UwpBackupToolsState {
   [1m[96m|[0m [1m[96m------------------------[0m [1m[96mmethods in this implementation[0m
[1m[96m30[0m [1m[96m|[0m     fn reset(&mut self) {
   [1m[96m|[0m        [1m[93m^^^^^[0m
[1m[96m...[0m
[1m[96m40[0m [1m[96m|[0m     fn begin_scan(&mut self, family_name: SharedString) -> Option<(u64, String)> {
   [1m[96m|[0m        [1m[93m^^^^^^^^^^[0m
[1m[96m...[0m
[1m[96m56[0m [1m[96m|[0m     fn apply_scan(&mut self, request_id: u64, summary: MinecraftDataSummary) {
   [1m[96m|[0m        [1m[93m^^^^^^^^^^[0m
[1m[96m...[0m
[1m[96m65[0m [1m[96m|[0m     fn fail_scan(&mut self, request_id: u64, error: impl Into<SharedString>) {
   [1m[96m|[0m        [1m[93m^^^^^^^^^[0m

[1m[93mwarning[0m[1m[97m: function `sync_from_safety` is never used[0m
  [1m[96m--> [0msrc\ui\onboarding\uwp_backup_tools.rs:75:8
   [1m[96m|[0m
[1m[96m75[0m [1m[96m|[0m pub fn sync_from_safety(cx: &mut App) {
   [1m[96m|[0m        [1m[93m^^^^^^^^^^^^^^^^[0m

[1m[93mwarning[0m[1m[97m: function `format_bytes` is never used[0m
   [1m[96m--> [0msrc\ui\onboarding\uwp_backup_tools.rs:126:4
    [1m[96m|[0m
[1m[96m126[0m [1m[96m|[0m fn format_bytes(bytes: u64) -> String {
    [1m[96m|[0m    [1m[93m^^^^^^^^^^^^[0m

[1m[93mwarning[0m[1m[97m: function `open_directory` is never used[0m
   [1m[96m--> [0msrc\ui\onboarding\uwp_backup_tools.rs:142:4
    [1m[96m|[0m
[1m[96m142[0m [1m[96m|[0m fn open_directory(path: &Path) -> Result<(), String> {
    [1m[96m|[0m    [1m[93m^^^^^^^^^^^^^^[0m

[1m[93mwarning[0m[1m[97m: function `start_export` is never used[0m
   [1m[96m--> [0msrc\ui\onboarding\uwp_backup_tools.rs:153:4
    [1m[96m|[0m
[1m[96m153[0m [1m[96m|[0m fn start_export(window: &mut Window, cx: &mut App) {
    [1m[96m|[0m    [1m[93m^^^^^^^^^^^^[0m

[1m[93mwarning[0m[1m[97m: function `open_user_data` is never used[0m
   [1m[96m--> [0msrc\ui\onboarding\uwp_backup_tools.rs:212:4
    [1m[96m|[0m
[1m[96m212[0m [1m[96m|[0m fn open_user_data(cx: &mut App) {
    [1m[96m|[0m    [1m[93m^^^^^^^^^^^^^^[0m

[1m[93mwarning[0m[1m[97m: function `open_migration_backups` is never used[0m
   [1m[96m--> [0msrc\ui\onboarding\uwp_backup_tools.rs:229:4
    [1m[96m|[0m
[1m[96m229[0m [1m[96m|[0m fn open_migration_backups(cx: &mut App) {
    [1m[96m|[0m    [1m[93m^^^^^^^^^^^^^^^^^^^^^^[0m

[1m[93mwarning[0m[1m[97m: function `action_button` is never used[0m
   [1m[96m--> [0msrc\ui\onboarding\uwp_backup_tools.rs:243:4
    [1m[96m|[0m
[1m[96m243[0m [1m[96m|[0m fn action_button(
    [1m[96m|[0m    [1m[93m^^^^^^^^^^^^^[0m

[1m[93mwarning[0m[1m[97m: function `compact_action_button` is never used[0m
   [1m[96m--> [0msrc\ui\onboarding\uwp_backup_tools.rs:284:4
    [1m[96m|[0m
[1m[96m284[0m [1m[96m|[0m fn compact_action_button(
    [1m[96m|[0m    [1m[93m^^^^^^^^^^^^^^^^^^^^^[0m

[1m[93mwarning[0m[1m[97m: function `render_uwp_backup_tools` is never used[0m
   [1m[96m--> [0msrc\ui\onboarding\uwp_backup_tools.rs:318:8
    [1m[96m|[0m
[1m[96m318[0m [1m[96m|[0m pub fn render_uwp_backup_tools(
    [1m[96m|[0m        [1m[93m^^^^^^^^^^^^^^^^^^^^^^^[0m

[1m[93mwarning[0m[1m[97m: method `ensure_locale_loaded` is never used[0m
  [1m[96m--> [0msrc\ui\state\i18n.rs:30:12
   [1m[96m|[0m
[1m[96m11[0m [1m[96m|[0m impl I18n {
   [1m[96m|[0m [1m[96m---------[0m [1m[96mmethod in this implementation[0m
[1m[96m...[0m
[1m[96m30[0m [1m[96m|[0m     pub fn ensure_locale_loaded(&mut self, locale: Locale) {
   [1m[96m|[0m            [1m[93m^^^^^^^^^^^^^^^^^^^^[0m

[1m[93mwarning[0m[1m[97m: variants `Environment`, `AcquireGame`, and `DataSafety` are never constructed[0m
  [1m[96m--> [0msrc\ui\state\launch_prereq.rs:42:5
   [1m[96m|[0m
[1m[96m39[0m [1m[96m|[0m pub enum OnboardingStep {
   [1m[96m|[0m          [1m[96m--------------[0m [1m[96mvariants in this enum[0m
[1m[96m...[0m
[1m[96m42[0m [1m[96m|[0m     Environment,
   [1m[96m|[0m     [1m[93m^^^^^^^^^^^[0m
[1m[96m43[0m [1m[96m|[0m     AcquireGame,
   [1m[96m|[0m     [1m[93m^^^^^^^^^^^[0m
[1m[96m44[0m [1m[96m|[0m     DataSafety,
   [1m[96m|[0m     [1m[93m^^^^^^^^^^[0m
   [1m[96m|[0m
   [1m[96m= [0m[1m[97mnote[0m: `OnboardingStep` has derived impls for the traits `Debug` and `Clone`, but these are intentionally ignored during dead code analysis

[1m[93mwarning[0m[1m[97m: fields `onboarding_step` and `onboarding_environment` are never read[0m
  [1m[96m--> [0msrc\ui\state\launch_prereq.rs:59:9
   [1m[96m|[0m
[1m[96m47[0m [1m[96m|[0m pub struct LaunchPrereqState {
   [1m[96m|[0m            [1m[96m-----------------[0m [1m[96mfields in this struct[0m
[1m[96m...[0m
[1m[96m59[0m [1m[96m|[0m     pub onboarding_step: OnboardingStep,
   [1m[96m|[0m         [1m[93m^^^^^^^^^^^^^^^[0m
[1m[96m60[0m [1m[96m|[0m     pub onboarding_scanning: bool,
[1m[96m61[0m [1m[96m|[0m     pub onboarding_environment:
   [1m[96m|[0m         [1m[93m^^^^^^^^^^^^^^^^^^^^^^[0m

[1m[93mwarning[0m[1m[97m: methods `reopen_onboarding`, `begin_onboarding_scan`, `set_onboarding_environment`, `set_onboarding_error`, `onboarding_next`, and `onboarding_back` are never used[0m
   [1m[96m--> [0msrc\ui\state\launch_prereq.rs:124:12
    [1m[96m|[0m
[1m[96m 99[0m [1m[96m|[0m impl LaunchPrereqState {
    [1m[96m|[0m [1m[96m----------------------[0m [1m[96mmethods in this implementation[0m
[1m[96m...[0m
[1m[96m124[0m [1m[96m|[0m     pub fn reopen_onboarding(&mut self) {
    [1m[96m|[0m            [1m[93m^^^^^^^^^^^^^^^^^[0m
[1m[96m...[0m
[1m[96m144[0m [1m[96m|[0m     pub fn begin_onboarding_scan(&mut self) {
    [1m[96m|[0m            [1m[93m^^^^^^^^^^^^^^^^^^^^^[0m
[1m[96m...[0m
[1m[96m153[0m [1m[96m|[0m     pub fn set_onboarding_environment(
    [1m[96m|[0m            [1m[93m^^^^^^^^^^^^^^^^^^^^^^^^^^[0m
[1m[96m...[0m
[1m[96m166[0m [1m[96m|[0m     pub fn set_onboarding_error(&mut self, error: impl Into<SharedString>) {
    [1m[96m|[0m            [1m[93m^^^^^^^^^^^^^^^^^^^^[0m
[1m[96m...[0m
[1m[96m175[0m [1m[96m|[0m     pub fn onboarding_next(&mut self) {
    [1m[96m|[0m            [1m[93m^^^^^^^^^^^^^^^[0m
[1m[96m...[0m
[1m[96m187[0m [1m[96m|[0m     pub fn onboarding_back(&mut self) {
    [1m[96m|[0m            [1m[93m^^^^^^^^^^^^^^^[0m

[1m[93mwarning[0m[1m[97m: function `light_colors` is never used[0m
  [1m[96m--> [0msrc\ui\theme\mod.rs:15:8
   [1m[96m|[0m
[1m[96m15[0m [1m[96m|[0m pub fn light_colors() -> &'static ThemeColors {
   [1m[96m|[0m        [1m[93m^^^^^^^^^^^^[0m

[1m[93mwarning[0m[1m[97m: function `dark_colors` is never used[0m
  [1m[96m--> [0msrc\ui\theme\mod.rs:21:8
   [1m[96m|[0m
[1m[96m21[0m [1m[96m|[0m pub fn dark_colors() -> &'static ThemeColors {
   [1m[96m|[0m        [1m[93m^^^^^^^^^^^[0m

[1m[93mwarning[0m[1m[97m: function `theme_colors` is never used[0m
  [1m[96m--> [0msrc\ui\theme\mod.rs:30:8
   [1m[96m|[0m
[1m[96m30[0m [1m[96m|[0m pub fn theme_colors(cx: &gpui::App) -> ThemeColors {
   [1m[96m|[0m        [1m[93m^^^^^^^^^^^^[0m

[1m[93mwarning[0m[1m[97m: constant `XS` is never used[0m
  [1m[96m--> [0msrc\ui\theme\tokens.rs:25:15
   [1m[96m|[0m
[1m[96m25[0m [1m[96m|[0m     pub const XS: f32 = 4.0;
   [1m[96m|[0m               [1m[93m^^[0m

[1m[93mwarning[0m[1m[97m: constant `SM` is never used[0m
  [1m[96m--> [0msrc\ui\theme\tokens.rs:26:15
   [1m[96m|[0m
[1m[96m26[0m [1m[96m|[0m     pub const SM: f32 = 8.0;
   [1m[96m|[0m               [1m[93m^^[0m

[1m[93mwarning[0m[1m[97m: constant `MD` is never used[0m
  [1m[96m--> [0msrc\ui\theme\tokens.rs:27:15
   [1m[96m|[0m
[1m[96m27[0m [1m[96m|[0m     pub const MD: f32 = 12.0;
   [1m[96m|[0m               [1m[93m^^[0m

[1m[93mwarning[0m[1m[97m: constant `LG` is never used[0m
  [1m[96m--> [0msrc\ui\theme\tokens.rs:28:15
   [1m[96m|[0m
[1m[96m28[0m [1m[96m|[0m     pub const LG: f32 = 16.0;
   [1m[96m|[0m               [1m[93m^^[0m

[1m[93mwarning[0m[1m[97m: constant `XL` is never used[0m
  [1m[96m--> [0msrc\ui\theme\tokens.rs:29:15
   [1m[96m|[0m
[1m[96m29[0m [1m[96m|[0m     pub const XL: f32 = 20.0;
   [1m[96m|[0m               [1m[93m^^[0m

[1m[93mwarning[0m[1m[97m: constant `XXL` is never used[0m
  [1m[96m--> [0msrc\ui\theme\tokens.rs:30:15
   [1m[96m|[0m
[1m[96m30[0m [1m[96m|[0m     pub const XXL: f32 = 24.0;
   [1m[96m|[0m               [1m[93m^^^[0m

[1m[93mwarning[0m[1m[97m: constant `CAPTION` is never used[0m
  [1m[96m--> [0msrc\ui\theme\tokens.rs:35:15
   [1m[96m|[0m
[1m[96m35[0m [1m[96m|[0m     pub const CAPTION: f32 = 11.0;
   [1m[96m|[0m               [1m[93m^^^^^^^[0m

[1m[93mwarning[0m[1m[97m: constant `FOOTNOTE` is never used[0m
  [1m[96m--> [0msrc\ui\theme\tokens.rs:36:15
   [1m[96m|[0m
[1m[96m36[0m [1m[96m|[0m     pub const FOOTNOTE: f32 = 12.0;
   [1m[96m|[0m               [1m[93m^^^^^^^^[0m

[1m[93mwarning[0m[1m[97m: constant `SUBHEAD` is never used[0m
  [1m[96m--> [0msrc\ui\theme\tokens.rs:37:15
   [1m[96m|[0m
[1m[96m37[0m [1m[96m|[0m     pub const SUBHEAD: f32 = 13.0;
   [1m[96m|[0m               [1m[93m^^^^^^^[0m

[1m[93mwarning[0m[1m[97m: constant `BODY` is never used[0m
  [1m[96m--> [0msrc\ui\theme\tokens.rs:38:15
   [1m[96m|[0m
[1m[96m38[0m [1m[96m|[0m     pub const BODY: f32 = 15.0;
   [1m[96m|[0m               [1m[93m^^^^[0m

[1m[93mwarning[0m[1m[97m: constant `HEADLINE` is never used[0m
  [1m[96m--> [0msrc\ui\theme\tokens.rs:39:15
   [1m[96m|[0m
[1m[96m39[0m [1m[96m|[0m     pub const HEADLINE: f32 = 17.0;
   [1m[96m|[0m               [1m[93m^^^^^^^^[0m

[1m[93mwarning[0m[1m[97m: constant `TITLE` is never used[0m
  [1m[96m--> [0msrc\ui\theme\tokens.rs:40:15
   [1m[96m|[0m
[1m[96m40[0m [1m[96m|[0m     pub const TITLE: f32 = 20.0;
   [1m[96m|[0m               [1m[93m^^^^^[0m

[1m[93mwarning[0m[1m[97m: constant `STAGGER_STEP` is never used[0m
  [1m[96m--> [0msrc\ui\theme\tokens.rs:59:15
   [1m[96m|[0m
[1m[96m59[0m [1m[96m|[0m     pub const STAGGER_STEP: Duration = Duration::from_millis(30);
   [1m[96m|[0m               [1m[93m^^^^^^^^^^^^[0m

[1m[93mwarning[0m[1m[97m: function `is_entity_released_error` is never used[0m
  [1m[96m--> [0msrc\ui\views\download.rs:22:15
   [1m[96m|[0m
[1m[96m22[0m [1m[96m|[0m pub(crate) fn is_entity_released_error(error: &anyhow::Error) -> bool {
   [1m[96m|[0m               [1m[93m^^^^^^^^^^^^^^^^^^^^^^^^[0m

[1m[93mwarning[0m[1m[97m: function `panel_shell` is never used[0m
  [1m[96m--> [0msrc\ui\views\download\common.rs:22:15
   [1m[96m|[0m
[1m[96m22[0m [1m[96m|[0m pub(crate) fn panel_shell(colors: &ThemeColors) -> Div {
   [1m[96m|[0m               [1m[93m^^^^^^^^^^^[0m

[1m[93mwarning[0m[1m[97m: constant `CURSEFORGE_PAGE_COMMIT_DELAY_MS` is never used[0m
  [1m[96m--> [0msrc\ui\views\download\curseforge.rs:50:7
   [1m[96m|[0m
[1m[96m50[0m [1m[96m|[0m const CURSEFORGE_PAGE_COMMIT_DELAY_MS: u64 = 180;
   [1m[96m|[0m       [1m[93m^^^^^^^^^^^^^^^^^^^^^^^^^^^^^^^[0m

[1m[93mwarning[0m[1m[97m: function `should_use_gpui_direct_result_images` is never used[0m
  [1m[96m--> [0msrc\ui\views\download\curseforge.rs:67:15
   [1m[96m|[0m
[1m[96m67[0m [1m[96m|[0m pub(crate) fn should_use_gpui_direct_result_images() -> bool {
   [1m[96m|[0m               [1m[93m^^^^^^^^^^^^^^^^^^^^^^^^^^^^^^^^^^^^[0m

[1m[93mwarning[0m[1m[97m: function `should_use_gpui_direct_sidebar_images` is never used[0m
  [1m[96m--> [0msrc\ui\views\download\curseforge.rs:83:15
   [1m[96m|[0m
[1m[96m83[0m [1m[96m|[0m pub(crate) fn should_use_gpui_direct_sidebar_images() -> bool {
   [1m[96m|[0m               [1m[93m^^^^^^^^^^^^^^^^^^^^^^^^^^^^^^^^^^^^^[0m

[1m[93mwarning[0m[1m[97m: function `truncate_curseforge_list_text` is never used[0m
   [1m[96m--> [0msrc\ui\views\download\curseforge.rs:512:4
    [1m[96m|[0m
[1m[96m512[0m [1m[96m|[0m fn truncate_curseforge_list_text(
    [1m[96m|[0m    [1m[93m^^^^^^^^^^^^^^^^^^^^^^^^^^^^^[0m

[1m[93mwarning[0m[1m[97m: field `last_observed_result_image_change_seq` is never read[0m
  [1m[96m--> [0msrc\ui\views\download\curseforge\results.rs:23:16
   [1m[96m|[0m
[1m[96m 8[0m [1m[96m|[0m pub(crate) struct CurseForgeResultsListView {
   [1m[96m|[0m                   [1m[96m-------------------------[0m [1m[96mfield in this struct[0m
[1m[96m...[0m
[1m[96m23[0m [1m[96m|[0m     pub(crate) last_observed_result_image_change_seq: u64,
   [1m[96m|[0m                [1m[93m^^^^^^^^^^^^^^^^^^^^^^^^^^^^^^^^^^^^^[0m

[1m[93mwarning[0m[1m[97m: method `schedule_image_refresh_notify` is never used[0m
  [1m[96m--> [0msrc\ui\views\download\curseforge\results.rs:79:8
   [1m[96m|[0m
[1m[96m29[0m [1m[96m|[0m impl CurseForgeResultsListView {
   [1m[96m|[0m [1m[96m------------------------------[0m [1m[96mmethod in this implementation[0m
[1m[96m...[0m
[1m[96m79[0m [1m[96m|[0m     fn schedule_image_refresh_notify(&mut self, cx: &mut Context<Self>) {
   [1m[96m|[0m        [1m[93m^^^^^^^^^^^^^^^^^^^^^^^^^^^^^[0m

[1m[93mwarning[0m[1m[97m: function `render_curseforge_loading_placeholder` is never used[0m
   [1m[96m--> [0msrc\ui\views\download\curseforge\results.rs:431:15
    [1m[96m|[0m
[1m[96m431[0m [1m[96m|[0m pub(crate) fn render_curseforge_loading_placeholder(colors: &ThemeColors) -> Div {
    [1m[96m|[0m               [1m[93m^^^^^^^^^^^^^^^^^^^^^^^^^^^^^^^^^^^^^[0m

[1m[93mwarning[0m[1m[97m: function `render_curseforge_results_list_placeholder` is never used[0m
   [1m[96m--> [0msrc\ui\views\download\curseforge\results.rs:613:15
    [1m[96m|[0m
[1m[96m613[0m [1m[96m|[0m pub(crate) fn render_curseforge_results_list_placeholder(colors: &ThemeColors) -> Div {
    [1m[96m|[0m               [1m[93m^^^^^^^^^^^^^^^^^^^^^^^^^^^^^^^^^^^^^^^^^^[0m

[1m[93mwarning[0m[1m[97m: function `render_game_loading_placeholder` is never used[0m
   [1m[96m--> [0msrc\ui\views\download\game.rs:290:4
    [1m[96m|[0m
[1m[96m290[0m [1m[96m|[0m fn render_game_loading_placeholder(colors: &ThemeColors, row_count: usize) -> Div {
    [1m[96m|[0m    [1m[93m^^^^^^^^^^^^^^^^^^^^^^^^^^^^^^^[0m

[1m[93mwarning[0m[1m[97m: variants `Addon`, `Map`, `Skin`, `Texture`, and `Script` are never constructed[0m
  [1m[96m--> [0msrc\ui\views\download\state.rs:19:5
   [1m[96m|[0m
[1m[96m17[0m [1m[96m|[0m pub enum ResourceCategory {
   [1m[96m|[0m          [1m[96m----------------[0m [1m[96mvariants in this enum[0m
[1m[96m18[0m [1m[96m|[0m     All,
[1m[96m19[0m [1m[96m|[0m     Addon,
   [1m[96m|[0m     [1m[93m^^^^^[0m
[1m[96m20[0m [1m[96m|[0m     Map,
   [1m[96m|[0m     [1m[93m^^^[0m
[1m[96m21[0m [1m[96m|[0m     Skin,
   [1m[96m|[0m     [1m[93m^^^^[0m
[1m[96m22[0m [1m[96m|[0m     Texture,
   [1m[96m|[0m     [1m[93m^^^^^^^[0m
[1m[96m23[0m [1m[96m|[0m     Script,
   [1m[96m|[0m     [1m[93m^^^^^^[0m
   [1m[96m|[0m
   [1m[96m= [0m[1m[97mnote[0m: `ResourceCategory` has derived impls for the traits `Debug` and `Clone`, but these are intentionally ignored during dead code analysis

[1m[93mwarning[0m[1m[97m: variant `Grid` is never constructed[0m
  [1m[96m--> [0msrc\ui\views\download\state.rs:29:5
   [1m[96m|[0m
[1m[96m27[0m [1m[96m|[0m pub enum ResourceViewMode {
   [1m[96m|[0m          [1m[96m----------------[0m [1m[96mvariant in this enum[0m
[1m[96m28[0m [1m[96m|[0m     List,
[1m[96m29[0m [1m[96m|[0m     Grid,
   [1m[96m|[0m     [1m[93m^^^^[0m
   [1m[96m|[0m
   [1m[96m= [0m[1m[97mnote[0m: `ResourceViewMode` has derived impls for the traits `Debug` and `Clone`, but these are intentionally ignored during dead code analysis

[1m[93mwarning[0m[1m[97m: field `url` is never read[0m
  [1m[96m--> [0msrc\ui\views\download\state.rs:69:9
   [1m[96m|[0m
[1m[96m67[0m [1m[96m|[0m pub struct GameDialogCdnResult {
   [1m[96m|[0m            [1m[96m-------------------[0m [1m[96mfield in this struct[0m
[1m[96m68[0m [1m[96m|[0m     pub base: SharedString,
[1m[96m69[0m [1m[96m|[0m     pub url: SharedString,
   [1m[96m|[0m         [1m[93m^^^[0m
   [1m[96m|[0m
   [1m[96m= [0m[1m[97mnote[0m: `GameDialogCdnResult` has derived impls for the traits `Debug` and `Clone`, but these are intentionally ignored during dead code analysis

[1m[93mwarning[0m[1m[97m: field `build_type` is never read[0m
  [1m[96m--> [0msrc\ui\views\download\state.rs:79:9
   [1m[96m|[0m
[1m[96m75[0m [1m[96m|[0m pub struct DownloadRemoteVersion {
   [1m[96m|[0m            [1m[96m---------------------[0m [1m[96mfield in this struct[0m
[1m[96m...[0m
[1m[96m79[0m [1m[96m|[0m     pub build_type: SharedString,
   [1m[96m|[0m         [1m[93m^^^^^^^^^^[0m
   [1m[96m|[0m
   [1m[96m= [0m[1m[97mnote[0m: `DownloadRemoteVersion` has derived impls for the traits `Debug` and `Clone`, but these are intentionally ignored during dead code analysis

[1m[93mwarning[0m[1m[97m: fields `package_id` and `file_name` are never read[0m
  [1m[96m--> [0msrc\ui\views\download\state.rs:88:9
   [1m[96m|[0m
[1m[96m87[0m [1m[96m|[0m pub struct DownloadOperation {
   [1m[96m|[0m            [1m[96m-----------------[0m [1m[96mfields in this struct[0m
[1m[96m88[0m [1m[96m|[0m     pub package_id: SharedString,
   [1m[96m|[0m         [1m[93m^^^^^^^^^^[0m
[1m[96m89[0m [1m[96m|[0m     pub file_name: SharedString,
   [1m[96m|[0m         [1m[93m^^^^^^^^^[0m
   [1m[96m|[0m
   [1m[96m= [0m[1m[97mnote[0m: `DownloadOperation` has derived impls for the traits `Debug` and `Clone`, but these are intentionally ignored during dead code analysis

[1m[93mwarning[0m[1m[97m: fields `resource_category`, `resource_view_mode`, and `curseforge_results_list_seq` are never read[0m
   [1m[96m--> [0msrc\ui\views\download\state.rs:192:9
    [1m[96m|[0m
[1m[96m150[0m [1m[96m|[0m pub struct DownloadPageState {
    [1m[96m|[0m            [1m[96m-----------------[0m [1m[96mfields in this struct[0m
[1m[96m...[0m
[1m[96m192[0m [1m[96m|[0m     pub resource_category: ResourceCategory,
    [1m[96m|[0m         [1m[93m^^^^^^^^^^^^^^^^^[0m
[1m[96m193[0m [1m[96m|[0m     pub resource_view_mode: ResourceViewMode,
    [1m[96m|[0m         [1m[93m^^^^^^^^^^^^^^^^^^[0m
[1m[96m...[0m
[1m[96m210[0m [1m[96m|[0m     pub curseforge_results_list_seq: u64,
    [1m[96m|[0m         [1m[93m^^^^^^^^^^^^^^^^^^^^^^^^^^^[0m

[1m[93mwarning[0m[1m[97m: methods `release_route_state`, `release_game_tab_state`, and `bump_curseforge_results_list_seq` are never used[0m
   [1m[96m--> [0msrc\ui\views\download\state.rs:456:12
    [1m[96m|[0m
[1m[96m408[0m [1m[96m|[0m impl DownloadPageState {
    [1m[96m|[0m [1m[96m----------------------[0m [1m[96mmethods in this implementation[0m
[1m[96m...[0m
[1m[96m456[0m [1m[96m|[0m     pub fn release_route_state(&mut self, cx: &mut App) {
    [1m[96m|[0m            [1m[93m^^^^^^^^^^^^^^^^^^^[0m
[1m[96m...[0m
[1m[96m488[0m [1m[96m|[0m     pub fn release_game_tab_state(&mut self) {
    [1m[96m|[0m            [1m[93m^^^^^^^^^^^^^^^^^^^^^^[0m
[1m[96m...[0m
[1m[96m573[0m [1m[96m|[0m     pub fn bump_curseforge_results_list_seq(&mut self) {
    [1m[96m|[0m            [1m[93m^^^^^^^^^^^^^^^^^^^^^^^^^^^^^^^^[0m

[1m[93mwarning[0m[1m[97m: function `icon_action` is never used[0m
  [1m[96m--> [0msrc\ui\views\manage\common.rs:14:8
   [1m[96m|[0m
[1m[96m14[0m [1m[96m|[0m pub fn icon_action(
   [1m[96m|[0m        [1m[93m^^^^^^^^^^^[0m

[1m[93mwarning[0m[1m[97m: function `import_non_mod_files` is never used[0m
   [1m[96m--> [0msrc\ui\views\manage\data.rs:567:14
    [1m[96m|[0m
[1m[96m567[0m [1m[96m|[0m pub async fn import_non_mod_files(
    [1m[96m|[0m              [1m[93m^^^^^^^^^^^^^^^^^^^^[0m

[1m[93mwarning[0m[1m[97m: function `inspect_import_path` is never used[0m
   [1m[96m--> [0msrc\ui\views\manage\data.rs:598:14
    [1m[96m|[0m
[1m[96m598[0m [1m[96m|[0m pub async fn inspect_import_path(
    [1m[96m|[0m              [1m[93m^^^^^^^^^^^^^^^^^^^[0m

[1m[93mwarning[0m[1m[97m: function `check_asset_import_conflict` is never used[0m
   [1m[96m--> [0msrc\ui\views\manage\data.rs:605:14
    [1m[96m|[0m
[1m[96m605[0m [1m[96m|[0m pub async fn check_asset_import_conflict(
    [1m[96m|[0m              [1m[93m^^^^^^^^^^^^^^^^^^^^^^^^^^^[0m

[1m[93mwarning[0m[1m[97m: variant `LevelDat` is never constructed[0m
  [1m[96m--> [0msrc\ui\views\manage\dialogs.rs:48:5
   [1m[96m|[0m
[1m[96m39[0m [1m[96m|[0m pub(super) enum ValuePromptTarget {
   [1m[96m|[0m                 [1m[96m-----------------[0m [1m[96mvariant in this enum[0m
[1m[96m...[0m
[1m[96m48[0m [1m[96m|[0m     LevelDat(level_dat_editor::ValueFieldSpec),
   [1m[96m|[0m     [1m[93m^^^^^^^^[0m
   [1m[96m|[0m
   [1m[96m= [0m[1m[97mnote[0m: `ValuePromptTarget` has a derived impl for the trait `Clone`, but this is intentionally ignored during dead code analysis

[1m[93mwarning[0m[1m[97m: method `open_level_dat_value_prompt` is never used[0m
   [1m[96m--> [0msrc\ui\views\manage\level_dat_bridge.rs:242:12
    [1m[96m|[0m
[1m[96m  4[0m [1m[96m|[0m impl ManagePageView {
    [1m[96m|[0m [1m[96m-------------------[0m [1m[96mmethod in this implementation[0m
[1m[96m...[0m
[1m[96m242[0m [1m[96m|[0m     pub fn open_level_dat_value_prompt(
    [1m[96m|[0m            [1m[93m^^^^^^^^^^^^^^^^^^^^^^^^^^^[0m

[1m[93mwarning[0m[1m[97m: function `render` is never used[0m
  [1m[96m--> [0msrc\ui\views\manage\level_dat_editor.rs:57:8
   [1m[96m|[0m
[1m[96m57[0m [1m[96m|[0m pub fn render(
   [1m[96m|[0m        [1m[93m^^^^^^[0m

[1m[93mwarning[0m[1m[97m: function `field_exists` is never used[0m
   [1m[96m--> [0msrc\ui\views\manage\level_dat_schema.rs:764:8
    [1m[96m|[0m
[1m[96m764[0m [1m[96m|[0m pub fn field_exists(document: &LevelDatDocument, scope: TagScope, key: &str) -> bool {
    [1m[96m|[0m        [1m[93m^^^^^^^^^^^^[0m

[1m[93mwarning[0m[1m[97m: function `root_compound` is never used[0m
   [1m[96m--> [0msrc\ui\views\manage\level_dat_schema.rs:777:4
    [1m[96m|[0m
[1m[96m777[0m [1m[96m|[0m fn root_compound(document: &LevelDatDocument) -> Option<&indexmap::IndexMap<String, NbtTag>> {
    [1m[96m|[0m    [1m[93m^^^^^^^^^^^^^[0m

[1m[93mwarning[0m[1m[97m: method `refresh_server_motds` is never used[0m
   [1m[96m--> [0msrc\ui\views\manage\lifecycle.rs:888:19
    [1m[96m|[0m
[1m[96m145[0m [1m[96m|[0m impl ManagePageView {
    [1m[96m|[0m [1m[96m-------------------[0m [1m[96mmethod in this implementation[0m
[1m[96m...[0m
[1m[96m888[0m [1m[96m|[0m     pub(super) fn refresh_server_motds(&mut self, cx: &mut Context<Self>) {
    [1m[96m|[0m                   [1m[93m^^^^^^^^^^^^^^^^^^^^[0m

[1m[93mwarning[0m[1m[97m: function `mini_icon_button` is never used[0m
   [1m[96m--> [0msrc\ui\views\manage\shared.rs:268:15
    [1m[96m|[0m
[1m[96m268[0m [1m[96m|[0m pub(super) fn mini_icon_button(
    [1m[96m|[0m               [1m[93m^^^^^^^^^^^^^^^^[0m

[1m[93mwarning[0m[1m[97m: function `icon_badge` is never used[0m
   [1m[96m--> [0msrc\ui\views\manage\shared.rs:355:15
    [1m[96m|[0m
[1m[96m355[0m [1m[96m|[0m pub(super) fn icon_badge(colors: &ThemeColors, icon_path: &'static str) -> Div {
    [1m[96m|[0m               [1m[93m^^^^^^^^^^[0m

[1m[93mwarning[0m[1m[97m: fields `edition` and `gdk_user` are never read[0m
   [1m[96m--> [0msrc\ui\views\manage\state.rs:99:9
    [1m[96m|[0m
[1m[96m 85[0m [1m[96m|[0m pub struct ManageAssetEntry {
    [1m[96m|[0m            [1m[96m----------------[0m [1m[96mfields in this struct[0m
[1m[96m...[0m
[1m[96m 99[0m [1m[96m|[0m     pub edition: Option<SharedString>,
    [1m[96m|[0m         [1m[93m^^^^^^^[0m
[1m[96m100[0m [1m[96m|[0m     pub gdk_user: Option<SharedString>,
    [1m[96m|[0m         [1m[93m^^^^^^^^[0m
    [1m[96m|[0m
    [1m[96m= [0m[1m[97mnote[0m: `ManageAssetEntry` has derived impls for the traits `Debug` and `Clone`, but these are intentionally ignored during dead code analysis

[1m[93mwarning[0m[1m[97m: field `size_bytes` is never read[0m
   [1m[96m--> [0msrc\ui\views\manage\state.rs:123:9
    [1m[96m|[0m
[1m[96m114[0m [1m[96m|[0m pub struct ManageScreenshotEntry {
    [1m[96m|[0m            [1m[96m---------------------[0m [1m[96mfield in this struct[0m
[1m[96m...[0m
[1m[96m123[0m [1m[96m|[0m     pub size_bytes: Option<u64>,
    [1m[96m|[0m         [1m[93m^^^^^^^^^^[0m
    [1m[96m|[0m
    [1m[96m= [0m[1m[97mnote[0m: `ManageScreenshotEntry` has derived impls for the traits `Debug` and `Clone`, but these are intentionally ignored during dead code analysis

[1m[93mwarning[0m[1m[97m: fields `index`, `file_path`, and `line_number` are never read[0m
   [1m[96m--> [0msrc\ui\views\manage\state.rs:131:9
    [1m[96m|[0m
[1m[96m129[0m [1m[96m|[0m pub struct ManageServerEntry {
    [1m[96m|[0m            [1m[96m-----------------[0m [1m[96mfields in this struct[0m
[1m[96m130[0m [1m[96m|[0m     pub key: SharedString,
[1m[96m131[0m [1m[96m|[0m     pub index: usize,
    [1m[96m|[0m         [1m[93m^^^^^[0m
[1m[96m...[0m
[1m[96m135[0m [1m[96m|[0m     pub file_path: SharedString,
    [1m[96m|[0m         [1m[93m^^^^^^^^^[0m
[1m[96m136[0m [1m[96m|[0m     pub line_number: usize,
    [1m[96m|[0m         [1m[93m^^^^^^^^^^^[0m
    [1m[96m|[0m
    [1m[96m= [0m[1m[97mnote[0m: `ManageServerEntry` has derived impls for the traits `Debug` and `Clone`, but these are intentionally ignored during dead code analysis

[1m[93mwarning[0m[1m[97m: field `id` is never read[0m
   [1m[96m--> [0msrc\ui\views\manage\state.rs:373:9
    [1m[96m|[0m
[1m[96m372[0m [1m[96m|[0m pub struct ManagedModLoader {
    [1m[96m|[0m            [1m[96m----------------[0m [1m[96mfield in this struct[0m
[1m[96m373[0m [1m[96m|[0m     pub id: SharedString,
    [1m[96m|[0m         [1m[93m^^[0m
    [1m[96m|[0m
    [1m[96m= [0m[1m[97mnote[0m: `ManagedModLoader` has derived impls for the traits `Debug` and `Clone`, but these are intentionally ignored during dead code analysis

[1m[93mwarning[0m[1m[97m: function `parse_dependency_groups` is never used[0m
   [1m[96m--> [0msrc\ui\views\settings\about\dependencies.rs:538:4
    [1m[96m|[0m
[1m[96m538[0m [1m[96m|[0m fn parse_dependency_groups(manifest: &str) -> Result<Vec<DependencyGroup>, toml::de::Error> {
    [1m[96m|[0m    [1m[93m^^^^^^^^^^^^^^^^^^^^^^^[0m

[1m[93mwarning[0m[1m[97m: function `page_shell` is never used[0m
   [1m[96m--> [0msrc\ui\views\settings\common.rs:613:15
    [1m[96m|[0m
[1m[96m613[0m [1m[96m|[0m pub(super) fn page_shell(
    [1m[96m|[0m               [1m[93m^^^^^^^^^^[0m

[1m[93mwarning[0m[1m[97m: field `plugin_compact` is never read[0m
  [1m[96m--> [0msrc\ui\views\settings\layout.rs:15:16
   [1m[96m|[0m
[1m[96m 6[0m [1m[96m|[0m pub(super) struct SettingsLayout {
   [1m[96m|[0m                   [1m[96m--------------[0m [1m[96mfield in this struct[0m
[1m[96m...[0m
[1m[96m15[0m [1m[96m|[0m     pub(super) plugin_compact: bool,
   [1m[96m|[0m                [1m[93m^^^^^^^^^^^^^^[0m
   [1m[96m|[0m
   [1m[96m= [0m[1m[97mnote[0m: `SettingsLayout` has derived impls for the traits `Debug` and `Clone`, but these are intentionally ignored during dead code analysis

[1m[93mwarning[0m[1m[97m: function `section_placeholder` is never used[0m
  [1m[96m--> [0msrc\ui\views\settings\rows.rs:21:15
   [1m[96m|[0m
[1m[96m21[0m [1m[96m|[0m pub(super) fn section_placeholder(
   [1m[96m|[0m               [1m[93m^^^^^^^^^^^^^^^^^^^[0m

[1m[93mwarning[0m[1m[97m: fields `name` and `url` are never read[0m
  [1m[96m--> [0msrc\ui\views\settings\state.rs:58:9
   [1m[96m|[0m
[1m[96m55[0m [1m[96m|[0m pub struct LauncherConnectivityItem {
   [1m[96m|[0m            [1m[96m------------------------[0m [1m[96mfields in this struct[0m
[1m[96m...[0m
[1m[96m58[0m [1m[96m|[0m     pub name: SharedString,
   [1m[96m|[0m         [1m[93m^^^^[0m
[1m[96m59[0m [1m[96m|[0m     pub url: SharedString,
   [1m[96m|[0m         [1m[93m^^^[0m
   [1m[96m|[0m
   [1m[96m= [0m[1m[97mnote[0m: `LauncherConnectivityItem` has derived impls for the traits `Debug` and `Clone`, but these are intentionally ignored during dead code analysis

[1m[93mwarning[0m[1m[97m: field `all_sum_amount` is never read[0m
   [1m[96m--> [0msrc\ui\views\settings\state.rs:176:9
    [1m[96m|[0m
[1m[96m172[0m [1m[96m|[0m pub struct AboutSponsorEntry {
    [1m[96m|[0m            [1m[96m-----------------[0m [1m[96mfield in this struct[0m
[1m[96m...[0m
[1m[96m176[0m [1m[96m|[0m     pub all_sum_amount: SharedString,
    [1m[96m|[0m         [1m[93m^^^^^^^^^^^^^^[0m
    [1m[96m|[0m
    [1m[96m= [0m[1m[97mnote[0m: `AboutSponsorEntry` has derived impls for the traits `Debug` and `Clone`, but these are intentionally ignored during dead code analysis

[1m[93mwarning[0m[1m[97m: method `open_font_restart_confirm` is never used[0m
   [1m[96m--> [0msrc\ui\views\settings\state.rs:397:12
    [1m[96m|[0m
[1m[96m295[0m [1m[96m|[0m impl SettingsPageState {
    [1m[96m|[0m [1m[96m----------------------[0m [1m[96mmethod in this implementation[0m
[1m[96m...[0m
[1m[96m397[0m [1m[96m|[0m     pub fn open_font_restart_confirm(&mut self) {
    [1m[96m|[0m            [1m[93m^^^^^^^^^^^^^^^^^^^^^^^^^[0m

[1m[93mwarning[0m[1m[97m: function `render_tabs` is never used[0m
  [1m[96m--> [0msrc\ui\views\settings\tabs.rs:50:15
   [1m[96m|[0m
[1m[96m50[0m [1m[96m|[0m pub(super) fn render_tabs(
   [1m[96m|[0m               [1m[93m^^^^^^^^^^^[0m

[1m[93mwarning[0m[1m[97m: variant `DeleteDownloadFile` is never constructed[0m
  [1m[96m--> [0msrc\ui\views\tasks.rs:49:5
   [1m[96m|[0m
[1m[96m46[0m [1m[96m|[0m pub(super) enum TaskConfirmAction {
   [1m[96m|[0m                 [1m[96m-----------------[0m [1m[96mvariant in this enum[0m
[1m[96m...[0m
[1m[96m49[0m [1m[96m|[0m     DeleteDownloadFile,
   [1m[96m|[0m     [1m[93m^^^^^^^^^^^^^^^^^^[0m
   [1m[96m|[0m
   [1m[96m= [0m[1m[97mnote[0m: `TaskConfirmAction` has a derived impl for the trait `Clone`, but this is intentionally ignored during dead code analysis

[1m[93mwarning[0m[1m[97m: function `hold_deadline` is never used[0m
   [1m[96m--> [0msrc\ui\views\tasks.rs:533:4
    [1m[96m|[0m
[1m[96m533[0m [1m[96m|[0m fn hold_deadline(now: Instant, status: &str, user_cancelled: bool) -> Option<Instant> {
    [1m[96m|[0m    [1m[93m^^^^^^^^^^^^^[0m

[1m[93mwarning[0m[1m[97m: function `task_card_bg` is never used[0m
  [1m[96m--> [0msrc\ui\views\tasks\render\shell.rs:28:15
   [1m[96m|[0m
[1m[96m28[0m [1m[96m|[0m pub(crate) fn task_card_bg(colors: &ThemeColors) -> Hsla {
   [1m[96m|[0m               [1m[93m^^^^^^^^^^^^[0m

[1m[93mwarning[0m[1m[97m: function `render_collapsed_hint` is never used[0m
   [1m[96m--> [0msrc\ui\views\tools\online\peers.rs:222:4
    [1m[96m|[0m
[1m[96m222[0m [1m[96m|[0m fn render_collapsed_hint(colors: &ThemeColors, state: &ToolsPageState) -> Div {
    [1m[96m|[0m    [1m[93m^^^^^^^^^^^^^^^^^^^^^[0m

[1m[93mwarning[0m[1m[97m: function `debug_window_is_open` is never used[0m
   [1m[96m--> [0msrc\ui\window\debug\devtools.rs:146:8
    [1m[96m|[0m
[1m[96m146[0m [1m[96m|[0m pub fn debug_window_is_open(cx: &App) -> bool {
    [1m[96m|[0m        [1m[93m^^^^^^^^^^^^^^^^^^^^[0m

[1m[93mwarning[0m[1m[97m: function `section_divider` is never used[0m
   [1m[96m--> [0msrc\ui\window\import\view.rs:927:4
    [1m[96m|[0m
[1m[96m927[0m [1m[96m|[0m fn section_divider(colors: &ThemeColors) -> Div {
    [1m[96m|[0m    [1m[93m^^^^^^^^^^^^^^^[0m

[1m[93mwarning[0m[1m[97m: variant `ToggleLeftPanel` is never constructed[0m
  [1m[96m--> [0msrc\ui\window\map_viewer\actions.rs:51:5
   [1m[96m|[0m
[1m[96m45[0m [1m[96m|[0m pub enum MapViewerAction {
   [1m[96m|[0m          [1m[96m---------------[0m [1m[96mvariant in this enum[0m
[1m[96m...[0m
[1m[96m51[0m [1m[96m|[0m     ToggleLeftPanel,
   [1m[96m|[0m     [1m[93m^^^^^^^^^^^^^^^[0m
   [1m[96m|[0m
   [1m[96m= [0m[1m[97mnote[0m: `MapViewerAction` has derived impls for the traits `Debug` and `Clone`, but these are intentionally ignored during dead code analysis

[1m[93mwarning[0m[1m[97m: method `query_selection_stats` is never used[0m
   [1m[96m--> [0msrc\ui\window\map_viewer\editor.rs:510:19
    [1m[96m|[0m
[1m[96m 10[0m [1m[96m|[0m impl MapViewerWindowView {
    [1m[96m|[0m [1m[96m------------------------[0m [1m[96mmethod in this implementation[0m
[1m[96m...[0m
[1m[96m510[0m [1m[96m|[0m     pub(super) fn query_selection_stats(&mut self, cx: &mut Context<Self>) {
    [1m[96m|[0m                   [1m[93m^^^^^^^^^^^^^^^^^^^^^[0m

[1m[93mwarning[0m[1m[97m: function `selection_stats_panel` is never used[0m
    [1m[96m--> [0msrc\ui\window\map_viewer\editor.rs:1274:15
     [1m[96m|[0m
[1m[96m1274[0m [1m[96m|[0m pub(super) fn selection_stats_panel(stats: SelectionStats) -> ProfessionalDetail {
     [1m[96m|[0m               [1m[93m^^^^^^^^^^^^^^^^^^^^^[0m

[1m[93mwarning[0m[1m[97m: function `tile_count_for_viewport` is never used[0m
   [1m[96m--> [0msrc\ui\window\map_viewer\helpers.rs:133:15
    [1m[96m|[0m
[1m[96m133[0m [1m[96m|[0m pub(super) fn tile_count_for_viewport(viewport: MapViewport, radius: i32) -> Option<usize> {
    [1m[96m|[0m               [1m[93m^^^^^^^^^^^^^^^^^^^^^^^[0m

[1m[93mwarning[0m[1m[97m: methods `toggle_right_panel`, `export_selection_as_obj`, and `copy_current_chunk` are never used[0m
    [1m[96m--> [0msrc\ui\window\map_viewer\interactions.rs:308:19
     [1m[96m|[0m
[1m[96m  28[0m [1m[96m|[0m impl MapViewerWindowView {
     [1m[96m|[0m [1m[96m------------------------[0m [1m[96mmethods in this implementation[0m
[1m[96m...[0m
[1m[96m 308[0m [1m[96m|[0m     pub(super) fn toggle_right_panel(&mut self, cx: &mut Context<Self>) {
     [1m[96m|[0m                   [1m[93m^^^^^^^^^^^^^^^^^^[0m
[1m[96m...[0m
[1m[96m1945[0m [1m[96m|[0m     pub(super) fn export_selection_as_obj(&mut self, cx: &mut Context<Self>) {
     [1m[96m|[0m                   [1m[93m^^^^^^^^^^^^^^^^^^^^^^^[0m
[1m[96m...[0m
[1m[96m3189[0m [1m[96m|[0m     pub(super) fn copy_current_chunk(&mut self, cx: &mut Context<Self>) {
     [1m[96m|[0m                   [1m[93m^^^^^^^^^^^^^^^^^^[0m

[1m[93mwarning[0m[1m[97m: function `preview_3d_resource_package_paths` is never used[0m
    [1m[96m--> [0msrc\ui\window\map_viewer\interactions.rs:3745:4
     [1m[96m|[0m
[1m[96m3745[0m [1m[96m|[0m fn preview_3d_resource_package_paths(world_path: &Path, cx: &App) -> Vec<PathBuf> {
     [1m[96m|[0m    [1m[93m^^^^^^^^^^^^^^^^^^^^^^^^^^^^^^^^^[0m

[1m[93mwarning[0m[1m[97m: methods `prepare_viewport_images_for_zoom`, `delay_render_image_drop`, and `schedule_chunk_patch_refresh` are never used[0m
    [1m[96m--> [0msrc\ui\window\map_viewer\lifecycle.rs:186:19
     [1m[96m|[0m
[1m[96m 161[0m [1m[96m|[0m impl MapViewerWindowView {
     [1m[96m|[0m [1m[96m------------------------[0m [1m[96mmethods in this implementation[0m
[1m[96m...[0m
[1m[96m 186[0m [1m[96m|[0m     pub(super) fn prepare_viewport_images_for_zoom(&mut self, _cx: &mut Context<Self>) -> bool {
     [1m[96m|[0m                   [1m[93m^^^^^^^^^^^^^^^^^^^^^^^^^^^^^^^^[0m
[1m[96m...[0m
[1m[96m 206[0m [1m[96m|[0m     fn delay_render_image_drop(&mut self, image: Arc<RenderImage>, cx: &mut Context<Self>) {
     [1m[96m|[0m        [1m[93m^^^^^^^^^^^^^^^^^^^^^^^[0m
[1m[96m...[0m
[1m[96m1453[0m [1m[96m|[0m     pub(super) fn schedule_chunk_patch_refresh(
     [1m[96m|[0m                   [1m[93m^^^^^^^^^^^^^^^^^^^^^^^^^^^^[0m

[1m[93mwarning[0m[1m[97m: function `should_probe_edit_refresh_occupancy` is never used[0m
    [1m[96m--> [0msrc\ui\window\map_viewer\lifecycle.rs:3513:21
     [1m[96m|[0m
[1m[96m3513[0m [1m[96m|[0m pub(super) const fn should_probe_edit_refresh_occupancy(
     [1m[96m|[0m                     [1m[93m^^^^^^^^^^^^^^^^^^^^^^^^^^^^^^^^^^^[0m

[1m[93mwarning[0m[1m[97m: fields `max_column_blocks`, `terrain_records`, `block_entity_records`, `entity_records`, and `metadata_records` are never read[0m
   [1m[96m--> [0msrc\ui\window\map_viewer\map_history.rs:248:16
    [1m[96m|[0m
[1m[96m238[0m [1m[96m|[0m pub(super) struct MapHistoryChunkVisual {
    [1m[96m|[0m                   [1m[96m---------------------[0m [1m[96mfields in this struct[0m
[1m[96m...[0m
[1m[96m248[0m [1m[96m|[0m     pub(super) max_column_blocks: u16,
    [1m[96m|[0m                [1m[93m^^^^^^^^^^^^^^^^^[0m
[1m[96m...[0m
[1m[96m251[0m [1m[96m|[0m     pub(super) terrain_records: usize,
    [1m[96m|[0m                [1m[93m^^^^^^^^^^^^^^^[0m
[1m[96m252[0m [1m[96m|[0m     pub(super) block_entity_records: usize,
    [1m[96m|[0m                [1m[93m^^^^^^^^^^^^^^^^^^^^[0m
[1m[96m253[0m [1m[96m|[0m     pub(super) entity_records: usize,
    [1m[96m|[0m                [1m[93m^^^^^^^^^^^^^^[0m
[1m[96m254[0m [1m[96m|[0m     pub(super) metadata_records: usize,
    [1m[96m|[0m                [1m[93m^^^^^^^^^^^^^^^^[0m
    [1m[96m|[0m
    [1m[96m= [0m[1m[97mnote[0m: `MapHistoryChunkVisual` has derived impls for the traits `Debug` and `Clone`, but these are intentionally ignored during dead code analysis

[1m[93mwarning[0m[1m[97m: methods `total_blocks`, `total_records`, and `record_only_diff` are never used[0m
   [1m[96m--> [0msrc\ui\window\map_viewer\map_history.rs:258:25
    [1m[96m|[0m
[1m[96m257[0m [1m[96m|[0m impl MapHistoryChunkVisual {
    [1m[96m|[0m [1m[96m--------------------------[0m [1m[96mmethods in this implementation[0m
[1m[96m258[0m [1m[96m|[0m     pub(super) const fn total_blocks(&self) -> u32 {
    [1m[96m|[0m                         [1m[93m^^^^^^^^^^^^[0m
[1m[96m...[0m
[1m[96m264[0m [1m[96m|[0m     pub(super) const fn total_records(&self) -> usize {
    [1m[96m|[0m                         [1m[93m^^^^^^^^^^^^^[0m
[1m[96m...[0m
[1m[96m360[0m [1m[96m|[0m     pub(super) const fn record_only_diff(&self) -> bool {
    [1m[96m|[0m                         [1m[93m^^^^^^^^^^^^^^^^[0m

[1m[93mwarning[0m[1m[97m: constant `UI_BLOCKS_PER_PIXEL` is never used[0m
  [1m[96m--> [0msrc\ui\window\map_viewer\model.rs:15:18
   [1m[96m|[0m
[1m[96m15[0m [1m[96m|[0m pub(super) const UI_BLOCKS_PER_PIXEL: u32 = 1;
   [1m[96m|[0m                  [1m[93m^^^^^^^^^^^^^^^^^^^[0m

[1m[93mwarning[0m[1m[97m: constant `UI_PIXELS_PER_BLOCK` is never used[0m
  [1m[96m--> [0msrc\ui\window\map_viewer\model.rs:16:18
   [1m[96m|[0m
[1m[96m16[0m [1m[96m|[0m pub(super) const UI_PIXELS_PER_BLOCK: u32 = 4;
   [1m[96m|[0m                  [1m[93m^^^^^^^^^^^^^^^^^^^[0m

[1m[93mwarning[0m[1m[97m: constant `DRAG_RENDER_IMAGE_EVICTION_DELAY` is never used[0m
  [1m[96m--> [0msrc\ui\window\map_viewer\model.rs:24:18
   [1m[96m|[0m
[1m[96m24[0m [1m[96m|[0m pub(super) const DRAG_RENDER_IMAGE_EVICTION_DELAY: Duration = Duration::from_millis(120);
   [1m[96m|[0m                  [1m[93m^^^^^^^^^^^^^^^^^^^^^^^^^^^^^^^^[0m

[1m[93mwarning[0m[1m[97m: constant `MIN_UI_TILE_MEMORY_BUDGET_BYTES` is never used[0m
  [1m[96m--> [0msrc\ui\window\map_viewer\model.rs:33:18
   [1m[96m|[0m
[1m[96m33[0m [1m[96m|[0m pub(super) const MIN_UI_TILE_MEMORY_BUDGET_BYTES: usize = 16 * 1024 * 1024;
   [1m[96m|[0m                  [1m[93m^^^^^^^^^^^^^^^^^^^^^^^^^^^^^^^[0m

[1m[93mwarning[0m[1m[97m: constant `MAX_UI_TILE_MEMORY_BUDGET_BYTES` is never used[0m
  [1m[96m--> [0msrc\ui\window\map_viewer\model.rs:34:18
   [1m[96m|[0m
[1m[96m34[0m [1m[96m|[0m pub(super) const MAX_UI_TILE_MEMORY_BUDGET_BYTES: usize = 96 * 1024 * 1024;
   [1m[96m|[0m                  [1m[93m^^^^^^^^^^^^^^^^^^^^^^^^^^^^^^^[0m

[1m[93mwarning[0m[1m[97m: constant `TILE_SEAM_BLEED_PX` is never used[0m
  [1m[96m--> [0msrc\ui\window\map_viewer\model.rs:46:18
   [1m[96m|[0m
[1m[96m46[0m [1m[96m|[0m pub(super) const TILE_SEAM_BLEED_PX: f32 = 0.0;
   [1m[96m|[0m                  [1m[93m^^^^^^^^^^^^^^^^^^[0m

[1m[93mwarning[0m[1m[97m: constant `INTERACTION_VISIBLE_TILE_FOREGROUND_WORK_LIMIT` is never used[0m
  [1m[96m--> [0msrc\ui\window\map_viewer\model.rs:57:18
   [1m[96m|[0m
[1m[96m57[0m [1m[96m|[0m pub(super) const INTERACTION_VISIBLE_TILE_FOREGROUND_WORK_LIMIT: usize = 48;
   [1m[96m|[0m                  [1m[93m^^^^^^^^^^^^^^^^^^^^^^^^^^^^^^^^^^^^^^^^^^^^^^[0m

[1m[93mwarning[0m[1m[97m: constant `VIEWPORT_TILE_SYNC_INTERVAL` is never used[0m
  [1m[96m--> [0msrc\ui\window\map_viewer\model.rs:95:18
   [1m[96m|[0m
[1m[96m95[0m [1m[96m|[0m pub(super) const VIEWPORT_TILE_SYNC_INTERVAL: Duration = Duration::from_millis(80);
   [1m[96m|[0m                  [1m[93m^^^^^^^^^^^^^^^^^^^^^^^^^^^[0m

[1m[93mwarning[0m[1m[97m: method `label` is never used[0m
   [1m[96m--> [0msrc\ui\window\map_viewer\model.rs:399:25
    [1m[96m|[0m
[1m[96m390[0m [1m[96m|[0m impl SlimeQueryWindowSize {
    [1m[96m|[0m [1m[96m-------------------------[0m [1m[96mmethod in this implementation[0m
[1m[96m...[0m
[1m[96m399[0m [1m[96m|[0m     pub(super) const fn label(self) -> &'static str {
    [1m[96m|[0m                         [1m[93m^^^^^[0m

[1m[93mwarning[0m[1m[97m: variant `Selection` is never constructed[0m
   [1m[96m--> [0msrc\ui\window\map_viewer\model.rs:418:5
    [1m[96m|[0m
[1m[96m409[0m [1m[96m|[0m pub(super) enum ProfessionalDetail {
    [1m[96m|[0m                 [1m[96m------------------[0m [1m[96mvariant in this enum[0m
[1m[96m...[0m
[1m[96m418[0m [1m[96m|[0m     Selection {
    [1m[96m|[0m     [1m[93m^^^^^^^^^[0m
    [1m[96m|[0m
    [1m[96m= [0m[1m[97mnote[0m: `ProfessionalDetail` has derived impls for the traits `Debug` and `Clone`, but these are intentionally ignored during dead code analysis

[1m[93mwarning[0m[1m[97m: variant `PasteCopiedChunk` is never constructed[0m
   [1m[96m--> [0msrc\ui\window\map_viewer\model.rs:706:5
    [1m[96m|[0m
[1m[96m701[0m [1m[96m|[0m pub(super) enum QuickWriteAction {
    [1m[96m|[0m                 [1m[96m----------------[0m [1m[96mvariant in this enum[0m
[1m[96m...[0m
[1m[96m706[0m [1m[96m|[0m     PasteCopiedChunk {
    [1m[96m|[0m     [1m[93m^^^^^^^^^^^^^^^^[0m
    [1m[96m|[0m
    [1m[96m= [0m[1m[97mnote[0m: `QuickWriteAction` has derived impls for the traits `Debug` and `Clone`, but these are intentionally ignored during dead code analysis

[1m[93mwarning[0m[1m[97m: associated function `from_single_chunk` is never used[0m
   [1m[96m--> [0msrc\ui\window\map_viewer\model.rs:978:19
    [1m[96m|[0m
[1m[96m977[0m [1m[96m|[0m impl CopiedChunkData {
    [1m[96m|[0m [1m[96m--------------------[0m [1m[96massociated function in this implementation[0m
[1m[96m978[0m [1m[96m|[0m     pub(super) fn from_single_chunk(
    [1m[96m|[0m                   [1m[93m^^^^^^^^^^^^^^^^^[0m

[1m[93mwarning[0m[1m[97m: field `items` is never read[0m
    [1m[96m--> [0msrc\ui\window\map_viewer\model.rs:1149:16
     [1m[96m|[0m
[1m[96m1143[0m [1m[96m|[0m pub(super) struct PlayerDetail {
     [1m[96m|[0m                   [1m[96m------------[0m [1m[96mfield in this struct[0m
[1m[96m...[0m
[1m[96m1149[0m [1m[96m|[0m     pub(super) items: Vec<bedrock_world::ItemStack>,
     [1m[96m|[0m                [1m[93m^^^^^[0m
     [1m[96m|[0m
     [1m[96m= [0m[1m[97mnote[0m: `PlayerDetail` has derived impls for the traits `Debug` and `Clone`, but these are intentionally ignored during dead code analysis

[1m[93mwarning[0m[1m[97m: associated function `from_query` is never used[0m
    [1m[96m--> [0msrc\ui\window\map_viewer\model.rs:1270:19
     [1m[96m|[0m
[1m[96m1194[0m [1m[96m|[0m impl ProfessionalOverlayPaintCache {
     [1m[96m|[0m [1m[96m----------------------------------[0m [1m[96massociated function in this implementation[0m
[1m[96m...[0m
[1m[96m1270[0m [1m[96m|[0m     pub(super) fn from_query(query: &RegionOverlayQuery) -> Self {
     [1m[96m|[0m                   [1m[93m^^^^^^^^^^[0m

[1m[93mwarning[0m[1m[97m: function `map_info_tile_coordinates` is never used[0m
   [1m[96m--> [0msrc\ui\window\map_viewer\overlays.rs:877:4
    [1m[96m|[0m
[1m[96m877[0m [1m[96m|[0m fn map_info_tile_coordinates(bounds: SlimeChunkBounds, chunks_per_tile: u16) -> Vec<(i32, i32)> {
    [1m[96m|[0m    [1m[93m^^^^^^^^^^^^^^^^^^^^^^^^^[0m

[1m[93mwarning[0m[1m[97m: function `separator` is never used[0m
   [1m[96m--> [0msrc\ui\window\map_viewer\panels.rs:866:15
    [1m[96m|[0m
[1m[96m866[0m [1m[96m|[0m pub(super) fn separator(colors: &ThemeColors) -> Div {
    [1m[96m|[0m               [1m[93m^^^^^^^^^[0m

[1m[93mwarning[0m[1m[97m: multiple methods are never used[0m
   [1m[96m--> [0msrc\ui\window\map_viewer\player_panel.rs:7:19
    [1m[96m|[0m
[1m[96m  6[0m [1m[96m|[0m impl MapViewerWindowView {
    [1m[96m|[0m [1m[96m------------------------[0m [1m[96mmethods in this implementation[0m
[1m[96m  7[0m [1m[96m|[0m     pub(super) fn render_players_panel(&self, colors: &ThemeColors, cx: &mut Context<Self>) -> Div {
    [1m[96m|[0m                   [1m[93m^^^^^^^^^^^^^^^^^^^^[0m
[1m[96m...[0m
[1m[96m 36[0m [1m[96m|[0m     fn render_player_list_panel(&self, colors: &ThemeColors, cx: &mut Context<Self>) -> Div {
    [1m[96m|[0m        [1m[93m^^^^^^^^^^^^^^^^^^^^^^^^[0m
[1m[96m...[0m
[1m[96m113[0m [1m[96m|[0m     pub(super) fn render_player_row(
    [1m[96m|[0m                   [1m[93m^^^^^^^^^^^^^^^^^[0m
[1m[96m...[0m
[1m[96m235[0m [1m[96m|[0m     pub(super) fn render_player_detail(&self, colors: &ThemeColors, cx: &mut Context<Self>) -> Div {
    [1m[96m|[0m                   [1m[93m^^^^^^^^^^^^^^^^^^^^[0m
[1m[96m...[0m
[1m[96m315[0m [1m[96m|[0m     fn render_player_inventory_section(
    [1m[96m|[0m        [1m[93m^^^^^^^^^^^^^^^^^^^^^^^^^^^^^^^[0m
[1m[96m...[0m
[1m[96m369[0m [1m[96m|[0m     fn render_player_inventory_entry(
    [1m[96m|[0m        [1m[93m^^^^^^^^^^^^^^^^^^^^^^^^^^^^^[0m
[1m[96m...[0m
[1m[96m633[0m [1m[96m|[0m     fn render_player_enchant_editor(
    [1m[96m|[0m        [1m[93m^^^^^^^^^^^^^^^^^^^^^^^^^^^^[0m
[1m[96m...[0m
[1m[96m813[0m [1m[96m|[0m     fn render_player_item_add_section(
    [1m[96m|[0m        [1m[93m^^^^^^^^^^^^^^^^^^^^^^^^^^^^^^[0m

[1m[93mwarning[0m[1m[97m: function `player_item_action_button` is never used[0m
   [1m[96m--> [0msrc\ui\window\map_viewer\player_panel.rs:999:4
    [1m[96m|[0m
[1m[96m999[0m [1m[96m|[0m fn player_item_action_button(colors: &ThemeColors, label: impl Into<SharedString>) -> Div {
    [1m[96m|[0m    [1m[93m^^^^^^^^^^^^^^^^^^^^^^^^^[0m

[1m[93mwarning[0m[1m[97m: constant `PLAYER_MAIN_INVENTORY_SIZE` is never used[0m
  [1m[96m--> [0msrc\ui\window\map_viewer\players.rs:10:7
   [1m[96m|[0m
[1m[96m10[0m [1m[96m|[0m const PLAYER_MAIN_INVENTORY_SIZE: i32 = 36;
   [1m[96m|[0m       [1m[93m^^^^^^^^^^^^^^^^^^^^^^^^^^[0m

[1m[93mwarning[0m[1m[97m: field `list_index` is never read[0m
   [1m[96m--> [0msrc\ui\window\map_viewer\players.rs:149:16
    [1m[96m|[0m
[1m[96m148[0m [1m[96m|[0m pub(super) struct PlayerEnchantEntry {
    [1m[96m|[0m                   [1m[96m------------------[0m [1m[96mfield in this struct[0m
[1m[96m149[0m [1m[96m|[0m     pub(super) list_index: usize,
    [1m[96m|[0m                [1m[93m^^^^^^^^^^[0m
    [1m[96m|[0m
    [1m[96m= [0m[1m[97mnote[0m: `PlayerEnchantEntry` has derived impls for the traits `Debug` and `Clone`, but these are intentionally ignored during dead code analysis

[1m[93mwarning[0m[1m[97m: field `label` is never read[0m
   [1m[96m--> [0msrc\ui\window\map_viewer\players.rs:157:16
    [1m[96m|[0m
[1m[96m155[0m [1m[96m|[0m pub(super) struct PlayerItemTexture {
    [1m[96m|[0m                   [1m[96m-----------------[0m [1m[96mfield in this struct[0m
[1m[96m156[0m [1m[96m|[0m     pub(super) id: SharedString,
[1m[96m157[0m [1m[96m|[0m     pub(super) label: SharedString,
    [1m[96m|[0m                [1m[93m^^^^^[0m
    [1m[96m|[0m
    [1m[96m= [0m[1m[97mnote[0m: `PlayerItemTexture` has derived impls for the traits `Debug` and `Clone`, but these are intentionally ignored during dead code analysis

[1m[93mwarning[0m[1m[97m: enum `PlayerItemMutation` is never used[0m
   [1m[96m--> [0msrc\ui\window\map_viewer\players.rs:162:17
    [1m[96m|[0m
[1m[96m162[0m [1m[96m|[0m pub(super) enum PlayerItemMutation {
    [1m[96m|[0m                 [1m[93m^^^^^^^^^^^^^^^^^^[0m

[1m[93mwarning[0m[1m[97m: method `history_label` is never used[0m
   [1m[96m--> [0msrc\ui\window\map_viewer\players.rs:225:8
    [1m[96m|[0m
[1m[96m224[0m [1m[96m|[0m impl PlayerItemMutation {
    [1m[96m|[0m [1m[96m-----------------------[0m [1m[96mmethod in this implementation[0m
[1m[96m225[0m [1m[96m|[0m     fn history_label(&self) -> String {
    [1m[96m|[0m        [1m[93m^^^^^^^^^^^^^[0m

[1m[93mwarning[0m[1m[97m: methods `add_player_item_from_clipboard`, `set_player_item_name_from_clipboard`, `set_player_item_lore_from_clipboard`, `add_player_item_enchant_from_clipboard`, and `run_player_item_mutation` are never used[0m
   [1m[96m--> [0msrc\ui\window\map_viewer\players.rs:506:19
    [1m[96m|[0m
[1m[96m258[0m [1m[96m|[0m impl MapViewerWindowView {
    [1m[96m|[0m [1m[96m------------------------[0m [1m[96mmethods in this implementation[0m
[1m[96m...[0m
[1m[96m506[0m [1m[96m|[0m     pub(super) fn add_player_item_from_clipboard(&mut self, cx: &mut Context<Self>) {
    [1m[96m|[0m                   [1m[93m^^^^^^^^^^^^^^^^^^^^^^^^^^^^^^[0m
[1m[96m...[0m
[1m[96m523[0m [1m[96m|[0m     pub(super) fn set_player_item_name_from_clipboard(
    [1m[96m|[0m                   [1m[93m^^^^^^^^^^^^^^^^^^^^^^^^^^^^^^^^^^^[0m
[1m[96m...[0m
[1m[96m545[0m [1m[96m|[0m     pub(super) fn set_player_item_lore_from_clipboard(
    [1m[96m|[0m                   [1m[93m^^^^^^^^^^^^^^^^^^^^^^^^^^^^^^^^^^^[0m
[1m[96m...[0m
[1m[96m573[0m [1m[96m|[0m     pub(super) fn add_player_item_enchant_from_clipboard(
    [1m[96m|[0m                   [1m[93m^^^^^^^^^^^^^^^^^^^^^^^^^^^^^^^^^^^^^^[0m
[1m[96m...[0m
[1m[96m597[0m [1m[96m|[0m     pub(super) fn run_player_item_mutation(
    [1m[96m|[0m                   [1m[93m^^^^^^^^^^^^^^^^^^^^^^^^[0m

[1m[93mwarning[0m[1m[97m: function `player_item_lore_count` is never used[0m
    [1m[96m--> [0msrc\ui\window\map_viewer\players.rs:1155:15
     [1m[96m|[0m
[1m[96m1155[0m [1m[96m|[0m pub(super) fn player_item_lore_count(tag: &NbtTag) -> usize {
     [1m[96m|[0m               [1m[93m^^^^^^^^^^^^^^^^^^^^^^[0m

[1m[93mwarning[0m[1m[97m: function `apply_player_item_mutation` is never used[0m
    [1m[96m--> [0msrc\ui\window\map_viewer\players.rs:1259:15
     [1m[96m|[0m
[1m[96m1259[0m [1m[96m|[0m pub(super) fn apply_player_item_mutation(
     [1m[96m|[0m               [1m[93m^^^^^^^^^^^^^^^^^^^^^^^^^^[0m

[1m[93mwarning[0m[1m[97m: function `inventory_list_mut` is never used[0m
    [1m[96m--> [0msrc\ui\window\map_viewer\players.rs:1433:4
     [1m[96m|[0m
[1m[96m1433[0m [1m[96m|[0m fn inventory_list_mut(
     [1m[96m|[0m    [1m[93m^^^^^^^^^^^^^^^^^^[0m

[1m[93mwarning[0m[1m[97m: function `inventory_item_mut` is never used[0m
    [1m[96m--> [0msrc\ui\window\map_viewer\players.rs:1448:4
     [1m[96m|[0m
[1m[96m1448[0m [1m[96m|[0m fn inventory_item_mut(
     [1m[96m|[0m    [1m[93m^^^^^^^^^^^^^^^^^^[0m

[1m[93mwarning[0m[1m[97m: function `item_compound_mut` is never used[0m
    [1m[96m--> [0msrc\ui\window\map_viewer\players.rs:1458:4
     [1m[96m|[0m
[1m[96m1458[0m [1m[96m|[0m fn item_compound_mut(tag: &mut NbtTag) -> Result<&mut indexmap::IndexMap<String, NbtTag>, String> {
     [1m[96m|[0m    [1m[93m^^^^^^^^^^^^^^^^^[0m

[1m[93mwarning[0m[1m[97m: function `nested_compound_mut` is never used[0m
    [1m[96m--> [0msrc\ui\window\map_viewer\players.rs:1465:4
     [1m[96m|[0m
[1m[96m1465[0m [1m[96m|[0m fn nested_compound_mut<'a>(
     [1m[96m|[0m    [1m[93m^^^^^^^^^^^^^^^^^^^[0m

[1m[93mwarning[0m[1m[97m: function `nested_list_mut` is never used[0m
    [1m[96m--> [0msrc\ui\window\map_viewer\players.rs:1478:4
     [1m[96m|[0m
[1m[96m1478[0m [1m[96m|[0m fn nested_list_mut<'a>(
     [1m[96m|[0m    [1m[93m^^^^^^^^^^^^^^^[0m

[1m[93mwarning[0m[1m[97m: function `next_free_slot` is never used[0m
    [1m[96m--> [0msrc\ui\window\map_viewer\players.rs:1491:4
     [1m[96m|[0m
[1m[96m1491[0m [1m[96m|[0m fn next_free_slot(items: &[NbtTag], max_slots: i32) -> Option<i32> {
     [1m[96m|[0m    [1m[93m^^^^^^^^^^^^^^[0m

[1m[93mwarning[0m[1m[97m: function `replace_empty_slot_or_push` is never used[0m
    [1m[96m--> [0msrc\ui\window\map_viewer\players.rs:1509:4
     [1m[96m|[0m
[1m[96m1509[0m [1m[96m|[0m fn replace_empty_slot_or_push(items: &mut Vec<NbtTag>, slot: i32, item: NbtTag) {
     [1m[96m|[0m    [1m[93m^^^^^^^^^^^^^^^^^^^^^^^^^^[0m

[1m[93mwarning[0m[1m[97m: function `new_item` is never used[0m
    [1m[96m--> [0msrc\ui\window\map_viewer\players.rs:1524:4
     [1m[96m|[0m
[1m[96m1524[0m [1m[96m|[0m fn new_item(name: &str, slot: i32) -> Result<NbtTag, String> {
     [1m[96m|[0m    [1m[93m^^^^^^^^[0m

[1m[93mwarning[0m[1m[97m: function `set_item_slot` is never used[0m
    [1m[96m--> [0msrc\ui\window\map_viewer\players.rs:1547:4
     [1m[96m|[0m
[1m[96m1547[0m [1m[96m|[0m fn set_item_slot(item: &mut NbtTag, slot: i32) -> Result<(), String> {
     [1m[96m|[0m    [1m[93m^^^^^^^^^^^^^[0m

[1m[93mwarning[0m[1m[97m: function `enchant_tag` is never used[0m
    [1m[96m--> [0msrc\ui\window\map_viewer\players.rs:1553:4
     [1m[96m|[0m
[1m[96m1553[0m [1m[96m|[0m fn enchant_tag(id: i16, level: i16) -> NbtTag {
     [1m[96m|[0m    [1m[93m^^^^^^^^^^^[0m

[1m[93mwarning[0m[1m[97m: function `clipboard_text` is never used[0m
    [1m[96m--> [0msrc\ui\window\map_viewer\players.rs:1560:4
     [1m[96m|[0m
[1m[96m1560[0m [1m[96m|[0m fn clipboard_text(cx: &mut Context<MapViewerWindowView>) -> String {
     [1m[96m|[0m    [1m[93m^^^^^^^^^^^^^^[0m

[1m[93mwarning[0m[1m[97m: function `parse_item_id` is never used[0m
    [1m[96m--> [0msrc\ui\window\map_viewer\players.rs:1566:4
     [1m[96m|[0m
[1m[96m1566[0m [1m[96m|[0m fn parse_item_id(text: &str) -> Option<String> {
     [1m[96m|[0m    [1m[93m^^^^^^^^^^^^^[0m

[1m[93mwarning[0m[1m[97m: function `parse_enchant_spec` is never used[0m
    [1m[96m--> [0msrc\ui\window\map_viewer\players.rs:1589:4
     [1m[96m|[0m
[1m[96m1589[0m [1m[96m|[0m fn parse_enchant_spec(text: &str) -> Option<(i16, i16)> {
     [1m[96m|[0m    [1m[93m^^^^^^^^^^^^^^^^^^[0m

[1m[93mwarning[0m[1m[97m: function `player_inventory_summary` is never used[0m
    [1m[96m--> [0msrc\ui\window\map_viewer\players.rs:1842:15
     [1m[96m|[0m
[1m[96m1842[0m [1m[96m|[0m pub(super) fn player_inventory_summary(detail: &PlayerDetail) -> String {
     [1m[96m|[0m               [1m[93m^^^^^^^^^^^^^^^^^^^^^^^^[0m

[1m[93mwarning[0m[1m[97m: function `render_player_item_row` is never used[0m
    [1m[96m--> [0msrc\ui\window\map_viewer\players.rs:1859:15
     [1m[96m|[0m
[1m[96m1859[0m [1m[96m|[0m pub(super) fn render_player_item_row(
     [1m[96m|[0m               [1m[93m^^^^^^^^^^^^^^^^^^^^^^[0m

[1m[93mwarning[0m[1m[97m: methods `rotate_orbit` and `zoom_by_for_mesh` are never used[0m
   [1m[96m--> [0msrc\ui\window\map_viewer/preview_3d_source.rs:103:19
    [1m[96m|[0m
[1m[96m 86[0m [1m[96m|[0m impl Preview3dCamera {
    [1m[96m|[0m [1m[96m--------------------[0m [1m[96mmethods in this implementation[0m
[1m[96m...[0m
[1m[96m103[0m [1m[96m|[0m     pub(super) fn rotate_orbit(&mut self, delta_x: f32, delta_y: f32) {
    [1m[96m|[0m                   [1m[93m^^^^^^^^^^^^[0m
[1m[96m...[0m
[1m[96m111[0m [1m[96m|[0m     pub(super) fn zoom_by_for_mesh(&mut self, factor: f32, mesh: &Preview3dMesh) {
    [1m[96m|[0m                   [1m[93m^^^^^^^^^^^^^^^^[0m

[1m[93mwarning[0m[1m[97m: methods `chunk_mesh_count`, `estimated_cpu_bytes`, `rendered_chunk_count`, and `horizontal_span` are never used[0m
   [1m[96m--> [0msrc\ui\window\map_viewer/preview_3d_source.rs:267:19
    [1m[96m|[0m
[1m[96m259[0m [1m[96m|[0m impl Preview3dMesh {
    [1m[96m|[0m [1m[96m------------------[0m [1m[96mmethods in this implementation[0m
[1m[96m...[0m
[1m[96m267[0m [1m[96m|[0m     pub(super) fn chunk_mesh_count(&self) -> usize {
    [1m[96m|[0m                   [1m[93m^^^^^^^^^^^^^^^^[0m
[1m[96m...[0m
[1m[96m271[0m [1m[96m|[0m     pub(super) fn estimated_cpu_bytes(&self) -> usize {
    [1m[96m|[0m                   [1m[93m^^^^^^^^^^^^^^^^^^^[0m
[1m[96m...[0m
[1m[96m286[0m [1m[96m|[0m     pub(super) fn rendered_chunk_count(&self) -> usize {
    [1m[96m|[0m                   [1m[93m^^^^^^^^^^^^^^^^^^^^[0m
[1m[96m...[0m
[1m[96m299[0m [1m[96m|[0m     pub(super) fn horizontal_span(&self) -> f32 {
    [1m[96m|[0m                   [1m[93m^^^^^^^^^^^^^^^[0m

[1m[93mwarning[0m[1m[97m: field `local_bounds` is never read[0m
   [1m[96m--> [0msrc\ui\window\map_viewer/preview_3d_source.rs:321:5
    [1m[96m|[0m
[1m[96m318[0m [1m[96m|[0m pub(super) struct Preview3dChunkMesh {
    [1m[96m|[0m                   [1m[96m------------------[0m [1m[96mfield in this struct[0m
[1m[96m...[0m
[1m[96m321[0m [1m[96m|[0m     local_bounds: Preview3dMeshBounds,
    [1m[96m|[0m     [1m[93m^^^^^^^^^^^^[0m
    [1m[96m|[0m
    [1m[96m= [0m[1m[97mnote[0m: `Preview3dChunkMesh` has derived impls for the traits `Debug` and `Clone`, but these are intentionally ignored during dead code analysis

[1m[93mwarning[0m[1m[97m: method `estimated_cpu_bytes` is never used[0m
   [1m[96m--> [0msrc\ui\window\map_viewer/preview_3d_source.rs:332:8
    [1m[96m|[0m
[1m[96m331[0m [1m[96m|[0m impl Preview3dChunkMesh {
    [1m[96m|[0m [1m[96m-----------------------[0m [1m[96mmethod in this implementation[0m
[1m[96m332[0m [1m[96m|[0m     fn estimated_cpu_bytes(&self) -> usize {
    [1m[96m|[0m        [1m[93m^^^^^^^^^^^^^^^^^^^[0m

[1m[93mwarning[0m[1m[97m: associated items `from_cuboids` and `with_planes` are never used[0m
   [1m[96m--> [0msrc\ui\window\map_viewer/preview_3d_source.rs:475:8
    [1m[96m|[0m
[1m[96m474[0m [1m[96m|[0m impl Preview3dDetailShape {
    [1m[96m|[0m [1m[96m-------------------------[0m [1m[96massociated items in this implementation[0m
[1m[96m475[0m [1m[96m|[0m     fn from_cuboids(cuboids: impl Into<Vec<Preview3dCuboid>>) -> Self {
    [1m[96m|[0m        [1m[93m^^^^^^^^^^^^[0m
[1m[96m...[0m
[1m[96m482[0m [1m[96m|[0m     fn with_planes(mut self, planes: impl Into<Vec<Preview3dPlane>>) -> Self {
    [1m[96m|[0m        [1m[93m^^^^^^^^^^^[0m

[1m[93mwarning[0m[1m[97m: field `0` is never read[0m
   [1m[96m--> [0msrc\ui\window\map_viewer/preview_3d_source.rs:672:13
    [1m[96m|[0m
[1m[96m672[0m [1m[96m|[0m     Loading(Preview3dBuildStatus),
    [1m[96m|[0m     [1m[96m-------[0m [1m[93m^^^^^^^^^^^^^^^^^^^^[0m
    [1m[96m|[0m     [1m[96m|[0m
    [1m[96m|[0m     [1m[96mfield in this variant[0m
    [1m[96m|[0m
    [1m[96m= [0m[1m[97mnote[0m: `Preview3dStatus` has derived impls for the traits `Debug` and `Clone`, but these are intentionally ignored during dead code analysis
[1m[96mhelp[0m: consider changing the field to be of unit type to suppress this warning while preserving the field numbering, or remove the field
    [1m[96m|[0m
[1m[96m672[0m [91m- [0m    Loading([91mPreview3dBuildStatus[0m),
[1m[96m672[0m [92m+ [0m    Loading([92m()[0m),
    [1m[96m|[0m

[1m[93mwarning[0m[1m[97m: field `0` is never read[0m
   [1m[96m--> [0msrc\ui\window\map_viewer/preview_3d_source.rs:674:15
    [1m[96m|[0m
[1m[96m674[0m [1m[96m|[0m     NoSurface(SharedString),
    [1m[96m|[0m     [1m[96m---------[0m [1m[93m^^^^^^^^^^^^[0m
    [1m[96m|[0m     [1m[96m|[0m
    [1m[96m|[0m     [1m[96mfield in this variant[0m
    [1m[96m|[0m
    [1m[96m= [0m[1m[97mnote[0m: `Preview3dStatus` has derived impls for the traits `Debug` and `Clone`, but these are intentionally ignored during dead code analysis
[1m[96mhelp[0m: consider changing the field to be of unit type to suppress this warning while preserving the field numbering, or remove the field
    [1m[96m|[0m
[1m[96m674[0m [91m- [0m    NoSurface([91mSharedString[0m),
[1m[96m674[0m [92m+ [0m    NoSurface([92m()[0m),
    [1m[96m|[0m

[1m[93mwarning[0m[1m[97m: field `0` is never read[0m
   [1m[96m--> [0msrc\ui\window\map_viewer/preview_3d_source.rs:675:11
    [1m[96m|[0m
[1m[96m675[0m [1m[96m|[0m     Error(SharedString),
    [1m[96m|[0m     [1m[96m-----[0m [1m[93m^^^^^^^^^^^^[0m
    [1m[96m|[0m     [1m[96m|[0m
    [1m[96m|[0m     [1m[96mfield in this variant[0m
    [1m[96m|[0m
    [1m[96m= [0m[1m[97mnote[0m: `Preview3dStatus` has derived impls for the traits `Debug` and `Clone`, but these are intentionally ignored during dead code analysis
[1m[96mhelp[0m: consider changing the field to be of unit type to suppress this warning while preserving the field numbering, or remove the field
    [1m[96m|[0m
[1m[96m675[0m [91m- [0m    Error([91mSharedString[0m),
[1m[96m675[0m [92m+ [0m    Error([92m()[0m),
    [1m[96m|[0m

[1m[93mwarning[0m[1m[97m: field `phase` is never read[0m
   [1m[96m--> [0msrc\ui\window\map_viewer/preview_3d_source.rs:680:16
    [1m[96m|[0m
[1m[96m679[0m [1m[96m|[0m pub(super) struct Preview3dBuildStatus {
    [1m[96m|[0m                   [1m[96m--------------------[0m [1m[96mfield in this struct[0m
[1m[96m680[0m [1m[96m|[0m     pub(super) phase: SharedString,
    [1m[96m|[0m                [1m[93m^^^^^[0m
    [1m[96m|[0m
    [1m[96m= [0m[1m[97mnote[0m: `Preview3dBuildStatus` has derived impls for the traits `Debug` and `Clone`, but these are intentionally ignored during dead code analysis

[1m[93mwarning[0m[1m[97m: struct `Preview3dState` is never constructed[0m
   [1m[96m--> [0msrc\ui\window\map_viewer/preview_3d_source.rs:700:19
    [1m[96m|[0m
[1m[96m700[0m [1m[96m|[0m pub(super) struct Preview3dState {
    [1m[96m|[0m                   [1m[93m^^^^^^^^^^^^^^[0m

[1m[93mwarning[0m[1m[97m: methods `clear_resources`, `estimated_surface_bytes`, `clear_surface`, `clear_navigation_input`, `reset_view_and_model`, and `tick_motion` are never used[0m
   [1m[96m--> [0msrc\ui\window\map_viewer/preview_3d_source.rs:742:19
    [1m[96m|[0m
[1m[96m741[0m [1m[96m|[0m impl Preview3dState {
    [1m[96m|[0m [1m[96m-------------------[0m [1m[96mmethods in this implementation[0m
[1m[96m742[0m [1m[96m|[0m     pub(super) fn clear_resources(&mut self, clear_pipeline: bool) {
    [1m[96m|[0m                   [1m[93m^^^^^^^^^^^^^^^[0m
[1m[96m...[0m
[1m[96m754[0m [1m[96m|[0m     pub(super) fn estimated_surface_bytes(&self) -> usize {
    [1m[96m|[0m                   [1m[93m^^^^^^^^^^^^^^^^^^^^^^^[0m
[1m[96m...[0m
[1m[96m758[0m [1m[96m|[0m     pub(super) fn clear_surface(&mut self) {
    [1m[96m|[0m                   [1m[93m^^^^^^^^^^^^^[0m
[1m[96m...[0m
[1m[96m763[0m [1m[96m|[0m     pub(super) fn clear_navigation_input(&mut self) {
    [1m[96m|[0m                   [1m[93m^^^^^^^^^^^^^^^^^^^^^^[0m
[1m[96m...[0m
[1m[96m768[0m [1m[96m|[0m     pub(super) fn reset_view_and_model(&mut self) {
    [1m[96m|[0m                   [1m[93m^^^^^^^^^^^^^^^^^^^^[0m
[1m[96m...[0m
[1m[96m775[0m [1m[96m|[0m     pub(super) fn tick_motion(&mut self, now: Instant, focused: bool) -> bool {
    [1m[96m|[0m                   [1m[93m^^^^^^^^^^^[0m

[1m[93mwarning[0m[1m[97m: function `preview_3d_collect_chunk_blocks` is never used[0m
    [1m[96m--> [0msrc\ui\window\map_viewer/preview_3d_source.rs:1953:4
     [1m[96m|[0m
[1m[96m1953[0m [1m[96m|[0m fn preview_3d_collect_chunk_blocks(chunk: &ChunkData) -> Result<Preview3dChunkBlocks, String> {
     [1m[96m|[0m    [1m[93m^^^^^^^^^^^^^^^^^^^^^^^^^^^^^^^[0m

[1m[93mwarning[0m[1m[97m: function `preview_3d_is_pane_like_block` is never used[0m
    [1m[96m--> [0msrc\ui\window\map_viewer/preview_3d_source.rs:3922:4
     [1m[96m|[0m
[1m[96m3922[0m [1m[96m|[0m fn preview_3d_is_pane_like_block(normalized: &str) -> bool {
     [1m[96m|[0m    [1m[93m^^^^^^^^^^^^^^^^^^^^^^^^^^^^^[0m

[1m[93mwarning[0m[1m[97m: function `preview_3d_chunk_mesh_is_visible` is never used[0m
    [1m[96m--> [0msrc\ui\window\map_viewer/preview_3d_source.rs:4444:15
     [1m[96m|[0m
[1m[96m4444[0m [1m[96m|[0m pub(super) fn preview_3d_chunk_mesh_is_visible(
     [1m[96m|[0m               [1m[93m^^^^^^^^^^^^^^^^^^^^^^^^^^^^^^^^[0m

[1m[93mwarning[0m[1m[97m: function `preview_3d_bounds_intersect_clip_space` is never used[0m
    [1m[96m--> [0msrc\ui\window\map_viewer/preview_3d_source.rs:4451:4
     [1m[96m|[0m
[1m[96m4451[0m [1m[96m|[0m fn preview_3d_bounds_intersect_clip_space(
     [1m[96m|[0m    [1m[93m^^^^^^^^^^^^^^^^^^^^^^^^^^^^^^^^^^^^^^[0m

[1m[93mwarning[0m[1m[97m: function `preview_3d_draw_parameters` is never used[0m
    [1m[96m--> [0msrc\ui\window\map_viewer/preview_3d_source.rs:4896:15
     [1m[96m|[0m
[1m[96m4896[0m [1m[96m|[0m pub(super) fn preview_3d_draw_parameters(
     [1m[96m|[0m               [1m[93m^^^^^^^^^^^^^^^^^^^^^^^^^^[0m

[1m[93mwarning[0m[1m[97m: function `mat4_mul_vec4` is never used[0m
    [1m[96m--> [0msrc\ui\window\map_viewer/preview_3d_source.rs:5015:4
     [1m[96m|[0m
[1m[96m5015[0m [1m[96m|[0m fn mat4_mul_vec4(matrix: [[f32; 4]; 4], value: [f32; 4]) -> [f32; 4] {
     [1m[96m|[0m    [1m[93m^^^^^^^^^^^^^[0m

[1m[93mwarning[0m[1m[97m: function `preview_3d_block_face_from_direction` is never used[0m
    [1m[96m--> [0msrc\ui\window\map_viewer/preview_3d_source.rs:5137:4
     [1m[96m|[0m
[1m[96m5137[0m [1m[96m|[0m fn preview_3d_block_face_from_direction(direction: Preview3dCardinalDirection) -> BlockFace {
     [1m[96m|[0m    [1m[93m^^^^^^^^^^^^^^^^^^^^^^^^^^^^^^^^^^^^[0m

[1m[93mwarning[0m[1m[97m: methods `refresh_preview_3d`, `preview_3d_status_label`, and `preview_3d_empty_label` are never used[0m
   [1m[96m--> [0msrc\ui\window\map_viewer\preview_panel.rs:23:19
    [1m[96m|[0m
[1m[96m  5[0m [1m[96m|[0m impl MapViewerWindowView {
    [1m[96m|[0m [1m[96m------------------------[0m [1m[96mmethods in this implementation[0m
[1m[96m...[0m
[1m[96m 23[0m [1m[96m|[0m     pub(super) fn refresh_preview_3d(&mut self, cx: &mut Context<Self>) {
    [1m[96m|[0m                   [1m[93m^^^^^^^^^^^^^^^^^^[0m
[1m[96m...[0m
[1m[96m419[0m [1m[96m|[0m     pub(super) fn preview_3d_status_label(&self) -> SharedString {
    [1m[96m|[0m                   [1m[93m^^^^^^^^^^^^^^^^^^^^^^^[0m
[1m[96m...[0m
[1m[96m482[0m [1m[96m|[0m     pub(super) fn preview_3d_empty_label(&self) -> SharedString {
    [1m[96m|[0m                   [1m[93m^^^^^^^^^^^^^^^^^^^^^^[0m

[1m[93mwarning[0m[1m[97m: variants `Selection`, `Detail`, and `History` are never constructed[0m
  [1m[96m--> [0msrc\ui\window\map_viewer\query_cache.rs:21:5
   [1m[96m|[0m
[1m[96m16[0m [1m[96m|[0m pub(super) enum MapQueryKind {
   [1m[96m|[0m                 [1m[96m------------[0m [1m[96mvariants in this enum[0m
[1m[96m...[0m
[1m[96m21[0m [1m[96m|[0m     Selection,
   [1m[96m|[0m     [1m[93m^^^^^^^^^[0m
[1m[96m22[0m [1m[96m|[0m     Detail,
   [1m[96m|[0m     [1m[93m^^^^^^[0m
[1m[96m23[0m [1m[96m|[0m     History,
   [1m[96m|[0m     [1m[93m^^^^^^^[0m
   [1m[96m|[0m
   [1m[96m= [0m[1m[97mnote[0m: `MapQueryKind` has derived impls for the traits `Debug` and `Clone`, but these are intentionally ignored during dead code analysis

[1m[93mwarning[0m[1m[97m: method `active` is never used[0m
   [1m[96m--> [0msrc\ui\window\map_viewer\query_cache.rs:156:19
    [1m[96m|[0m
[1m[96m102[0m [1m[96m|[0m impl MapQueryCoordinator {
    [1m[96m|[0m [1m[96m------------------------[0m [1m[96mmethod in this implementation[0m
[1m[96m...[0m
[1m[96m156[0m [1m[96m|[0m     pub(super) fn active(&self) -> usize {
    [1m[96m|[0m                   [1m[93m^^^^^^[0m

[1m[93mwarning[0m[1m[97m: function `selection_chunks` is never used[0m
   [1m[96m--> [0msrc\ui\window\map_viewer\selection.rs:393:15
    [1m[96m|[0m
[1m[96m393[0m [1m[96m|[0m pub(super) fn selection_chunks(
    [1m[96m|[0m               [1m[93m^^^^^^^^^^^^^^^^[0m

[1m[93mwarning[0m[1m[97m: fields `loading`, `loaded`, `expanded`, and `error` are never read[0m
   [1m[96m--> [0msrc\ui\window\map_viewer\state.rs:152:9
    [1m[96m|[0m
[1m[96m146[0m [1m[96m|[0m pub struct DbTreeNode {
    [1m[96m|[0m            [1m[96m----------[0m [1m[96mfields in this struct[0m
[1m[96m...[0m
[1m[96m152[0m [1m[96m|[0m     pub loading: bool,
    [1m[96m|[0m         [1m[93m^^^^^^^[0m
[1m[96m153[0m [1m[96m|[0m     pub loaded: bool,
    [1m[96m|[0m         [1m[93m^^^^^^[0m
[1m[96m154[0m [1m[96m|[0m     pub expanded: bool,
    [1m[96m|[0m         [1m[93m^^^^^^^^[0m
[1m[96m155[0m [1m[96m|[0m     pub error: Option<SharedString>,
    [1m[96m|[0m         [1m[93m^^^^^[0m
    [1m[96m|[0m
    [1m[96m= [0m[1m[97mnote[0m: `DbTreeNode` has derived impls for the traits `Debug` and `Clone`, but these are intentionally ignored during dead code analysis

[1m[93mwarning[0m[1m[97m: function `tile_texture_render_layout` is never used[0m
 [1m[96m--> [0msrc\ui\window\map_viewer\tile_render.rs:8:21
  [1m[96m|[0m
[1m[96m8[0m [1m[96m|[0m pub(super) const fn tile_texture_render_layout(
  [1m[96m|[0m                     [1m[93m^^^^^^^^^^^^^^^^^^^^^^^^^^[0m

[1m[93mwarning[0m[1m[97m: function `render_chunk_patches_blocking` is never used[0m
  [1m[96m--> [0msrc\ui\window\map_viewer\tile_render.rs:62:15
   [1m[96m|[0m
[1m[96m62[0m [1m[96m|[0m pub(super) fn render_chunk_patches_blocking(
   [1m[96m|[0m               [1m[93m^^^^^^^^^^^^^^^^^^^^^^^^^^^^^[0m

[1m[93mwarning[0m[1m[97m: function `tile_texture_render_layout` is never used[0m
  [1m[96m--> [0msrc\ui\window\map_viewer\tile_render_composite.rs:25:21
   [1m[96m|[0m
[1m[96m25[0m [1m[96m|[0m pub(super) const fn tile_texture_render_layout(
   [1m[96m|[0m                     [1m[93m^^^^^^^^^^^^^^^^^^^^^^^^^^[0m

[1m[93mwarning[0m[1m[97m: struct `ChunkPatchRenderRequest` is never constructed[0m
   [1m[96m--> [0msrc\ui\window\map_viewer\tile_render_core.rs:161:19
    [1m[96m|[0m
[1m[96m161[0m [1m[96m|[0m pub(super) struct ChunkPatchRenderRequest {
    [1m[96m|[0m                   [1m[93m^^^^^^^^^^^^^^^^^^^^^^^[0m

[1m[93mwarning[0m[1m[97m: struct `ChunkPatchRefreshPlan` is never constructed[0m
   [1m[96m--> [0msrc\ui\window\map_viewer\tile_render_core.rs:175:19
    [1m[96m|[0m
[1m[96m175[0m [1m[96m|[0m pub(super) struct ChunkPatchRefreshPlan {
    [1m[96m|[0m                   [1m[93m^^^^^^^^^^^^^^^^^^^^^[0m

[1m[93mwarning[0m[1m[97m: struct `ChunkPatchRenderResult` is never constructed[0m
   [1m[96m--> [0msrc\ui\window\map_viewer\tile_render_core.rs:182:19
    [1m[96m|[0m
[1m[96m182[0m [1m[96m|[0m pub(super) struct ChunkPatchRenderResult {
    [1m[96m|[0m                   [1m[93m^^^^^^^^^^^^^^^^^^^^^^[0m

[1m[93mwarning[0m[1m[97m: fields `width`, `height`, and `rendered_tiles` are never read[0m
   [1m[96m--> [0msrc\ui\window\map_viewer\tile_render_core.rs:208:16
    [1m[96m|[0m
[1m[96m205[0m [1m[96m|[0m pub(super) struct ViewportCompositeFrame {
    [1m[96m|[0m                   [1m[96m----------------------[0m [1m[96mfields in this struct[0m
[1m[96m...[0m
[1m[96m208[0m [1m[96m|[0m     pub(super) width: u32,
    [1m[96m|[0m                [1m[93m^^^^^[0m
[1m[96m209[0m [1m[96m|[0m     pub(super) height: u32,
    [1m[96m|[0m                [1m[93m^^^^^^[0m
[1m[96m210[0m [1m[96m|[0m     pub(super) estimated_bytes: usize,
[1m[96m211[0m [1m[96m|[0m     pub(super) rendered_tiles: usize,
    [1m[96m|[0m                [1m[93m^^^^^^^^^^^^^^[0m

[1m[93mwarning[0m[1m[97m: function `render_viewport_composite_stream` is never used[0m
   [1m[96m--> [0msrc\ui\window\map_viewer\tile_render_core.rs:464:15
    [1m[96m|[0m
[1m[96m464[0m [1m[96m|[0m pub(super) fn render_viewport_composite_stream(
    [1m[96m|[0m               [1m[93m^^^^^^^^^^^^^^^^^^^^^^^^^^^^^^^^[0m

[1m[93mwarning[0m[1m[97m: struct `ViewportTileCompositor` is never constructed[0m
   [1m[96m--> [0msrc\ui\window\map_viewer\tile_render_core.rs:630:8
    [1m[96m|[0m
[1m[96m630[0m [1m[96m|[0m struct ViewportTileCompositor {
    [1m[96m|[0m        [1m[93m^^^^^^^^^^^^^^^^^^^^^^[0m

[1m[93mwarning[0m[1m[97m: associated items `new`, `blend_tile`, `finish_frame`, and `rendered_tiles` are never used[0m
   [1m[96m--> [0msrc\ui\window\map_viewer\tile_render_core.rs:642:8
    [1m[96m|[0m
[1m[96m641[0m [1m[96m|[0m impl ViewportTileCompositor {
    [1m[96m|[0m [1m[96m---------------------------[0m [1m[96massociated items in this implementation[0m
[1m[96m642[0m [1m[96m|[0m     fn new(
    [1m[96m|[0m        [1m[93m^^^[0m
[1m[96m...[0m
[1m[96m663[0m [1m[96m|[0m     fn blend_tile(&mut self, coord: (i32, i32), tile: &DecodedTileImage) -> Result<(), String> {
    [1m[96m|[0m        [1m[93m^^^^^^^^^^[0m
[1m[96m...[0m
[1m[96m763[0m [1m[96m|[0m     fn finish_frame(&mut self) -> Result<Option<ViewportCompositeFrame>, String> {
    [1m[96m|[0m        [1m[93m^^^^^^^^^^^^[0m
[1m[96m...[0m
[1m[96m782[0m [1m[96m|[0m     fn rendered_tiles(&self) -> usize {
    [1m[96m|[0m        [1m[93m^^^^^^^^^^^^^^[0m

[1m[93mwarning[0m[1m[97m: function `render_chunk_patches_blocking` is never used[0m
   [1m[96m--> [0msrc\ui\window\map_viewer\tile_render_core.rs:803:15
    [1m[96m|[0m
[1m[96m803[0m [1m[96m|[0m pub(super) fn render_chunk_patches_blocking(
    [1m[96m|[0m               [1m[93m^^^^^^^^^^^^^^^^^^^^^^^^^^^^^[0m

[1m[93mwarning[0m[1m[97m: function `merge_chunk_patch_into_tile_pixels` is never used[0m
   [1m[96m--> [0msrc\ui\window\map_viewer\tile_render_core.rs:931:15
    [1m[96m|[0m
[1m[96m931[0m [1m[96m|[0m pub(super) fn merge_chunk_patch_into_tile_pixels(
    [1m[96m|[0m               [1m[93m^^^^^^^^^^^^^^^^^^^^^^^^^^^^^^^^^^[0m

[1m[93mwarning[0m[1m[97m: function `chunks_for_tile` is never used[0m
    [1m[96m--> [0msrc\ui\window\map_viewer\tile_render_core.rs:1036:15
     [1m[96m|[0m
[1m[96m1036[0m [1m[96m|[0m pub(super) fn chunks_for_tile(
     [1m[96m|[0m               [1m[93m^^^^^^^^^^^^^^^[0m

[1m[93mwarning[0m[1m[97m: function `check_metadata_cancelled` is never used[0m
    [1m[96m--> [0msrc\ui\window\map_viewer\tile_render_core.rs:1120:15
     [1m[96m|[0m
[1m[96m1120[0m [1m[96m|[0m pub(super) fn check_metadata_cancelled(cancel: &RenderTaskControl) -> Result<(), String> {
     [1m[96m|[0m               [1m[93m^^^^^^^^^^^^^^^^^^^^^^^^[0m

[1m[93mwarning[0m[1m[97m: function `chunk_bounds_from_positions` is never used[0m
    [1m[96m--> [0msrc\ui\window\map_viewer\tile_render_core.rs:1127:15
     [1m[96m|[0m
[1m[96m1127[0m [1m[96m|[0m pub(super) fn chunk_bounds_from_positions(
     [1m[96m|[0m               [1m[93m^^^^^^^^^^^^^^^^^^^^^^^^^^^[0m

[1m[93mwarning[0m[1m[97m: function `merge_chunk_bounds` is never used[0m
    [1m[96m--> [0msrc\ui\window\map_viewer\tile_render_core.rs:1150:15
     [1m[96m|[0m
[1m[96m1150[0m [1m[96m|[0m pub(super) fn merge_chunk_bounds(
     [1m[96m|[0m               [1m[93m^^^^^^^^^^^^^^^^^^[0m

[1m[93mwarning[0m[1m[97m: function `web_relief_render_layout` is never used[0m
    [1m[96m--> [0msrc\ui\window\map_viewer\tile_render_core.rs:1168:15
     [1m[96m|[0m
[1m[96m1168[0m [1m[96m|[0m pub(super) fn web_relief_render_layout() -> RenderLayout {
     [1m[96m|[0m               [1m[93m^^^^^^^^^^^^^^^^^^^^^^^^[0m

[1m[93mwarning[0m[1m[97m: function `tile_texture_render_layout` is never used[0m
    [1m[96m--> [0msrc\ui\window\map_viewer\tile_render_core.rs:1176:15
     [1m[96m|[0m
[1m[96m1176[0m [1m[96m|[0m pub(super) fn tile_texture_render_layout(
     [1m[96m|[0m               [1m[93m^^^^^^^^^^^^^^^^^^^^^^^^^^[0m

[1m[93mwarning[0m[1m[97m: function `normalize_tile_chunk_positions` is never used[0m
    [1m[96m--> [0msrc\ui\window\map_viewer\tile_render_core.rs:1476:15
     [1m[96m|[0m
[1m[96m1476[0m [1m[96m|[0m pub(super) fn normalize_tile_chunk_positions(
     [1m[96m|[0m               [1m[93m^^^^^^^^^^^^^^^^^^^^^^^^^^^^^^[0m

[1m[93mwarning[0m[1m[97m: function `ui_tile_chunk_positions_for_render` is never used[0m
    [1m[96m--> [0msrc\ui\window\map_viewer\tile_render_core.rs:1521:15
     [1m[96m|[0m
[1m[96m1521[0m [1m[96m|[0m pub(super) fn ui_tile_chunk_positions_for_render(
     [1m[96m|[0m               [1m[93m^^^^^^^^^^^^^^^^^^^^^^^^^^^^^^^^^^[0m

[1m[93mwarning[0m[1m[97m: function `requeue_active_render_tiles_after_cancel` is never used[0m
  [1m[96m--> [0msrc\ui\window\map_viewer\tile_state.rs:59:15
   [1m[96m|[0m
[1m[96m59[0m [1m[96m|[0m pub(super) fn requeue_active_render_tiles_after_cancel(
   [1m[96m|[0m               [1m[93m^^^^^^^^^^^^^^^^^^^^^^^^^^^^^^^^^^^^^^^^[0m

[1m[93mwarning[0m[1m[97m: associated function `new` is never used[0m
   [1m[96m--> [0msrc\ui\window\map_viewer\tile_state.rs:106:19
    [1m[96m|[0m
[1m[96m105[0m [1m[96m|[0m impl TileReadyBatcher {
    [1m[96m|[0m [1m[96m---------------------[0m [1m[96massociated function in this implementation[0m
[1m[96m106[0m [1m[96m|[0m     pub(super) fn new(quick_reveal: bool) -> Self {
    [1m[96m|[0m                   [1m[93m^^^[0m

[1m[93mwarning[0m[1m[97m: method `subtract` is never used[0m
   [1m[96m--> [0msrc\ui\window\map_viewer\tile_state.rs:235:8
    [1m[96m|[0m
[1m[96m180[0m [1m[96m|[0m impl TileLoadStateCounts {
    [1m[96m|[0m [1m[96m------------------------[0m [1m[96mmethod in this implementation[0m
[1m[96m...[0m
[1m[96m235[0m [1m[96m|[0m     fn subtract(&mut self, removed: TileLoadStateCounts) {
    [1m[96m|[0m        [1m[93m^^^^^^^^[0m

[1m[93mwarning[0m[1m[97m: multiple methods are never used[0m
    [1m[96m--> [0msrc\ui\window\map_viewer\tile_state.rs:426:19
     [1m[96m|[0m
[1m[96m 316[0m [1m[96m|[0m impl RegionManager {
     [1m[96m|[0m [1m[96m------------------[0m [1m[96mmethods in this implementation[0m
[1m[96m...[0m
[1m[96m 426[0m [1m[96m|[0m     pub(super) fn force_refresh_tiles(
     [1m[96m|[0m                   [1m[93m^^^^^^^^^^^^^^^^^^^[0m
[1m[96m...[0m
[1m[96m 461[0m [1m[96m|[0m     pub(super) fn loaded_tile(&self, coord: (i32, i32)) -> Option<ViewerTile> {
     [1m[96m|[0m                   [1m[93m^^^^^^^^^^^[0m
[1m[96m...[0m
[1m[96m 488[0m [1m[96m|[0m     pub(super) fn retain_tiles_by(
     [1m[96m|[0m                   [1m[93m^^^^^^^^^^^^^^^[0m
[1m[96m...[0m
[1m[96m 611[0m [1m[96m|[0m     pub(super) fn queued_coords(
     [1m[96m|[0m                   [1m[93m^^^^^^^^^^^^^[0m
[1m[96m...[0m
[1m[96m 718[0m [1m[96m|[0m     pub(super) fn queued_visible_coords_limited(
     [1m[96m|[0m                   [1m[93m^^^^^^^^^^^^^^^^^^^^^^^^^^^^^[0m
[1m[96m...[0m
[1m[96m 917[0m [1m[96m|[0m     pub(super) fn mark_loaded_from_cache(
     [1m[96m|[0m                   [1m[93m^^^^^^^^^^^^^^^^^^^^^^[0m
[1m[96m...[0m
[1m[96m1101[0m [1m[96m|[0m     pub(super) fn invalid_count(&self) -> usize {
     [1m[96m|[0m                   [1m[93m^^^^^^^^^^^^^[0m

[1m[93mwarning[0m[1m[97m: enum `MapLayerKind` is never used[0m
   [1m[96m--> [0msrc\ui\window\map_viewer\view.rs:466:17
    [1m[96m|[0m
[1m[96m466[0m [1m[96m|[0m pub(super) enum MapLayerKind {
    [1m[96m|[0m                 [1m[93m^^^^^^^^^^^^[0m

[1m[93mwarning[0m[1m[97m: function `map_render_layer_order` is never used[0m
   [1m[96m--> [0msrc\ui\window\map_viewer\view.rs:473:15
    [1m[96m|[0m
[1m[96m473[0m [1m[96m|[0m pub(super) fn map_render_layer_order() -> [MapLayerKind; 4] {
    [1m[96m|[0m               [1m[93m^^^^^^^^^^^^^^^^^^^^^^[0m

[1m[93mwarning[0m[1m[97m: function `tile_bounds_center` is never used[0m
   [1m[96m--> [0msrc\ui\window\map_viewer\viewport.rs:383:15
    [1m[96m|[0m
[1m[96m383[0m [1m[96m|[0m pub(super) fn tile_bounds_center(bounds: TileBounds) -> (i32, i32) {
    [1m[96m|[0m               [1m[93m^^^^^^^^^^^^^^^^^^[0m

[1m[93mwarning[0m[1m[97m: method `visible_only` is never used[0m
   [1m[96m--> [0msrc\ui\window\map_viewer\viewport.rs:563:25
    [1m[96m|[0m
[1m[96m544[0m [1m[96m|[0m impl RetainedTileFilter {
    [1m[96m|[0m [1m[96m-----------------------[0m [1m[96mmethod in this implementation[0m
[1m[96m...[0m
[1m[96m563[0m [1m[96m|[0m     pub(super) const fn visible_only(self) -> Self {
    [1m[96m|[0m                         [1m[93m^^^^^^^^^^^^[0m

[1m[93mwarning[0m[1m[97m: function `tiles_are_sorted_center_first` is never used[0m
   [1m[96m--> [0msrc\ui\window\map_viewer\viewport.rs:739:15
    [1m[96m|[0m
[1m[96m739[0m [1m[96m|[0m pub(super) fn tiles_are_sorted_center_first(coords: &[(i32, i32)], center: (i32, i32)) -> bool {
    [1m[96m|[0m               [1m[93m^^^^^^^^^^^^^^^^^^^^^^^^^^^^^[0m

[1m[93mwarning[0m[1m[97m: field `title` is never read[0m
   [1m[96m--> [0msrc\utils\diagnostics.rs:109:9
    [1m[96m|[0m
[1m[96m108[0m [1m[96m|[0m pub struct DiagnosticsSharePayload {
    [1m[96m|[0m            [1m[96m-----------------------[0m [1m[96mfield in this struct[0m
[1m[96m109[0m [1m[96m|[0m     pub title: String,
    [1m[96m|[0m         [1m[93m^^^^^[0m
    [1m[96m|[0m
    [1m[96m= [0m[1m[97mnote[0m: `DiagnosticsSharePayload` has derived impls for the traits `Debug` and `Clone`, but these are intentionally ignored during dead code analysis

[1m[93mwarning[0m[1m[97m: function `runners_dir` is never used[0m
  [1m[96m--> [0msrc\utils\file_ops.rs:85:8
   [1m[96m|[0m
[1m[96m85[0m [1m[96m|[0m pub fn runners_dir() -> PathBuf {
   [1m[96m|[0m        [1m[93m^^^^^^^^^^^[0m

[1m[93mwarning[0m[1m[97m: function `prefixes_dir` is never used[0m
  [1m[96m--> [0msrc\utils\file_ops.rs:89:8
   [1m[96m|[0m
[1m[96m89[0m [1m[96m|[0m pub fn prefixes_dir() -> PathBuf {
   [1m[96m|[0m        [1m[93m^^^^^^^^^^^^[0m

[1m[93mwarning[0m[1m[97m: function `pick_directory_path_for_window` is never used[0m
  [1m[96m--> [0msrc\utils\file_picker.rs:74:8
   [1m[96m|[0m
[1m[96m74[0m [1m[96m|[0m pub fn pick_directory_path_for_window(window: &Window) -> Option<String> {
   [1m[96m|[0m        [1m[93m^^^^^^^^^^^^^^^^^^^^^^^^^^^^^^[0m

[1m[93mwarning[0m[1m[97m: function `pick_file_paths_with_filter` is never used[0m
   [1m[96m--> [0msrc\utils\file_picker.rs:115:8
    [1m[96m|[0m
[1m[96m115[0m [1m[96m|[0m pub fn pick_file_paths_with_filter(filter_name: &str, extensions: &[&str]) -> Vec<String> {
    [1m[96m|[0m        [1m[93m^^^^^^^^^^^^^^^^^^^^^^^^^^^[0m

[1m[93mwarning[0m[1m[97m: function `log` is never used[0m
   [1m[96m--> [0msrc\utils\logger.rs:340:8
    [1m[96m|[0m
[1m[96m340[0m [1m[96m|[0m pub fn log(level: &str, message: &str) {
    [1m[96m|[0m        [1m[93m^^^[0m

[1m[93mwarning[0m[1m[97m: constant `DEFAULT_TRIM_FORCE` is never used[0m
  [1m[96m--> [0msrc\utils\memory.rs:10:7
   [1m[96m|[0m
[1m[96m10[0m [1m[96m|[0m const DEFAULT_TRIM_FORCE: bool = false;
   [1m[96m|[0m       [1m[93m^^^^^^^^^^^^^^^^^^[0m

[1m[93mwarning[0m[1m[97m: function `trigger_gc` is never used[0m
   [1m[96m--> [0msrc\utils\memory.rs:148:8
    [1m[96m|[0m
[1m[96m148[0m [1m[96m|[0m pub fn trigger_gc() {
    [1m[96m|[0m        [1m[93m^^^^^^^^^^[0m

[1m[93mwarning[0m[1m[97m: function `force_memory_cleanup` is never used[0m
   [1m[96m--> [0msrc\utils\memory.rs:171:8
    [1m[96m|[0m
[1m[96m171[0m [1m[96m|[0m pub fn force_memory_cleanup() -> MemoryStats {
    [1m[96m|[0m        [1m[93m^^^^^^^^^^^^^^^^^^^^[0m

[1m[93mwarning[0m[1m[97m: struct `MemoryManager` is never constructed[0m
   [1m[96m--> [0msrc\utils\memory.rs:182:12
    [1m[96m|[0m
[1m[96m182[0m [1m[96m|[0m pub struct MemoryManager {
    [1m[96m|[0m            [1m[93m^^^^^^^^^^^^^[0m

[1m[93mwarning[0m[1m[97m: associated items `new`, `should_cleanup`, `cleanup`, and `cleanup_if_needed` are never used[0m
   [1m[96m--> [0msrc\utils\memory.rs:192:12
    [1m[96m|[0m
[1m[96m191[0m [1m[96m|[0m impl MemoryManager {
    [1m[96m|[0m [1m[96m------------------[0m [1m[96massociated items in this implementation[0m
[1m[96m192[0m [1m[96m|[0m     pub fn new(cleanup_interval_secs: u64, memory_threshold_kb: u64) -> Self {
    [1m[96m|[0m            [1m[93m^^^[0m
[1m[96m...[0m
[1m[96m201[0m [1m[96m|[0m     pub fn should_cleanup(&self) -> bool {
    [1m[96m|[0m            [1m[93m^^^^^^^^^^^^^^[0m
[1m[96m...[0m
[1m[96m209[0m [1m[96m|[0m     pub fn cleanup(&self) -> MemoryStats {
    [1m[96m|[0m            [1m[93m^^^^^^^[0m
[1m[96m...[0m
[1m[96m229[0m [1m[96m|[0m     pub fn cleanup_if_needed(&self) -> Option<MemoryStats> {
    [1m[96m|[0m            [1m[93m^^^^^^^^^^^^^^^^^[0m

[1m[93mwarning[0m[1m[97m: function `current_unix_seconds` is never used[0m
   [1m[96m--> [0msrc\utils\memory.rs:245:4
    [1m[96m|[0m
[1m[96m245[0m [1m[96m|[0m fn current_unix_seconds() -> u64 {
    [1m[96m|[0m    [1m[93m^^^^^^^^^^^^^^^^^^^^[0m

[1m[93mwarning[0m[1m[97m: function `spawn_memory_cleanup_task` is never used[0m
   [1m[96m--> [0msrc\utils\memory.rs:253:8
    [1m[96m|[0m
[1m[96m253[0m [1m[96m|[0m pub fn spawn_memory_cleanup_task(
    [1m[96m|[0m        [1m[93m^^^^^^^^^^^^^^^^^^^^^^^^^[0m

[1m[93mwarning[0m[1m[97m: function `spawn_startup_memory_cleanup_task` is never used[0m
   [1m[96m--> [0msrc\utils\memory.rs:270:8
    [1m[96m|[0m
[1m[96m270[0m [1m[96m|[0m pub fn spawn_startup_memory_cleanup_task(delay_secs: u64) -> std::thread::JoinHandle<()> {
    [1m[96m|[0m        [1m[93m^^^^^^^^^^^^^^^^^^^^^^^^^^^^^^^^^[0m

[1m[93mwarning[0m[1m[97m: function `probe_gdk_asset_cdns` is never used[0m
  [1m[96m--> [0msrc\utils\network.rs:36:14
   [1m[96m|[0m
[1m[96m36[0m [1m[96m|[0m pub async fn probe_gdk_asset_cdns(
   [1m[96m|[0m              [1m[93m^^^^^^^^^^^^^^^^^^^^[0m

[1m[93mwarning[0m[1m[97m: struct `ApplyUpdateArgs` is never constructed[0m
  [1m[96m--> [0msrc\utils\updater.rs:20:12
   [1m[96m|[0m
[1m[96m20[0m [1m[96m|[0m pub struct ApplyUpdateArgs {
   [1m[96m|[0m            [1m[93m^^^^^^^^^^^^^^^[0m

[1m[97mFor more information about this error, try `rustc --explain E0133`.[0m
[1m[93mwarning[0m: `bmcbl` (lib) generated 730 warnings (run `cargo fix --lib -p bmcbl` to apply 186 suggestions)
[1m[92m    Finished[0m `dev` profile [optimized + debuginfo] target(s) in 9m 34s
